2026-03-11 13:47:05.230 | INFO     | __main__:declare_mission_params:176 - All params declared
2026-03-11 13:47:05.230 | INFO     | __main__:initializeMissionParameters:236 - prediction_horizon: 50
2026-03-11 13:47:05.230 | INFO     | __main__:initializeMissionParameters:237 - Successfully loaded parameters
2026-03-11 13:47:05.230 | INFO     | __main__:initializeROSTopics:262 - odom_topic: odometry/imu
2026-03-11 13:47:05.230 | INFO     | __main__:initializeROSTopics:263 - pcl_topic:  filtered_pointcloud
2026-03-11 13:47:05.230 | INFO     | __main__:initializeROSTopics:276 - Successfully loaded topics
2026-03-11 13:48:15.553 | INFO     | __main__:declare_mission_params:176 - All params declared
2026-03-11 13:48:15.554 | INFO     | __main__:initializeMissionParameters:236 - prediction_horizon: 50
2026-03-11 13:48:15.554 | INFO     | __main__:initializeMissionParameters:237 - Successfully loaded parameters
2026-03-11 13:48:15.554 | INFO     | __main__:initializeROSTopics:262 - odom_topic: odometry/imu
2026-03-11 13:48:15.554 | INFO     | __main__:initializeROSTopics:263 - pcl_topic:  filtered_pointcloud
2026-03-11 13:48:15.554 | INFO     | __main__:initializeROSTopics:276 - Successfully loaded topics
2026-03-11 13:48:20.559 | WARNING  | __main__:_wait_for_initial_messages:312 - No pointcloud received on 'filtered_pointcloud' after 5.0s
2026-03-11 13:48:20.559 | INFO     | __main__:initializeROSTopics:301 - Successfully loaded topics
2026-03-11 13:48:20.560 | INFO     | inspection_planner.planner_core:initializeMissionParameters:82 - pred_horz 50
2026-03-11 13:48:20.560 | INFO     | inspection_planner.planner_core:initializeMissionParameters:133 - Successfully loaded parameters
2026-03-11 13:48:20.560 | INFO     | inspection_planner.planner_core:__init__:28 - Planner Core Initialized
2026-03-11 13:48:20.560 | DEBUG    | __main__:__init__:52 - Initializing Planning ...
2026-03-11 13:48:20.560 | INFO     | __main__:_make_or_update_timer:96 - Tick rate set to 1.00 Hz (period 1.000 s)
2026-03-11 13:49:31.675 | INFO     | __main__:declare_mission_params:176 - All params declared
2026-03-11 13:49:31.675 | INFO     | __main__:initializeMissionParameters:236 - prediction_horizon: 50
2026-03-11 13:49:31.675 | INFO     | __main__:initializeMissionParameters:237 - Successfully loaded parameters
2026-03-11 13:49:31.675 | INFO     | __main__:initializeROSTopics:262 - odom_topic: odometry/imu
2026-03-11 13:49:31.675 | INFO     | __main__:initializeROSTopics:263 - pcl_topic:  filtered_pointcloud
2026-03-11 13:49:31.675 | INFO     | __main__:initializeROSTopics:276 - Successfully loaded topics
2026-03-11 13:49:36.685 | WARNING  | __main__:_wait_for_initial_messages:312 - No pointcloud received on 'filtered_pointcloud' after 5.0s
2026-03-11 13:49:36.685 | INFO     | __main__:initializeROSTopics:301 - Successfully loaded topics
2026-03-11 13:49:36.685 | INFO     | inspection_planner.planner_core:initializeMissionParameters:82 - pred_horz 50
2026-03-11 13:49:36.685 | INFO     | inspection_planner.planner_core:initializeMissionParameters:133 - Successfully loaded parameters
2026-03-11 13:49:36.685 | INFO     | inspection_planner.planner_core:__init__:28 - Planner Core Initialized
2026-03-11 13:49:36.685 | DEBUG    | __main__:__init__:52 - Initializing Planning ...
2026-03-11 13:49:36.685 | INFO     | __main__:_make_or_update_timer:96 - Tick rate set to 1.00 Hz (period 1.000 s)
2026-03-11 13:50:48.244 | INFO     | __main__:declare_mission_params:176 - All params declared
2026-03-11 13:50:48.244 | INFO     | __main__:initializeMissionParameters:236 - prediction_horizon: 50
2026-03-11 13:50:48.244 | INFO     | __main__:initializeMissionParameters:237 - Successfully loaded parameters
2026-03-11 13:50:48.244 | INFO     | __main__:initializeROSTopics:262 - odom_topic: odometry/imu
2026-03-11 13:50:48.244 | INFO     | __main__:initializeROSTopics:263 - pcl_topic:  filtered_pointcloud
2026-03-11 13:50:48.244 | INFO     | __main__:initializeROSTopics:276 - Successfully loaded topics
2026-03-11 13:50:53.257 | WARNING  | __main__:_wait_for_initial_messages:312 - No pointcloud received on 'filtered_pointcloud' after 5.0s
2026-03-11 13:50:53.257 | INFO     | __main__:initializeROSTopics:301 - Successfully loaded topics
2026-03-11 13:50:53.257 | INFO     | inspection_planner.planner_core:initializeMissionParameters:82 - pred_horz 50
2026-03-11 13:50:53.257 | INFO     | inspection_planner.planner_core:initializeMissionParameters:133 - Successfully loaded parameters
2026-03-11 13:50:53.257 | INFO     | inspection_planner.planner_core:__init__:28 - Planner Core Initialized
2026-03-11 13:50:53.257 | DEBUG    | __main__:__init__:52 - Initializing Planning ...
2026-03-11 13:50:53.258 | INFO     | __main__:_make_or_update_timer:96 - Tick rate set to 1.00 Hz (period 1.000 s)
2026-03-11 13:51:34.900 | INFO     | __main__:declare_mission_params:176 - All params declared
2026-03-11 13:51:34.900 | INFO     | __main__:initializeMissionParameters:236 - prediction_horizon: 50
2026-03-11 13:51:34.900 | INFO     | __main__:initializeMissionParameters:237 - Successfully loaded parameters
2026-03-11 13:51:34.900 | INFO     | __main__:initializeROSTopics:262 - odom_topic: odometry/imu
2026-03-11 13:51:34.900 | INFO     | __main__:initializeROSTopics:263 - pcl_topic:  filtered_pointcloud
2026-03-11 13:51:34.900 | INFO     | __main__:initializeROSTopics:276 - Successfully loaded topics
2026-03-11 13:51:39.916 | WARNING  | __main__:_wait_for_initial_messages:310 - No odometry received on 'odometry/imu' after 5.0s
2026-03-11 13:51:39.916 | WARNING  | __main__:_wait_for_initial_messages:312 - No pointcloud received on 'filtered_pointcloud' after 5.0s
2026-03-11 13:51:39.916 | INFO     | __main__:initializeROSTopics:301 - Successfully loaded topics
2026-03-11 13:51:39.916 | INFO     | inspection_planner.planner_core:initializeMissionParameters:82 - pred_horz 50
2026-03-11 13:51:39.916 | INFO     | inspection_planner.planner_core:initializeMissionParameters:133 - Successfully loaded parameters
2026-03-11 13:51:39.916 | INFO     | inspection_planner.planner_core:__init__:28 - Planner Core Initialized
2026-03-11 13:51:39.916 | DEBUG    | __main__:__init__:52 - Initializing Planning ...
2026-03-11 13:51:39.916 | INFO     | __main__:_make_or_update_timer:96 - Tick rate set to 1.00 Hz (period 1.000 s)
2026-03-11 13:53:05.973 | INFO     | __main__:declare_mission_params:176 - All params declared
2026-03-11 13:53:05.973 | INFO     | __main__:initializeMissionParameters:236 - prediction_horizon: 50
2026-03-11 13:53:05.973 | INFO     | __main__:initializeMissionParameters:237 - Successfully loaded parameters
2026-03-11 13:53:05.974 | INFO     | __main__:initializeROSTopics:262 - odom_topic: odometry/imu
2026-03-11 13:53:05.974 | INFO     | __main__:initializeROSTopics:263 - pcl_topic:  filtered_pointcloud
2026-03-11 13:53:05.974 | INFO     | __main__:initializeROSTopics:276 - Successfully loaded topics
2026-03-11 13:53:10.985 | WARNING  | __main__:_wait_for_initial_messages:312 - No pointcloud received on 'filtered_pointcloud' after 5.0s
2026-03-11 13:53:10.985 | INFO     | __main__:initializeROSTopics:301 - Successfully loaded topics
2026-03-11 13:53:10.985 | INFO     | inspection_planner.planner_core:initializeMissionParameters:82 - pred_horz 50
2026-03-11 13:53:10.985 | INFO     | inspection_planner.planner_core:initializeMissionParameters:133 - Successfully loaded parameters
2026-03-11 13:53:10.985 | INFO     | inspection_planner.planner_core:__init__:28 - Planner Core Initialized
2026-03-11 13:53:10.985 | DEBUG    | __main__:__init__:52 - Initializing Planning ...
2026-03-11 13:53:10.985 | INFO     | __main__:_make_or_update_timer:96 - Tick rate set to 1.00 Hz (period 1.000 s)
2026-03-11 14:03:47.069 | DEBUG    | __main__:_tick:497 - [View planning] Took: 0.058 s
2026-03-11 14:03:48.052 | DEBUG    | __main__:_tick:497 - [View planning] Took: 0.058 s
2026-03-11 14:03:49.055 | DEBUG    | __main__:_tick:497 - [View planning] Took: 0.060 s
2026-03-11 14:03:50.064 | DEBUG    | __main__:_tick:497 - [View planning] Took: 0.069 s
2026-03-11 14:03:51.074 | DEBUG    | __main__:_tick:497 - [View planning] Took: 0.080 s
2026-03-11 14:03:52.064 | DEBUG    | __main__:_tick:497 - [View planning] Took: 0.069 s
2026-03-11 14:03:53.072 | DEBUG    | __main__:_tick:497 - [View planning] Took: 0.077 s
2026-03-11 14:03:54.085 | DEBUG    | __main__:_tick:497 - [View planning] Took: 0.090 s
2026-03-11 14:03:55.057 | DEBUG    | __main__:_tick:497 - [View planning] Took: 0.062 s
2026-03-11 14:03:56.049 | DEBUG    | __main__:_tick:497 - [View planning] Took: 0.052 s
2026-03-11 14:03:57.048 | DEBUG    | __main__:_tick:497 - [View planning] Took: 0.052 s
2026-03-11 14:03:58.047 | DEBUG    | __main__:_tick:497 - [View planning] Took: 0.044 s
2026-03-11 14:03:59.050 | DEBUG    | __main__:_tick:497 - [View planning] Took: 0.055 s
2026-03-11 14:04:00.049 | DEBUG    | __main__:_tick:497 - [View planning] Took: 0.055 s
2026-03-11 14:04:01.053 | DEBUG    | __main__:_tick:497 - [View planning] Took: 0.057 s
2026-03-11 14:04:02.048 | DEBUG    | __main__:_tick:497 - [View planning] Took: 0.055 s
2026-03-11 14:04:03.049 | DEBUG    | __main__:_tick:497 - [View planning] Took: 0.055 s
2026-03-11 14:04:04.050 | DEBUG    | __main__:_tick:497 - [View planning] Took: 0.056 s
2026-03-11 14:04:05.045 | DEBUG    | __main__:_tick:497 - [View planning] Took: 0.047 s
2026-03-11 14:04:06.045 | DEBUG    | __main__:_tick:497 - [View planning] Took: 0.051 s
2026-03-11 14:04:07.045 | DEBUG    | __main__:_tick:497 - [View planning] Took: 0.050 s
2026-03-11 14:04:08.061 | DEBUG    | __main__:_tick:497 - [View planning] Took: 0.066 s
2026-03-11 14:04:09.068 | DEBUG    | __main__:_tick:497 - [View planning] Took: 0.072 s
2026-03-11 14:04:10.050 | DEBUG    | __main__:_tick:497 - [View planning] Took: 0.054 s
2026-03-11 14:04:11.054 | DEBUG    | __main__:_tick:497 - [View planning] Took: 0.058 s
2026-03-11 14:04:12.059 | DEBUG    | __main__:_tick:497 - [View planning] Took: 0.062 s
2026-03-11 14:04:13.079 | DEBUG    | __main__:_tick:497 - [View planning] Took: 0.083 s
2026-03-11 14:04:14.088 | DEBUG    | __main__:_tick:497 - [View planning] Took: 0.092 s
2026-03-11 14:04:15.092 | DEBUG    | __main__:_tick:497 - [View planning] Took: 0.096 s
2026-03-11 14:04:16.103 | DEBUG    | __main__:_tick:497 - [View planning] Took: 0.098 s
2026-03-11 14:04:17.095 | DEBUG    | __main__:_tick:497 - [View planning] Took: 0.090 s
2026-03-11 14:04:18.091 | DEBUG    | __main__:_tick:497 - [View planning] Took: 0.095 s
2026-03-11 14:04:19.090 | DEBUG    | __main__:_tick:497 - [View planning] Took: 0.089 s
2026-03-11 14:04:20.084 | DEBUG    | __main__:_tick:497 - [View planning] Took: 0.089 s
2026-03-11 14:04:21.087 | DEBUG    | __main__:_tick:497 - [View planning] Took: 0.091 s
2026-03-11 14:04:22.094 | DEBUG    | __main__:_tick:497 - [View planning] Took: 0.097 s
2026-03-11 14:04:23.089 | DEBUG    | __main__:_tick:497 - [View planning] Took: 0.092 s
2026-03-11 14:04:24.088 | DEBUG    | __main__:_tick:497 - [View planning] Took: 0.092 s
2026-03-11 14:04:25.095 | DEBUG    | __main__:_tick:497 - [View planning] Took: 0.099 s
2026-03-11 14:04:26.063 | DEBUG    | __main__:_tick:497 - [View planning] Took: 0.068 s
2026-03-11 14:04:27.073 | DEBUG    | __main__:_tick:497 - [View planning] Took: 0.078 s
2026-03-11 14:04:28.062 | DEBUG    | __main__:_tick:497 - [View planning] Took: 0.067 s
2026-03-11 14:04:29.074 | DEBUG    | __main__:_tick:497 - [View planning] Took: 0.079 s
2026-03-11 14:04:30.060 | DEBUG    | __main__:_tick:497 - [View planning] Took: 0.065 s
2026-03-11 14:04:38.711 | INFO     | __main__:declare_mission_params:176 - All params declared
2026-03-11 14:04:38.711 | INFO     | __main__:initializeMissionParameters:236 - prediction_horizon: 50
2026-03-11 14:04:38.711 | INFO     | __main__:initializeMissionParameters:237 - Successfully loaded parameters
2026-03-11 14:04:38.711 | INFO     | __main__:initializeROSTopics:262 - odom_topic: odometry/imu
2026-03-11 14:04:38.711 | INFO     | __main__:initializeROSTopics:263 - pcl_topic:  filtered_pointcloud
2026-03-11 14:04:38.711 | INFO     | __main__:initializeROSTopics:276 - Successfully loaded topics
2026-03-11 14:04:39.449 | INFO     | __main__:initializeROSTopics:301 - Successfully loaded topics
2026-03-11 14:04:39.449 | INFO     | inspection_planner.planner_core:initializeMissionParameters:82 - pred_horz 50
2026-03-11 14:04:39.450 | INFO     | inspection_planner.planner_core:initializeMissionParameters:133 - Successfully loaded parameters
2026-03-11 14:04:39.450 | INFO     | inspection_planner.planner_core:__init__:28 - Planner Core Initialized
2026-03-11 14:04:39.450 | DEBUG    | __main__:__init__:52 - Initializing Planning ...
2026-03-11 14:04:39.450 | INFO     | __main__:_make_or_update_timer:96 - Tick rate set to 1.00 Hz (period 1.000 s)
2026-03-11 14:04:40.520 | DEBUG    | __main__:_tick:497 - [View planning] Took: 0.061 s
2026-03-11 14:04:41.520 | DEBUG    | __main__:_tick:497 - [View planning] Took: 0.062 s
2026-03-11 14:04:42.520 | DEBUG    | __main__:_tick:497 - [View planning] Took: 0.062 s
2026-03-11 14:04:43.518 | DEBUG    | __main__:_tick:497 - [View planning] Took: 0.060 s
2026-03-11 14:04:44.516 | DEBUG    | __main__:_tick:497 - [View planning] Took: 0.059 s
2026-03-11 14:04:45.507 | DEBUG    | __main__:_tick:497 - [View planning] Took: 0.050 s
2026-03-11 14:04:46.511 | DEBUG    | __main__:_tick:497 - [View planning] Took: 0.054 s
2026-03-11 14:04:47.510 | DEBUG    | __main__:_tick:497 - [View planning] Took: 0.053 s
2026-03-11 14:04:48.510 | DEBUG    | __main__:_tick:497 - [View planning] Took: 0.053 s
2026-03-11 14:04:49.509 | DEBUG    | __main__:_tick:497 - [View planning] Took: 0.052 s
2026-03-11 14:04:50.519 | DEBUG    | __main__:_tick:497 - [View planning] Took: 0.060 s
2026-03-11 14:04:51.518 | DEBUG    | __main__:_tick:497 - [View planning] Took: 0.060 s
2026-03-11 14:04:52.507 | DEBUG    | __main__:_tick:497 - [View planning] Took: 0.050 s
2026-03-11 14:04:53.502 | DEBUG    | __main__:_tick:497 - [View planning] Took: 0.044 s
2026-03-11 14:04:54.502 | DEBUG    | __main__:_tick:497 - [View planning] Took: 0.045 s
2026-03-11 14:04:55.503 | DEBUG    | __main__:_tick:497 - [View planning] Took: 0.046 s
2026-03-11 14:04:56.502 | DEBUG    | __main__:_tick:497 - [View planning] Took: 0.045 s
2026-03-11 14:04:57.504 | DEBUG    | __main__:_tick:497 - [View planning] Took: 0.047 s
2026-03-11 14:04:58.510 | DEBUG    | __main__:_tick:497 - [View planning] Took: 0.053 s
2026-03-11 14:04:59.511 | DEBUG    | __main__:_tick:497 - [View planning] Took: 0.054 s
2026-03-11 14:05:00.517 | DEBUG    | __main__:_tick:497 - [View planning] Took: 0.053 s
2026-03-11 14:05:01.509 | DEBUG    | __main__:_tick:497 - [View planning] Took: 0.051 s
2026-03-11 14:05:02.512 | DEBUG    | __main__:_tick:497 - [View planning] Took: 0.054 s
2026-03-11 14:05:03.507 | DEBUG    | __main__:_tick:497 - [View planning] Took: 0.050 s
2026-03-11 14:05:04.511 | DEBUG    | __main__:_tick:497 - [View planning] Took: 0.054 s
2026-03-11 14:05:05.515 | DEBUG    | __main__:_tick:497 - [View planning] Took: 0.057 s
2026-03-11 14:05:06.514 | DEBUG    | __main__:_tick:497 - [View planning] Took: 0.056 s
2026-03-11 14:05:07.515 | DEBUG    | __main__:_tick:497 - [View planning] Took: 0.057 s
2026-03-11 14:05:08.517 | DEBUG    | __main__:_tick:497 - [View planning] Took: 0.059 s
2026-03-11 14:05:09.537 | DEBUG    | __main__:_tick:497 - [View planning] Took: 0.079 s
2026-03-11 14:05:10.537 | DEBUG    | __main__:_tick:497 - [View planning] Took: 0.078 s
2026-03-11 14:05:11.526 | DEBUG    | __main__:_tick:497 - [View planning] Took: 0.068 s
2026-03-11 14:05:12.521 | DEBUG    | __main__:_tick:497 - [View planning] Took: 0.063 s
2026-03-11 14:05:13.510 | DEBUG    | __main__:_tick:497 - [View planning] Took: 0.051 s
2026-03-11 14:05:14.503 | DEBUG    | __main__:_tick:497 - [View planning] Took: 0.045 s
2026-03-11 14:05:15.509 | DEBUG    | __main__:_tick:497 - [View planning] Took: 0.044 s
2026-03-11 14:05:16.516 | DEBUG    | __main__:_tick:497 - [View planning] Took: 0.055 s
2026-03-11 14:05:17.503 | DEBUG    | __main__:_tick:497 - [View planning] Took: 0.045 s
2026-03-11 14:05:18.509 | DEBUG    | __main__:_tick:497 - [View planning] Took: 0.051 s
2026-03-11 14:05:19.511 | DEBUG    | __main__:_tick:497 - [View planning] Took: 0.053 s
2026-03-11 14:05:20.517 | DEBUG    | __main__:_tick:497 - [View planning] Took: 0.060 s
2026-03-11 14:05:21.511 | DEBUG    | __main__:_tick:497 - [View planning] Took: 0.053 s
2026-03-11 14:05:22.506 | DEBUG    | __main__:_tick:497 - [View planning] Took: 0.048 s
2026-03-11 14:05:23.512 | DEBUG    | __main__:_tick:497 - [View planning] Took: 0.054 s
2026-03-11 14:05:24.516 | DEBUG    | __main__:_tick:497 - [View planning] Took: 0.058 s
2026-03-11 14:05:25.519 | DEBUG    | __main__:_tick:497 - [View planning] Took: 0.060 s
2026-03-11 14:05:26.523 | DEBUG    | __main__:_tick:497 - [View planning] Took: 0.064 s
2026-03-11 14:05:27.521 | DEBUG    | __main__:_tick:497 - [View planning] Took: 0.063 s
2026-03-11 14:05:28.520 | DEBUG    | __main__:_tick:497 - [View planning] Took: 0.061 s
2026-03-11 14:05:29.504 | DEBUG    | __main__:_tick:497 - [View planning] Took: 0.046 s
2026-03-11 14:05:30.508 | DEBUG    | __main__:_tick:497 - [View planning] Took: 0.050 s
2026-03-11 14:05:31.504 | DEBUG    | __main__:_tick:497 - [View planning] Took: 0.045 s
2026-03-11 14:05:32.507 | DEBUG    | __main__:_tick:497 - [View planning] Took: 0.049 s
2026-03-11 14:05:33.500 | DEBUG    | __main__:_tick:497 - [View planning] Took: 0.043 s
2026-03-11 14:05:34.507 | DEBUG    | __main__:_tick:497 - [View planning] Took: 0.049 s
2026-03-11 14:05:35.502 | DEBUG    | __main__:_tick:497 - [View planning] Took: 0.044 s
2026-03-11 14:05:36.527 | DEBUG    | __main__:_tick:497 - [View planning] Took: 0.062 s
2026-03-11 14:05:37.520 | DEBUG    | __main__:_tick:497 - [View planning] Took: 0.062 s
2026-03-11 14:05:38.514 | DEBUG    | __main__:_tick:497 - [View planning] Took: 0.055 s
2026-03-11 14:05:39.512 | DEBUG    | __main__:_tick:497 - [View planning] Took: 0.053 s
2026-03-11 14:05:40.519 | DEBUG    | __main__:_tick:497 - [View planning] Took: 0.060 s
2026-03-11 14:05:41.516 | DEBUG    | __main__:_tick:497 - [View planning] Took: 0.057 s
2026-03-11 14:05:42.516 | DEBUG    | __main__:_tick:497 - [View planning] Took: 0.055 s
2026-03-11 14:05:43.503 | DEBUG    | __main__:_tick:497 - [View planning] Took: 0.045 s
2026-03-11 14:05:44.517 | DEBUG    | __main__:_tick:497 - [View planning] Took: 0.059 s
2026-03-11 14:05:45.503 | DEBUG    | __main__:_tick:497 - [View planning] Took: 0.045 s
2026-03-11 14:05:46.511 | DEBUG    | __main__:_tick:497 - [View planning] Took: 0.052 s
2026-03-11 14:05:47.505 | DEBUG    | __main__:_tick:497 - [View planning] Took: 0.046 s
2026-03-11 14:05:48.510 | DEBUG    | __main__:_tick:497 - [View planning] Took: 0.050 s
2026-03-11 14:05:49.507 | DEBUG    | __main__:_tick:497 - [View planning] Took: 0.045 s
2026-03-11 14:05:50.505 | DEBUG    | __main__:_tick:497 - [View planning] Took: 0.046 s
2026-03-11 14:05:51.522 | DEBUG    | __main__:_tick:497 - [View planning] Took: 0.055 s
2026-03-11 14:05:52.506 | DEBUG    | __main__:_tick:497 - [View planning] Took: 0.047 s
2026-03-11 14:05:53.511 | DEBUG    | __main__:_tick:497 - [View planning] Took: 0.053 s
2026-03-11 14:05:54.504 | DEBUG    | __main__:_tick:497 - [View planning] Took: 0.045 s
2026-03-11 14:05:55.507 | DEBUG    | __main__:_tick:497 - [View planning] Took: 0.049 s
2026-03-11 14:05:56.511 | DEBUG    | __main__:_tick:497 - [View planning] Took: 0.051 s
2026-03-11 14:05:57.510 | DEBUG    | __main__:_tick:497 - [View planning] Took: 0.051 s
2026-03-11 14:05:58.505 | DEBUG    | __main__:_tick:497 - [View planning] Took: 0.046 s
2026-03-11 14:05:59.509 | DEBUG    | __main__:_tick:497 - [View planning] Took: 0.045 s
2026-03-11 14:06:00.511 | DEBUG    | __main__:_tick:497 - [View planning] Took: 0.052 s
2026-03-11 14:06:01.502 | DEBUG    | __main__:_tick:497 - [View planning] Took: 0.044 s
2026-03-11 14:06:02.509 | DEBUG    | __main__:_tick:497 - [View planning] Took: 0.051 s
2026-03-11 14:06:03.504 | DEBUG    | __main__:_tick:497 - [View planning] Took: 0.046 s
2026-03-11 14:06:04.510 | DEBUG    | __main__:_tick:497 - [View planning] Took: 0.051 s
2026-03-11 14:06:05.502 | DEBUG    | __main__:_tick:497 - [View planning] Took: 0.044 s
2026-03-11 14:06:06.511 | DEBUG    | __main__:_tick:497 - [View planning] Took: 0.052 s
2026-03-11 14:06:07.505 | DEBUG    | __main__:_tick:497 - [View planning] Took: 0.046 s
2026-03-11 14:06:08.511 | DEBUG    | __main__:_tick:497 - [View planning] Took: 0.052 s
2026-03-11 14:06:09.522 | DEBUG    | __main__:_tick:497 - [View planning] Took: 0.057 s
2026-03-11 14:06:10.511 | DEBUG    | __main__:_tick:497 - [View planning] Took: 0.052 s
2026-03-11 14:06:11.517 | DEBUG    | __main__:_tick:497 - [View planning] Took: 0.058 s
2026-03-11 14:06:12.518 | DEBUG    | __main__:_tick:497 - [View planning] Took: 0.060 s
2026-03-11 14:06:13.516 | DEBUG    | __main__:_tick:497 - [View planning] Took: 0.057 s
2026-03-11 14:06:14.517 | DEBUG    | __main__:_tick:497 - [View planning] Took: 0.058 s
2026-03-11 14:06:15.511 | DEBUG    | __main__:_tick:497 - [View planning] Took: 0.053 s
2026-03-11 14:06:16.513 | DEBUG    | __main__:_tick:497 - [View planning] Took: 0.055 s
2026-03-11 14:06:17.511 | DEBUG    | __main__:_tick:497 - [View planning] Took: 0.053 s
2026-03-11 14:06:18.501 | DEBUG    | __main__:_tick:497 - [View planning] Took: 0.044 s
2026-03-11 14:06:19.506 | DEBUG    | __main__:_tick:497 - [View planning] Took: 0.049 s
2026-03-11 14:06:20.501 | DEBUG    | __main__:_tick:497 - [View planning] Took: 0.044 s
2026-03-11 14:06:21.505 | DEBUG    | __main__:_tick:497 - [View planning] Took: 0.048 s
2026-03-11 14:06:22.502 | DEBUG    | __main__:_tick:497 - [View planning] Took: 0.045 s
2026-03-11 14:06:23.506 | DEBUG    | __main__:_tick:497 - [View planning] Took: 0.049 s
2026-03-11 14:06:24.500 | DEBUG    | __main__:_tick:497 - [View planning] Took: 0.043 s
2026-03-11 14:06:25.504 | DEBUG    | __main__:_tick:497 - [View planning] Took: 0.047 s
2026-03-11 14:06:26.495 | DEBUG    | __main__:_tick:497 - [View planning] Took: 0.039 s
2026-03-11 14:06:27.495 | DEBUG    | __main__:_tick:497 - [View planning] Took: 0.039 s
2026-03-11 14:06:28.498 | DEBUG    | __main__:_tick:497 - [View planning] Took: 0.043 s
2026-03-11 14:06:29.499 | DEBUG    | __main__:_tick:497 - [View planning] Took: 0.040 s
2026-03-11 14:06:30.492 | DEBUG    | __main__:_tick:497 - [View planning] Took: 0.037 s
2026-03-11 14:06:31.485 | DEBUG    | __main__:_tick:497 - [View planning] Took: 0.030 s
2026-03-11 14:06:32.495 | DEBUG    | __main__:_tick:497 - [View planning] Took: 0.041 s
2026-03-11 14:06:33.491 | DEBUG    | __main__:_tick:497 - [View planning] Took: 0.037 s
2026-03-11 14:06:34.491 | DEBUG    | __main__:_tick:497 - [View planning] Took: 0.037 s
2026-03-11 14:06:35.506 | DEBUG    | __main__:_tick:497 - [View planning] Took: 0.050 s
2026-03-11 14:06:36.499 | DEBUG    | __main__:_tick:497 - [View planning] Took: 0.044 s
2026-03-11 14:06:37.508 | DEBUG    | __main__:_tick:497 - [View planning] Took: 0.050 s
2026-03-11 14:06:38.506 | DEBUG    | __main__:_tick:497 - [View planning] Took: 0.050 s
2026-03-11 14:06:39.521 | DEBUG    | __main__:_tick:497 - [View planning] Took: 0.059 s
2026-03-11 14:06:40.500 | DEBUG    | __main__:_tick:497 - [View planning] Took: 0.044 s
2026-03-11 14:06:41.506 | DEBUG    | __main__:_tick:497 - [View planning] Took: 0.048 s
2026-03-11 14:06:42.499 | DEBUG    | __main__:_tick:497 - [View planning] Took: 0.043 s
2026-03-11 14:06:43.500 | DEBUG    | __main__:_tick:497 - [View planning] Took: 0.044 s
2026-03-11 14:06:44.493 | DEBUG    | __main__:_tick:497 - [View planning] Took: 0.037 s
2026-03-11 14:06:45.492 | DEBUG    | __main__:_tick:497 - [View planning] Took: 0.037 s
2026-03-11 14:06:46.491 | DEBUG    | __main__:_tick:497 - [View planning] Took: 0.035 s
2026-03-11 14:06:47.491 | DEBUG    | __main__:_tick:497 - [View planning] Took: 0.035 s
2026-03-11 14:06:48.498 | DEBUG    | __main__:_tick:497 - [View planning] Took: 0.043 s
2026-03-11 14:06:49.495 | DEBUG    | __main__:_tick:497 - [View planning] Took: 0.037 s
2026-03-11 14:06:50.497 | DEBUG    | __main__:_tick:497 - [View planning] Took: 0.038 s
2026-03-11 14:06:51.511 | DEBUG    | __main__:_tick:497 - [View planning] Took: 0.050 s
2026-03-11 14:06:52.499 | DEBUG    | __main__:_tick:497 - [View planning] Took: 0.038 s
2026-03-11 14:06:53.500 | DEBUG    | __main__:_tick:497 - [View planning] Took: 0.044 s
2026-03-11 14:06:54.494 | DEBUG    | __main__:_tick:497 - [View planning] Took: 0.038 s
2026-03-11 14:06:55.493 | DEBUG    | __main__:_tick:497 - [View planning] Took: 0.037 s
2026-03-11 14:06:56.503 | DEBUG    | __main__:_tick:497 - [View planning] Took: 0.045 s
2026-03-11 14:06:57.505 | DEBUG    | __main__:_tick:497 - [View planning] Took: 0.043 s
2026-03-11 14:06:58.497 | DEBUG    | __main__:_tick:497 - [View planning] Took: 0.040 s
2026-03-11 14:06:59.506 | DEBUG    | __main__:_tick:497 - [View planning] Took: 0.043 s
2026-03-11 14:07:00.502 | DEBUG    | __main__:_tick:497 - [View planning] Took: 0.040 s
2026-03-11 14:07:01.509 | DEBUG    | __main__:_tick:497 - [View planning] Took: 0.051 s
2026-03-11 14:07:02.502 | DEBUG    | __main__:_tick:497 - [View planning] Took: 0.044 s
2026-03-11 14:07:03.508 | DEBUG    | __main__:_tick:497 - [View planning] Took: 0.045 s
2026-03-11 14:07:04.502 | DEBUG    | __main__:_tick:497 - [View planning] Took: 0.044 s
2026-03-11 14:07:05.509 | DEBUG    | __main__:_tick:497 - [View planning] Took: 0.051 s
2026-03-11 14:07:06.510 | DEBUG    | __main__:_tick:497 - [View planning] Took: 0.052 s
2026-03-11 14:07:07.511 | DEBUG    | __main__:_tick:497 - [View planning] Took: 0.053 s
2026-03-11 14:07:08.504 | DEBUG    | __main__:_tick:497 - [View planning] Took: 0.046 s
2026-03-11 14:07:09.520 | DEBUG    | __main__:_tick:497 - [View planning] Took: 0.061 s
2026-03-11 14:07:10.513 | DEBUG    | __main__:_tick:497 - [View planning] Took: 0.055 s
2026-03-11 14:07:11.505 | DEBUG    | __main__:_tick:497 - [View planning] Took: 0.046 s
2026-03-11 14:07:12.528 | DEBUG    | __main__:_tick:497 - [View planning] Took: 0.062 s
2026-03-11 14:07:13.515 | DEBUG    | __main__:_tick:497 - [View planning] Took: 0.054 s
2026-03-11 14:07:14.507 | DEBUG    | __main__:_tick:497 - [View planning] Took: 0.048 s
2026-03-11 14:07:15.514 | DEBUG    | __main__:_tick:497 - [View planning] Took: 0.055 s
2026-03-11 14:07:16.507 | DEBUG    | __main__:_tick:497 - [View planning] Took: 0.049 s
2026-03-11 14:07:17.513 | DEBUG    | __main__:_tick:497 - [View planning] Took: 0.054 s
2026-03-11 14:07:18.504 | DEBUG    | __main__:_tick:497 - [View planning] Took: 0.045 s
2026-03-11 14:07:19.517 | DEBUG    | __main__:_tick:497 - [View planning] Took: 0.057 s
2026-03-11 14:07:20.502 | DEBUG    | __main__:_tick:497 - [View planning] Took: 0.044 s
2026-03-11 14:07:21.496 | DEBUG    | __main__:_tick:497 - [View planning] Took: 0.038 s
2026-03-11 14:07:22.496 | DEBUG    | __main__:_tick:497 - [View planning] Took: 0.038 s
2026-03-11 14:07:23.508 | DEBUG    | __main__:_tick:497 - [View planning] Took: 0.051 s
2026-03-11 14:07:24.511 | DEBUG    | __main__:_tick:497 - [View planning] Took: 0.053 s
2026-03-11 14:07:25.502 | DEBUG    | __main__:_tick:497 - [View planning] Took: 0.045 s
2026-03-11 14:07:26.509 | DEBUG    | __main__:_tick:497 - [View planning] Took: 0.051 s
2026-03-11 14:07:27.511 | DEBUG    | __main__:_tick:497 - [View planning] Took: 0.047 s
2026-03-11 14:07:28.513 | DEBUG    | __main__:_tick:497 - [View planning] Took: 0.056 s
2026-03-11 14:07:29.527 | DEBUG    | __main__:_tick:497 - [View planning] Took: 0.070 s
2026-03-11 14:07:30.540 | DEBUG    | __main__:_tick:497 - [View planning] Took: 0.083 s
2026-03-11 14:07:31.537 | DEBUG    | __main__:_tick:497 - [View planning] Took: 0.073 s
2026-03-11 14:07:32.519 | DEBUG    | __main__:_tick:497 - [View planning] Took: 0.059 s
2026-03-11 14:07:33.511 | DEBUG    | __main__:_tick:497 - [View planning] Took: 0.054 s
2026-03-11 14:07:34.504 | DEBUG    | __main__:_tick:497 - [View planning] Took: 0.047 s
2026-03-11 14:07:35.705 | DEBUG    | __main__:_tick:497 - [View planning] Took: 0.224 s
2026-03-11 14:07:36.703 | DEBUG    | __main__:_tick:497 - [View planning] Took: 0.222 s
2026-03-11 14:07:37.712 | DEBUG    | __main__:_tick:497 - [View planning] Took: 0.226 s
2026-03-11 14:07:38.713 | DEBUG    | __main__:_tick:497 - [View planning] Took: 0.229 s
2026-03-11 14:07:39.747 | DEBUG    | __main__:_tick:497 - [View planning] Took: 0.266 s
2026-03-11 14:07:40.627 | DEBUG    | __main__:_tick:497 - [View planning] Took: 0.146 s
2026-03-11 14:07:41.719 | DEBUG    | __main__:_tick:497 - [View planning] Took: 0.231 s
2026-03-11 14:07:43.784 | INFO     | __main__:declare_mission_params:176 - All params declared
2026-03-11 14:07:43.784 | INFO     | __main__:initializeMissionParameters:236 - prediction_horizon: 50
2026-03-11 14:07:43.784 | INFO     | __main__:initializeMissionParameters:237 - Successfully loaded parameters
2026-03-11 14:07:43.784 | INFO     | __main__:initializeROSTopics:262 - odom_topic: odometry/imu
2026-03-11 14:07:43.784 | INFO     | __main__:initializeROSTopics:263 - pcl_topic:  filtered_pointcloud
2026-03-11 14:07:43.784 | INFO     | __main__:initializeROSTopics:276 - Successfully loaded topics
2026-03-11 14:07:44.646 | INFO     | __main__:initializeROSTopics:301 - Successfully loaded topics
2026-03-11 14:07:44.646 | INFO     | inspection_planner.planner_core:initializeMissionParameters:82 - pred_horz 50
2026-03-11 14:07:44.646 | INFO     | inspection_planner.planner_core:initializeMissionParameters:133 - Successfully loaded parameters
2026-03-11 14:07:44.646 | INFO     | inspection_planner.planner_core:__init__:28 - Planner Core Initialized
2026-03-11 14:07:44.646 | DEBUG    | __main__:__init__:52 - Initializing Planning ...
2026-03-11 14:07:44.646 | INFO     | __main__:_make_or_update_timer:96 - Tick rate set to 1.00 Hz (period 1.000 s)
2026-03-11 14:07:45.862 | DEBUG    | __main__:_tick:497 - [View planning] Took: 0.168 s
2026-03-11 14:07:46.867 | DEBUG    | __main__:_tick:497 - [View planning] Took: 0.191 s
2026-03-11 14:07:47.833 | DEBUG    | __main__:_tick:497 - [View planning] Took: 0.152 s
2026-03-11 14:07:48.848 | DEBUG    | __main__:_tick:497 - [View planning] Took: 0.165 s
2026-03-11 14:07:49.843 | DEBUG    | __main__:_tick:497 - [View planning] Took: 0.165 s
2026-03-11 14:07:50.836 | DEBUG    | __main__:_tick:497 - [View planning] Took: 0.154 s
2026-03-11 14:07:51.858 | DEBUG    | __main__:_tick:497 - [View planning] Took: 0.181 s
2026-03-11 14:07:52.960 | DEBUG    | __main__:_tick:497 - [View planning] Took: 0.278 s
2026-03-11 14:07:53.947 | DEBUG    | __main__:_tick:497 - [View planning] Took: 0.267 s
2026-03-11 14:07:54.951 | DEBUG    | __main__:_tick:497 - [View planning] Took: 0.269 s
2026-03-11 14:07:55.899 | DEBUG    | __main__:_tick:497 - [View planning] Took: 0.220 s
2026-03-11 14:07:56.876 | DEBUG    | __main__:_tick:497 - [View planning] Took: 0.196 s
2026-03-11 14:07:57.930 | DEBUG    | __main__:_tick:497 - [View planning] Took: 0.250 s
2026-03-11 14:07:58.851 | DEBUG    | __main__:_tick:497 - [View planning] Took: 0.170 s
2026-03-11 14:07:59.901 | DEBUG    | __main__:_tick:497 - [View planning] Took: 0.221 s
2026-03-11 14:08:00.929 | DEBUG    | __main__:_tick:497 - [View planning] Took: 0.250 s
2026-03-11 14:08:01.903 | DEBUG    | __main__:_tick:497 - [View planning] Took: 0.218 s
2026-03-11 14:08:02.960 | DEBUG    | __main__:_tick:497 - [View planning] Took: 0.281 s
2026-03-11 14:08:03.845 | DEBUG    | __main__:_tick:497 - [View planning] Took: 0.165 s
2026-03-11 14:08:04.928 | DEBUG    | __main__:_tick:497 - [View planning] Took: 0.247 s
2026-03-11 14:08:05.904 | DEBUG    | __main__:_tick:497 - [View planning] Took: 0.225 s
2026-03-11 14:08:06.906 | DEBUG    | __main__:_tick:497 - [View planning] Took: 0.226 s
2026-03-11 14:08:07.841 | DEBUG    | __main__:_tick:497 - [View planning] Took: 0.161 s
2026-03-11 14:08:08.873 | DEBUG    | __main__:_tick:497 - [View planning] Took: 0.192 s
2026-03-11 14:08:09.837 | DEBUG    | __main__:_tick:497 - [View planning] Took: 0.157 s
2026-03-11 14:08:10.889 | DEBUG    | __main__:_tick:497 - [View planning] Took: 0.210 s
2026-03-11 14:08:11.844 | DEBUG    | __main__:_tick:497 - [View planning] Took: 0.165 s
2026-03-11 14:08:12.853 | DEBUG    | __main__:_tick:497 - [View planning] Took: 0.167 s
2026-03-11 14:08:13.934 | DEBUG    | __main__:_tick:497 - [View planning] Took: 0.255 s
2026-03-11 14:08:14.853 | DEBUG    | __main__:_tick:497 - [View planning] Took: 0.173 s
2026-03-11 14:08:15.826 | DEBUG    | __main__:_tick:497 - [View planning] Took: 0.127 s
2026-03-11 14:08:16.876 | DEBUG    | __main__:_tick:497 - [View planning] Took: 0.188 s
2026-03-11 14:08:17.984 | DEBUG    | __main__:_tick:497 - [View planning] Took: 0.300 s
2026-03-11 14:08:18.945 | DEBUG    | __main__:_tick:497 - [View planning] Took: 0.250 s
2026-03-11 14:08:19.931 | DEBUG    | __main__:_tick:497 - [View planning] Took: 0.252 s
2026-03-11 14:08:20.938 | DEBUG    | __main__:_tick:497 - [View planning] Took: 0.259 s
2026-03-11 14:08:21.981 | DEBUG    | __main__:_tick:497 - [View planning] Took: 0.302 s
2026-03-11 14:08:22.950 | DEBUG    | __main__:_tick:497 - [View planning] Took: 0.271 s
2026-03-11 14:08:24.009 | DEBUG    | __main__:_tick:497 - [View planning] Took: 0.327 s
2026-03-11 14:08:24.989 | DEBUG    | __main__:_tick:497 - [View planning] Took: 0.310 s
2026-03-11 14:08:25.981 | DEBUG    | __main__:_tick:497 - [View planning] Took: 0.302 s
2026-03-11 14:08:26.942 | DEBUG    | __main__:_tick:497 - [View planning] Took: 0.263 s
2026-03-11 14:08:27.978 | DEBUG    | __main__:_tick:497 - [View planning] Took: 0.299 s
2026-03-11 14:08:28.883 | DEBUG    | __main__:_tick:497 - [View planning] Took: 0.204 s
2026-03-11 14:08:29.984 | DEBUG    | __main__:_tick:497 - [View planning] Took: 0.304 s
2026-03-11 14:08:30.914 | DEBUG    | __main__:_tick:497 - [View planning] Took: 0.235 s
2026-03-11 14:08:31.899 | DEBUG    | __main__:_tick:497 - [View planning] Took: 0.220 s
2026-03-11 14:08:32.919 | DEBUG    | __main__:_tick:497 - [View planning] Took: 0.241 s
2026-03-11 14:08:33.906 | DEBUG    | __main__:_tick:497 - [View planning] Took: 0.228 s
2026-03-11 14:08:34.883 | DEBUG    | __main__:_tick:497 - [View planning] Took: 0.205 s
2026-03-11 14:08:35.890 | DEBUG    | __main__:_tick:497 - [View planning] Took: 0.212 s
2026-03-11 14:08:36.887 | DEBUG    | __main__:_tick:497 - [View planning] Took: 0.209 s
2026-03-11 14:08:37.839 | DEBUG    | __main__:_tick:497 - [View planning] Took: 0.161 s
2026-03-11 14:08:38.892 | DEBUG    | __main__:_tick:497 - [View planning] Took: 0.211 s
2026-03-11 14:08:39.970 | DEBUG    | __main__:_tick:497 - [View planning] Took: 0.292 s
2026-03-11 14:08:40.942 | DEBUG    | __main__:_tick:497 - [View planning] Took: 0.264 s
2026-03-11 14:08:41.915 | DEBUG    | __main__:_tick:497 - [View planning] Took: 0.237 s
2026-03-11 14:08:42.886 | DEBUG    | __main__:_tick:497 - [View planning] Took: 0.202 s
2026-03-11 14:08:43.909 | DEBUG    | __main__:_tick:497 - [View planning] Took: 0.231 s
2026-03-11 14:08:44.902 | DEBUG    | __main__:_tick:497 - [View planning] Took: 0.216 s
2026-03-11 14:08:45.899 | DEBUG    | __main__:_tick:497 - [View planning] Took: 0.220 s
2026-03-11 14:08:46.719 | DEBUG    | __main__:_tick:497 - [View planning] Took: 0.057 s
2026-03-11 14:08:47.730 | DEBUG    | __main__:_tick:497 - [View planning] Took: 0.062 s
2026-03-11 14:08:48.721 | DEBUG    | __main__:_tick:497 - [View planning] Took: 0.059 s
2026-03-11 14:08:49.728 | DEBUG    | __main__:_tick:497 - [View planning] Took: 0.063 s
2026-03-11 14:08:50.722 | DEBUG    | __main__:_tick:497 - [View planning] Took: 0.059 s
2026-03-11 14:08:51.722 | DEBUG    | __main__:_tick:497 - [View planning] Took: 0.060 s
2026-03-11 14:08:52.722 | DEBUG    | __main__:_tick:497 - [View planning] Took: 0.059 s
2026-03-11 14:08:53.720 | DEBUG    | __main__:_tick:497 - [View planning] Took: 0.058 s
2026-03-11 14:08:54.721 | DEBUG    | __main__:_tick:497 - [View planning] Took: 0.059 s
2026-03-11 14:08:55.732 | DEBUG    | __main__:_tick:497 - [View planning] Took: 0.070 s
2026-03-11 14:08:56.731 | DEBUG    | __main__:_tick:497 - [View planning] Took: 0.060 s
2026-03-11 14:08:57.723 | DEBUG    | __main__:_tick:497 - [View planning] Took: 0.057 s
2026-03-11 14:08:58.720 | DEBUG    | __main__:_tick:497 - [View planning] Took: 0.058 s
2026-03-11 14:08:59.724 | DEBUG    | __main__:_tick:497 - [View planning] Took: 0.061 s
2026-03-11 14:09:00.722 | DEBUG    | __main__:_tick:497 - [View planning] Took: 0.057 s
2026-03-11 14:09:01.726 | DEBUG    | __main__:_tick:497 - [View planning] Took: 0.064 s
2026-03-11 14:09:02.729 | DEBUG    | __main__:_tick:497 - [View planning] Took: 0.058 s
2026-03-11 14:09:03.724 | DEBUG    | __main__:_tick:497 - [View planning] Took: 0.062 s
2026-03-11 14:09:04.727 | DEBUG    | __main__:_tick:497 - [View planning] Took: 0.065 s
2026-03-11 14:09:05.724 | DEBUG    | __main__:_tick:497 - [View planning] Took: 0.058 s
2026-03-11 14:09:06.725 | DEBUG    | __main__:_tick:497 - [View planning] Took: 0.059 s
2026-03-11 14:09:07.721 | DEBUG    | __main__:_tick:497 - [View planning] Took: 0.059 s
2026-03-11 14:09:08.729 | DEBUG    | __main__:_tick:497 - [View planning] Took: 0.060 s
2026-03-11 14:09:09.727 | DEBUG    | __main__:_tick:497 - [View planning] Took: 0.058 s
2026-03-11 14:09:10.725 | DEBUG    | __main__:_tick:497 - [View planning] Took: 0.063 s
2026-03-11 14:09:11.720 | DEBUG    | __main__:_tick:497 - [View planning] Took: 0.058 s
2026-03-11 14:09:12.722 | DEBUG    | __main__:_tick:497 - [View planning] Took: 0.059 s
2026-03-11 14:09:13.721 | DEBUG    | __main__:_tick:497 - [View planning] Took: 0.059 s
2026-03-11 14:09:14.722 | DEBUG    | __main__:_tick:497 - [View planning] Took: 0.059 s
2026-03-11 14:09:15.722 | DEBUG    | __main__:_tick:497 - [View planning] Took: 0.059 s
2026-03-11 14:09:16.723 | DEBUG    | __main__:_tick:497 - [View planning] Took: 0.061 s
2026-03-11 14:09:17.723 | DEBUG    | __main__:_tick:497 - [View planning] Took: 0.061 s
2026-03-11 14:09:18.721 | DEBUG    | __main__:_tick:497 - [View planning] Took: 0.058 s
2026-03-11 14:09:19.738 | DEBUG    | __main__:_tick:497 - [View planning] Took: 0.069 s
2026-03-11 14:09:20.722 | DEBUG    | __main__:_tick:497 - [View planning] Took: 0.058 s
2026-03-11 14:09:21.720 | DEBUG    | __main__:_tick:497 - [View planning] Took: 0.058 s
2026-03-11 14:09:22.720 | DEBUG    | __main__:_tick:497 - [View planning] Took: 0.058 s
2026-03-11 14:09:23.723 | DEBUG    | __main__:_tick:497 - [View planning] Took: 0.058 s
2026-03-11 14:09:24.724 | DEBUG    | __main__:_tick:497 - [View planning] Took: 0.058 s
2026-03-11 14:09:25.729 | DEBUG    | __main__:_tick:497 - [View planning] Took: 0.063 s
2026-03-11 14:09:26.729 | DEBUG    | __main__:_tick:497 - [View planning] Took: 0.061 s
2026-03-11 14:09:27.730 | DEBUG    | __main__:_tick:497 - [View planning] Took: 0.067 s
2026-03-11 14:09:29.177 | INFO     | __main__:declare_mission_params:176 - All params declared
2026-03-11 14:09:29.178 | INFO     | __main__:initializeMissionParameters:236 - prediction_horizon: 10
2026-03-11 14:09:29.178 | INFO     | __main__:initializeMissionParameters:237 - Successfully loaded parameters
2026-03-11 14:09:29.178 | INFO     | __main__:initializeROSTopics:262 - odom_topic: odometry/imu
2026-03-11 14:09:29.178 | INFO     | __main__:initializeROSTopics:263 - pcl_topic:  filtered_pointcloud
2026-03-11 14:09:29.178 | INFO     | __main__:initializeROSTopics:276 - Successfully loaded topics
2026-03-11 14:09:33.645 | INFO     | __main__:initializeROSTopics:301 - Successfully loaded topics
2026-03-11 14:09:33.645 | INFO     | inspection_planner.planner_core:initializeMissionParameters:82 - pred_horz 10
2026-03-11 14:09:33.645 | INFO     | inspection_planner.planner_core:initializeMissionParameters:133 - Successfully loaded parameters
2026-03-11 14:09:33.645 | INFO     | inspection_planner.planner_core:__init__:28 - Planner Core Initialized
2026-03-11 14:09:33.645 | DEBUG    | __main__:__init__:52 - Initializing Planning ...
2026-03-11 14:09:33.645 | INFO     | __main__:_make_or_update_timer:96 - Tick rate set to 1.00 Hz (period 1.000 s)
2026-03-11 14:09:34.687 | DEBUG    | __main__:_tick:497 - [View planning] Took: 0.026 s
2026-03-11 14:09:35.687 | DEBUG    | __main__:_tick:497 - [View planning] Took: 0.026 s
2026-03-11 14:09:36.688 | DEBUG    | __main__:_tick:497 - [View planning] Took: 0.025 s
2026-03-11 14:09:37.686 | DEBUG    | __main__:_tick:497 - [View planning] Took: 0.025 s
2026-03-11 14:09:38.696 | DEBUG    | __main__:_tick:497 - [View planning] Took: 0.026 s
2026-03-11 14:09:39.687 | DEBUG    | __main__:_tick:497 - [View planning] Took: 0.026 s
2026-03-11 14:09:40.687 | DEBUG    | __main__:_tick:497 - [View planning] Took: 0.026 s
2026-03-11 14:09:41.686 | DEBUG    | __main__:_tick:497 - [View planning] Took: 0.025 s
2026-03-11 14:09:42.686 | DEBUG    | __main__:_tick:497 - [View planning] Took: 0.025 s
2026-03-11 14:09:43.686 | DEBUG    | __main__:_tick:497 - [View planning] Took: 0.025 s
2026-03-11 14:09:44.692 | DEBUG    | __main__:_tick:497 - [View planning] Took: 0.031 s
2026-03-11 14:09:45.699 | DEBUG    | __main__:_tick:497 - [View planning] Took: 0.034 s
2026-03-11 14:09:46.693 | DEBUG    | __main__:_tick:497 - [View planning] Took: 0.025 s
2026-03-11 14:09:47.687 | DEBUG    | __main__:_tick:497 - [View planning] Took: 0.025 s
2026-03-11 14:09:48.686 | DEBUG    | __main__:_tick:497 - [View planning] Took: 0.026 s
2026-03-11 14:09:49.686 | DEBUG    | __main__:_tick:497 - [View planning] Took: 0.025 s
2026-03-11 14:09:50.686 | DEBUG    | __main__:_tick:497 - [View planning] Took: 0.025 s
2026-03-11 14:09:51.686 | DEBUG    | __main__:_tick:497 - [View planning] Took: 0.025 s
2026-03-11 14:09:52.692 | DEBUG    | __main__:_tick:497 - [View planning] Took: 0.025 s
2026-03-11 14:09:53.686 | DEBUG    | __main__:_tick:497 - [View planning] Took: 0.025 s
2026-03-11 14:09:54.686 | DEBUG    | __main__:_tick:497 - [View planning] Took: 0.025 s
2026-03-11 14:09:55.686 | DEBUG    | __main__:_tick:497 - [View planning] Took: 0.025 s
2026-03-11 14:09:56.685 | DEBUG    | __main__:_tick:497 - [View planning] Took: 0.025 s
2026-03-11 14:09:57.689 | DEBUG    | __main__:_tick:497 - [View planning] Took: 0.029 s
2026-03-11 14:09:58.686 | DEBUG    | __main__:_tick:497 - [View planning] Took: 0.025 s
2026-03-11 14:09:59.692 | DEBUG    | __main__:_tick:497 - [View planning] Took: 0.031 s
2026-03-11 14:10:00.686 | DEBUG    | __main__:_tick:497 - [View planning] Took: 0.025 s
2026-03-11 14:10:01.686 | DEBUG    | __main__:_tick:497 - [View planning] Took: 0.025 s
2026-03-11 14:10:02.686 | DEBUG    | __main__:_tick:497 - [View planning] Took: 0.025 s
2026-03-11 14:10:03.688 | DEBUG    | __main__:_tick:497 - [View planning] Took: 0.025 s
2026-03-11 14:10:04.686 | DEBUG    | __main__:_tick:497 - [View planning] Took: 0.025 s
2026-03-11 14:10:05.686 | DEBUG    | __main__:_tick:497 - [View planning] Took: 0.026 s
2026-03-11 14:10:06.687 | DEBUG    | __main__:_tick:497 - [View planning] Took: 0.025 s
2026-03-11 14:10:07.685 | DEBUG    | __main__:_tick:497 - [View planning] Took: 0.025 s
2026-03-11 14:10:08.688 | DEBUG    | __main__:_tick:497 - [View planning] Took: 0.026 s
2026-03-11 14:10:09.686 | DEBUG    | __main__:_tick:497 - [View planning] Took: 0.026 s
2026-03-11 14:10:10.685 | DEBUG    | __main__:_tick:497 - [View planning] Took: 0.025 s
2026-03-11 14:10:11.685 | DEBUG    | __main__:_tick:497 - [View planning] Took: 0.025 s
2026-03-11 14:10:12.685 | DEBUG    | __main__:_tick:497 - [View planning] Took: 0.025 s
2026-03-11 14:10:13.685 | DEBUG    | __main__:_tick:497 - [View planning] Took: 0.025 s
2026-03-11 14:10:14.697 | DEBUG    | __main__:_tick:497 - [View planning] Took: 0.025 s
2026-03-11 14:10:15.692 | DEBUG    | __main__:_tick:497 - [View planning] Took: 0.031 s
2026-03-11 14:10:16.686 | DEBUG    | __main__:_tick:497 - [View planning] Took: 0.025 s
2026-03-11 14:10:17.686 | DEBUG    | __main__:_tick:497 - [View planning] Took: 0.025 s
2026-03-11 14:10:18.686 | DEBUG    | __main__:_tick:497 - [View planning] Took: 0.025 s
2026-03-11 14:10:19.686 | DEBUG    | __main__:_tick:497 - [View planning] Took: 0.026 s
2026-03-11 14:10:20.686 | DEBUG    | __main__:_tick:497 - [View planning] Took: 0.025 s
2026-03-11 14:10:21.687 | DEBUG    | __main__:_tick:497 - [View planning] Took: 0.026 s
2026-03-11 14:10:22.688 | DEBUG    | __main__:_tick:497 - [View planning] Took: 0.026 s
2026-03-11 14:10:23.686 | DEBUG    | __main__:_tick:497 - [View planning] Took: 0.025 s
2026-03-11 14:10:24.688 | DEBUG    | __main__:_tick:497 - [View planning] Took: 0.027 s
2026-03-11 14:10:25.688 | DEBUG    | __main__:_tick:497 - [View planning] Took: 0.027 s
2026-03-11 14:10:26.693 | DEBUG    | __main__:_tick:497 - [View planning] Took: 0.027 s
2026-03-11 14:10:27.695 | DEBUG    | __main__:_tick:497 - [View planning] Took: 0.033 s
2026-03-11 14:10:28.689 | DEBUG    | __main__:_tick:497 - [View planning] Took: 0.027 s
2026-03-11 14:10:29.689 | DEBUG    | __main__:_tick:497 - [View planning] Took: 0.028 s
2026-03-11 14:10:30.688 | DEBUG    | __main__:_tick:497 - [View planning] Took: 0.026 s
2026-03-11 14:10:31.687 | DEBUG    | __main__:_tick:497 - [View planning] Took: 0.026 s
2026-03-11 14:10:32.687 | DEBUG    | __main__:_tick:497 - [View planning] Took: 0.026 s
2026-03-11 14:10:33.692 | DEBUG    | __main__:_tick:497 - [View planning] Took: 0.026 s
2026-03-11 14:10:34.688 | DEBUG    | __main__:_tick:497 - [View planning] Took: 0.027 s
2026-03-11 14:10:35.688 | DEBUG    | __main__:_tick:497 - [View planning] Took: 0.027 s
2026-03-11 14:10:36.688 | DEBUG    | __main__:_tick:497 - [View planning] Took: 0.026 s
2026-03-11 14:10:37.687 | DEBUG    | __main__:_tick:497 - [View planning] Took: 0.026 s
2026-03-11 14:10:38.710 | DEBUG    | __main__:_tick:497 - [View planning] Took: 0.029 s
2026-03-11 14:10:39.689 | DEBUG    | __main__:_tick:497 - [View planning] Took: 0.028 s
2026-03-11 14:10:40.697 | DEBUG    | __main__:_tick:497 - [View planning] Took: 0.027 s
2026-03-11 14:10:41.690 | DEBUG    | __main__:_tick:497 - [View planning] Took: 0.027 s
2026-03-11 14:10:42.689 | DEBUG    | __main__:_tick:497 - [View planning] Took: 0.028 s
2026-03-11 14:10:43.688 | DEBUG    | __main__:_tick:497 - [View planning] Took: 0.027 s
2026-03-11 14:10:44.686 | DEBUG    | __main__:_tick:497 - [View planning] Took: 0.025 s
2026-03-11 14:10:45.694 | DEBUG    | __main__:_tick:497 - [View planning] Took: 0.033 s
2026-03-11 14:10:46.688 | DEBUG    | __main__:_tick:497 - [View planning] Took: 0.027 s
2026-03-11 14:10:47.693 | DEBUG    | __main__:_tick:497 - [View planning] Took: 0.027 s
2026-03-11 14:10:48.687 | DEBUG    | __main__:_tick:497 - [View planning] Took: 0.026 s
2026-03-11 14:10:49.687 | DEBUG    | __main__:_tick:497 - [View planning] Took: 0.026 s
2026-03-11 14:10:50.686 | DEBUG    | __main__:_tick:497 - [View planning] Took: 0.026 s
2026-03-11 14:10:51.724 | DEBUG    | __main__:_tick:497 - [View planning] Took: 0.026 s
2026-03-11 14:10:52.686 | DEBUG    | __main__:_tick:497 - [View planning] Took: 0.025 s
2026-03-11 14:10:53.687 | DEBUG    | __main__:_tick:497 - [View planning] Took: 0.026 s
2026-03-11 14:10:54.686 | DEBUG    | __main__:_tick:497 - [View planning] Took: 0.025 s
2026-03-11 14:10:55.686 | DEBUG    | __main__:_tick:497 - [View planning] Took: 0.026 s
2026-03-11 14:10:56.699 | DEBUG    | __main__:_tick:497 - [View planning] Took: 0.034 s
2026-03-11 14:10:57.686 | DEBUG    | __main__:_tick:497 - [View planning] Took: 0.026 s
2026-03-11 14:10:58.701 | DEBUG    | __main__:_tick:497 - [View planning] Took: 0.026 s
2026-03-11 14:10:59.693 | DEBUG    | __main__:_tick:497 - [View planning] Took: 0.026 s
2026-03-11 14:11:00.692 | DEBUG    | __main__:_tick:497 - [View planning] Took: 0.026 s
2026-03-11 14:11:01.699 | DEBUG    | __main__:_tick:497 - [View planning] Took: 0.026 s
2026-03-11 14:11:02.690 | DEBUG    | __main__:_tick:497 - [View planning] Took: 0.029 s
2026-03-11 14:11:03.688 | DEBUG    | __main__:_tick:497 - [View planning] Took: 0.027 s
2026-03-11 14:11:04.694 | DEBUG    | __main__:_tick:497 - [View planning] Took: 0.028 s
2026-03-11 14:11:05.689 | DEBUG    | __main__:_tick:497 - [View planning] Took: 0.028 s
2026-03-11 14:11:06.690 | DEBUG    | __main__:_tick:497 - [View planning] Took: 0.029 s
2026-03-11 14:11:07.689 | DEBUG    | __main__:_tick:497 - [View planning] Took: 0.028 s
2026-03-11 14:11:08.698 | DEBUG    | __main__:_tick:497 - [View planning] Took: 0.036 s
2026-03-11 14:11:09.690 | DEBUG    | __main__:_tick:497 - [View planning] Took: 0.029 s
2026-03-11 14:11:10.691 | DEBUG    | __main__:_tick:497 - [View planning] Took: 0.031 s
2026-03-11 14:11:11.695 | DEBUG    | __main__:_tick:497 - [View planning] Took: 0.035 s
2026-03-11 14:11:12.691 | DEBUG    | __main__:_tick:497 - [View planning] Took: 0.030 s
2026-03-11 14:11:13.688 | DEBUG    | __main__:_tick:497 - [View planning] Took: 0.028 s
2026-03-11 14:11:14.687 | DEBUG    | __main__:_tick:497 - [View planning] Took: 0.027 s
2026-03-11 14:11:15.699 | DEBUG    | __main__:_tick:497 - [View planning] Took: 0.036 s
2026-03-11 14:11:16.689 | DEBUG    | __main__:_tick:497 - [View planning] Took: 0.029 s
2026-03-11 14:11:17.690 | DEBUG    | __main__:_tick:497 - [View planning] Took: 0.029 s
2026-03-11 14:11:18.689 | DEBUG    | __main__:_tick:497 - [View planning] Took: 0.029 s
2026-03-11 14:11:19.685 | DEBUG    | __main__:_tick:497 - [View planning] Took: 0.025 s
2026-03-11 14:11:20.688 | DEBUG    | __main__:_tick:497 - [View planning] Took: 0.028 s
2026-03-11 14:11:21.688 | DEBUG    | __main__:_tick:497 - [View planning] Took: 0.027 s
2026-03-11 14:11:22.687 | DEBUG    | __main__:_tick:497 - [View planning] Took: 0.028 s
2026-03-11 14:11:23.693 | DEBUG    | __main__:_tick:497 - [View planning] Took: 0.034 s
2026-03-11 14:11:24.686 | DEBUG    | __main__:_tick:497 - [View planning] Took: 0.026 s
2026-03-11 14:11:25.685 | DEBUG    | __main__:_tick:497 - [View planning] Took: 0.025 s
2026-03-11 14:11:26.687 | DEBUG    | __main__:_tick:497 - [View planning] Took: 0.027 s
2026-03-11 14:11:27.685 | DEBUG    | __main__:_tick:497 - [View planning] Took: 0.025 s
2026-03-11 14:11:28.687 | DEBUG    | __main__:_tick:497 - [View planning] Took: 0.025 s
2026-03-11 14:11:29.692 | DEBUG    | __main__:_tick:497 - [View planning] Took: 0.032 s
2026-03-11 14:11:30.687 | DEBUG    | __main__:_tick:497 - [View planning] Took: 0.027 s
2026-03-11 14:11:31.688 | DEBUG    | __main__:_tick:497 - [View planning] Took: 0.028 s
2026-03-11 14:11:32.689 | DEBUG    | __main__:_tick:497 - [View planning] Took: 0.028 s
2026-03-11 14:11:33.687 | DEBUG    | __main__:_tick:497 - [View planning] Took: 0.027 s
2026-03-11 14:11:34.694 | DEBUG    | __main__:_tick:497 - [View planning] Took: 0.034 s
2026-03-11 14:11:35.690 | DEBUG    | __main__:_tick:497 - [View planning] Took: 0.030 s
2026-03-11 14:11:36.689 | DEBUG    | __main__:_tick:497 - [View planning] Took: 0.029 s
2026-03-11 14:11:37.687 | DEBUG    | __main__:_tick:497 - [View planning] Took: 0.027 s
2026-03-11 14:11:38.696 | DEBUG    | __main__:_tick:497 - [View planning] Took: 0.036 s
2026-03-11 14:11:39.698 | DEBUG    | __main__:_tick:497 - [View planning] Took: 0.030 s
2026-03-11 14:11:40.689 | DEBUG    | __main__:_tick:497 - [View planning] Took: 0.028 s
2026-03-11 14:11:41.692 | DEBUG    | __main__:_tick:497 - [View planning] Took: 0.030 s
2026-03-11 14:11:42.696 | DEBUG    | __main__:_tick:497 - [View planning] Took: 0.029 s
2026-03-11 14:11:43.688 | DEBUG    | __main__:_tick:497 - [View planning] Took: 0.028 s
2026-03-11 14:11:44.688 | DEBUG    | __main__:_tick:497 - [View planning] Took: 0.027 s
2026-03-11 14:11:45.688 | DEBUG    | __main__:_tick:497 - [View planning] Took: 0.026 s
2026-03-11 14:11:46.687 | DEBUG    | __main__:_tick:497 - [View planning] Took: 0.026 s
2026-03-11 14:11:47.686 | DEBUG    | __main__:_tick:497 - [View planning] Took: 0.025 s
2026-03-11 14:11:48.686 | DEBUG    | __main__:_tick:497 - [View planning] Took: 0.025 s
2026-03-11 14:11:49.686 | DEBUG    | __main__:_tick:497 - [View planning] Took: 0.025 s
2026-03-11 14:11:50.695 | DEBUG    | __main__:_tick:497 - [View planning] Took: 0.034 s
2026-03-11 14:11:51.695 | DEBUG    | __main__:_tick:497 - [View planning] Took: 0.028 s
2026-03-11 14:11:52.686 | DEBUG    | __main__:_tick:497 - [View planning] Took: 0.025 s
2026-03-11 14:11:53.691 | DEBUG    | __main__:_tick:497 - [View planning] Took: 0.027 s
2026-03-11 14:11:54.688 | DEBUG    | __main__:_tick:497 - [View planning] Took: 0.027 s
2026-03-11 14:11:55.688 | DEBUG    | __main__:_tick:497 - [View planning] Took: 0.026 s
2026-03-11 14:11:56.687 | DEBUG    | __main__:_tick:497 - [View planning] Took: 0.026 s
2026-03-11 14:11:57.690 | DEBUG    | __main__:_tick:497 - [View planning] Took: 0.029 s
2026-03-11 14:11:58.689 | DEBUG    | __main__:_tick:497 - [View planning] Took: 0.027 s
2026-03-11 14:11:59.687 | DEBUG    | __main__:_tick:497 - [View planning] Took: 0.026 s
2026-03-11 14:12:00.695 | DEBUG    | __main__:_tick:497 - [View planning] Took: 0.026 s
2026-03-11 14:12:01.687 | DEBUG    | __main__:_tick:497 - [View planning] Took: 0.026 s
2026-03-11 14:12:02.686 | DEBUG    | __main__:_tick:497 - [View planning] Took: 0.026 s
2026-03-11 14:12:03.686 | DEBUG    | __main__:_tick:497 - [View planning] Took: 0.025 s
2026-03-11 14:12:04.682 | DEBUG    | __main__:_tick:497 - [View planning] Took: 0.022 s
2026-03-11 14:12:05.682 | DEBUG    | __main__:_tick:497 - [View planning] Took: 0.022 s
2026-03-11 14:12:06.684 | DEBUG    | __main__:_tick:497 - [View planning] Took: 0.025 s
2026-03-11 14:12:07.697 | DEBUG    | __main__:_tick:497 - [View planning] Took: 0.030 s
2026-03-11 14:12:08.683 | DEBUG    | __main__:_tick:497 - [View planning] Took: 0.024 s
2026-03-11 14:12:09.685 | DEBUG    | __main__:_tick:497 - [View planning] Took: 0.026 s
2026-03-11 14:12:10.691 | DEBUG    | __main__:_tick:497 - [View planning] Took: 0.033 s
2026-03-11 14:12:11.691 | DEBUG    | __main__:_tick:497 - [View planning] Took: 0.025 s
2026-03-11 14:12:12.681 | DEBUG    | __main__:_tick:497 - [View planning] Took: 0.023 s
2026-03-11 14:12:13.682 | DEBUG    | __main__:_tick:497 - [View planning] Took: 0.024 s
2026-03-11 14:12:14.686 | DEBUG    | __main__:_tick:497 - [View planning] Took: 0.028 s
2026-03-11 14:12:15.687 | DEBUG    | __main__:_tick:497 - [View planning] Took: 0.022 s
2026-03-11 14:12:16.682 | DEBUG    | __main__:_tick:497 - [View planning] Took: 0.024 s
2026-03-11 14:12:17.683 | DEBUG    | __main__:_tick:497 - [View planning] Took: 0.024 s
2026-03-11 14:12:18.679 | DEBUG    | __main__:_tick:497 - [View planning] Took: 0.021 s
2026-03-11 14:12:19.678 | DEBUG    | __main__:_tick:497 - [View planning] Took: 0.021 s
2026-03-11 14:12:20.680 | DEBUG    | __main__:_tick:497 - [View planning] Took: 0.021 s
2026-03-11 14:12:21.685 | DEBUG    | __main__:_tick:497 - [View planning] Took: 0.021 s
2026-03-11 14:12:22.676 | DEBUG    | __main__:_tick:497 - [View planning] Took: 0.020 s
2026-03-11 14:12:23.676 | DEBUG    | __main__:_tick:497 - [View planning] Took: 0.019 s
2026-03-11 14:12:24.677 | DEBUG    | __main__:_tick:497 - [View planning] Took: 0.019 s
2026-03-11 14:12:25.675 | DEBUG    | __main__:_tick:497 - [View planning] Took: 0.018 s
2026-03-11 14:12:26.674 | DEBUG    | __main__:_tick:497 - [View planning] Took: 0.018 s
2026-03-11 14:12:27.679 | DEBUG    | __main__:_tick:497 - [View planning] Took: 0.018 s
2026-03-11 14:12:28.674 | DEBUG    | __main__:_tick:497 - [View planning] Took: 0.017 s
2026-03-11 14:12:29.680 | DEBUG    | __main__:_tick:497 - [View planning] Took: 0.018 s
2026-03-11 14:12:30.674 | DEBUG    | __main__:_tick:497 - [View planning] Took: 0.018 s
2026-03-11 14:12:31.677 | DEBUG    | __main__:_tick:497 - [View planning] Took: 0.018 s
2026-03-11 14:12:32.683 | DEBUG    | __main__:_tick:497 - [View planning] Took: 0.018 s
2026-03-11 14:12:33.675 | DEBUG    | __main__:_tick:497 - [View planning] Took: 0.019 s
2026-03-11 14:12:34.675 | DEBUG    | __main__:_tick:497 - [View planning] Took: 0.018 s
2026-03-11 14:12:35.678 | DEBUG    | __main__:_tick:497 - [View planning] Took: 0.018 s
2026-03-11 14:12:36.677 | DEBUG    | __main__:_tick:497 - [View planning] Took: 0.018 s
2026-03-11 14:12:37.674 | DEBUG    | __main__:_tick:497 - [View planning] Took: 0.018 s
2026-03-11 14:12:38.674 | DEBUG    | __main__:_tick:497 - [View planning] Took: 0.017 s
2026-03-11 14:12:39.676 | DEBUG    | __main__:_tick:497 - [View planning] Took: 0.018 s
2026-03-11 14:12:40.681 | DEBUG    | __main__:_tick:497 - [View planning] Took: 0.018 s
2026-03-11 14:12:41.674 | DEBUG    | __main__:_tick:497 - [View planning] Took: 0.018 s
2026-03-11 14:12:42.680 | DEBUG    | __main__:_tick:497 - [View planning] Took: 0.024 s
2026-03-11 14:12:43.674 | DEBUG    | __main__:_tick:497 - [View planning] Took: 0.018 s
2026-03-11 14:12:44.674 | DEBUG    | __main__:_tick:497 - [View planning] Took: 0.018 s
2026-03-11 14:12:45.673 | DEBUG    | __main__:_tick:497 - [View planning] Took: 0.018 s
2026-03-11 14:12:46.677 | DEBUG    | __main__:_tick:497 - [View planning] Took: 0.018 s
2026-03-11 14:12:47.686 | DEBUG    | __main__:_tick:497 - [View planning] Took: 0.022 s
2026-03-11 14:12:48.673 | DEBUG    | __main__:_tick:497 - [View planning] Took: 0.018 s
2026-03-11 14:12:49.673 | DEBUG    | __main__:_tick:497 - [View planning] Took: 0.017 s
2026-03-11 14:12:50.673 | DEBUG    | __main__:_tick:497 - [View planning] Took: 0.017 s
2026-03-11 14:12:51.672 | DEBUG    | __main__:_tick:497 - [View planning] Took: 0.017 s
2026-03-11 14:12:52.672 | DEBUG    | __main__:_tick:497 - [View planning] Took: 0.016 s
2026-03-11 14:12:53.676 | DEBUG    | __main__:_tick:497 - [View planning] Took: 0.016 s
2026-03-11 14:12:54.671 | DEBUG    | __main__:_tick:497 - [View planning] Took: 0.017 s
2026-03-11 14:12:55.671 | DEBUG    | __main__:_tick:497 - [View planning] Took: 0.017 s
2026-03-11 14:12:56.677 | DEBUG    | __main__:_tick:497 - [View planning] Took: 0.017 s
2026-03-11 14:12:57.684 | DEBUG    | __main__:_tick:497 - [View planning] Took: 0.023 s
2026-03-11 14:12:58.674 | DEBUG    | __main__:_tick:497 - [View planning] Took: 0.019 s
2026-03-11 14:12:59.672 | DEBUG    | __main__:_tick:497 - [View planning] Took: 0.017 s
2026-03-11 14:13:00.672 | DEBUG    | __main__:_tick:497 - [View planning] Took: 0.017 s
2026-03-11 14:13:01.673 | DEBUG    | __main__:_tick:497 - [View planning] Took: 0.018 s
2026-03-11 14:13:02.674 | DEBUG    | __main__:_tick:497 - [View planning] Took: 0.017 s
2026-03-11 14:13:03.672 | DEBUG    | __main__:_tick:497 - [View planning] Took: 0.017 s
2026-03-11 14:13:04.678 | DEBUG    | __main__:_tick:497 - [View planning] Took: 0.023 s
2026-03-11 14:13:05.672 | DEBUG    | __main__:_tick:497 - [View planning] Took: 0.017 s
2026-03-11 14:13:06.672 | DEBUG    | __main__:_tick:497 - [View planning] Took: 0.017 s
2026-03-11 14:13:07.658 | DEBUG    | __main__:_tick:497 - [View planning] Took: 0.008 s
2026-03-11 14:13:08.654 | DEBUG    | __main__:_tick:497 - [View planning] Took: 0.006 s
2026-03-11 14:13:09.654 | DEBUG    | __main__:_tick:497 - [View planning] Took: 0.006 s
2026-03-11 14:13:10.655 | DEBUG    | __main__:_tick:497 - [View planning] Took: 0.007 s
2026-03-11 14:13:11.655 | DEBUG    | __main__:_tick:497 - [View planning] Took: 0.006 s
2026-03-11 14:13:12.654 | DEBUG    | __main__:_tick:497 - [View planning] Took: 0.006 s
2026-03-11 14:13:13.656 | DEBUG    | __main__:_tick:497 - [View planning] Took: 0.007 s
2026-03-11 14:13:14.656 | DEBUG    | __main__:_tick:497 - [View planning] Took: 0.008 s
2026-03-11 14:13:15.668 | DEBUG    | __main__:_tick:497 - [View planning] Took: 0.016 s
2026-03-11 14:13:16.660 | DEBUG    | __main__:_tick:497 - [View planning] Took: 0.011 s
2026-03-11 14:13:17.659 | DEBUG    | __main__:_tick:497 - [View planning] Took: 0.011 s
2026-03-11 14:13:18.658 | DEBUG    | __main__:_tick:497 - [View planning] Took: 0.010 s
2026-03-11 14:13:19.657 | DEBUG    | __main__:_tick:497 - [View planning] Took: 0.009 s
2026-03-11 14:13:20.660 | DEBUG    | __main__:_tick:497 - [View planning] Took: 0.008 s
2026-03-11 14:13:21.655 | DEBUG    | __main__:_tick:497 - [View planning] Took: 0.007 s
2026-03-11 14:13:22.657 | DEBUG    | __main__:_tick:497 - [View planning] Took: 0.007 s
2026-03-11 14:13:23.655 | DEBUG    | __main__:_tick:497 - [View planning] Took: 0.007 s
2026-03-11 14:13:24.656 | DEBUG    | __main__:_tick:497 - [View planning] Took: 0.008 s
2026-03-11 14:13:25.656 | DEBUG    | __main__:_tick:497 - [View planning] Took: 0.008 s
2026-03-11 14:13:26.656 | DEBUG    | __main__:_tick:497 - [View planning] Took: 0.008 s
2026-03-11 14:13:27.654 | DEBUG    | __main__:_tick:497 - [View planning] Took: 0.006 s
2026-03-11 14:13:28.654 | DEBUG    | __main__:_tick:497 - [View planning] Took: 0.006 s
2026-03-11 14:13:29.654 | DEBUG    | __main__:_tick:497 - [View planning] Took: 0.006 s
2026-03-11 14:13:30.655 | DEBUG    | __main__:_tick:497 - [View planning] Took: 0.007 s
2026-03-11 14:13:31.656 | DEBUG    | __main__:_tick:497 - [View planning] Took: 0.007 s
2026-03-11 14:13:32.655 | DEBUG    | __main__:_tick:497 - [View planning] Took: 0.007 s
2026-03-11 14:13:33.659 | DEBUG    | __main__:_tick:497 - [View planning] Took: 0.008 s
2026-03-11 14:13:34.656 | DEBUG    | __main__:_tick:497 - [View planning] Took: 0.007 s
2026-03-11 14:13:35.662 | DEBUG    | __main__:_tick:497 - [View planning] Took: 0.010 s
2026-03-11 14:13:36.656 | DEBUG    | __main__:_tick:497 - [View planning] Took: 0.007 s
2026-03-11 14:13:37.659 | DEBUG    | __main__:_tick:497 - [View planning] Took: 0.008 s
2026-03-11 14:13:38.657 | DEBUG    | __main__:_tick:497 - [View planning] Took: 0.007 s
2026-03-11 14:13:39.656 | DEBUG    | __main__:_tick:497 - [View planning] Took: 0.008 s
2026-03-11 14:13:40.656 | DEBUG    | __main__:_tick:497 - [View planning] Took: 0.008 s
2026-03-11 14:13:41.657 | DEBUG    | __main__:_tick:497 - [View planning] Took: 0.008 s
2026-03-11 14:13:42.657 | DEBUG    | __main__:_tick:497 - [View planning] Took: 0.008 s
2026-03-11 14:13:43.658 | DEBUG    | __main__:_tick:497 - [View planning] Took: 0.008 s
2026-03-11 14:13:44.668 | DEBUG    | __main__:_tick:497 - [View planning] Took: 0.016 s
2026-03-11 14:13:45.665 | DEBUG    | __main__:_tick:497 - [View planning] Took: 0.012 s
2026-03-11 14:13:46.659 | DEBUG    | __main__:_tick:497 - [View planning] Took: 0.010 s
2026-03-11 14:13:47.669 | DEBUG    | __main__:_tick:497 - [View planning] Took: 0.016 s
2026-03-11 14:13:48.661 | DEBUG    | __main__:_tick:497 - [View planning] Took: 0.012 s
2026-03-11 14:13:49.660 | DEBUG    | __main__:_tick:497 - [View planning] Took: 0.011 s
2026-03-11 14:13:50.660 | DEBUG    | __main__:_tick:497 - [View planning] Took: 0.011 s
2026-03-11 14:13:51.659 | DEBUG    | __main__:_tick:497 - [View planning] Took: 0.009 s
2026-03-11 14:13:52.660 | DEBUG    | __main__:_tick:497 - [View planning] Took: 0.011 s
2026-03-11 14:13:53.658 | DEBUG    | __main__:_tick:497 - [View planning] Took: 0.009 s
2026-03-11 14:13:54.657 | DEBUG    | __main__:_tick:497 - [View planning] Took: 0.008 s
2026-03-11 14:13:55.657 | DEBUG    | __main__:_tick:497 - [View planning] Took: 0.008 s
2026-03-11 14:13:56.657 | DEBUG    | __main__:_tick:497 - [View planning] Took: 0.008 s
2026-03-11 14:13:57.659 | DEBUG    | __main__:_tick:497 - [View planning] Took: 0.008 s
2026-03-11 14:13:58.657 | DEBUG    | __main__:_tick:497 - [View planning] Took: 0.008 s
2026-03-11 14:13:59.657 | DEBUG    | __main__:_tick:497 - [View planning] Took: 0.008 s
2026-03-11 14:14:00.657 | DEBUG    | __main__:_tick:497 - [View planning] Took: 0.008 s
2026-03-11 14:14:01.658 | DEBUG    | __main__:_tick:497 - [View planning] Took: 0.007 s
2026-03-11 14:14:02.658 | DEBUG    | __main__:_tick:497 - [View planning] Took: 0.008 s
2026-03-11 14:14:03.660 | DEBUG    | __main__:_tick:497 - [View planning] Took: 0.011 s
2026-03-11 14:14:04.661 | DEBUG    | __main__:_tick:497 - [View planning] Took: 0.011 s
2026-03-11 14:14:05.659 | DEBUG    | __main__:_tick:497 - [View planning] Took: 0.009 s
2026-03-11 14:14:06.662 | DEBUG    | __main__:_tick:497 - [View planning] Took: 0.012 s
2026-03-11 14:14:07.663 | DEBUG    | __main__:_tick:497 - [View planning] Took: 0.011 s
2026-03-11 14:14:08.660 | DEBUG    | __main__:_tick:497 - [View planning] Took: 0.010 s
2026-03-11 14:14:09.673 | DEBUG    | __main__:_tick:497 - [View planning] Took: 0.022 s
2026-03-11 14:14:10.663 | DEBUG    | __main__:_tick:497 - [View planning] Took: 0.012 s
2026-03-11 14:14:11.664 | DEBUG    | __main__:_tick:497 - [View planning] Took: 0.013 s
2026-03-11 14:14:12.667 | DEBUG    | __main__:_tick:497 - [View planning] Took: 0.016 s
2026-03-11 14:14:13.661 | DEBUG    | __main__:_tick:497 - [View planning] Took: 0.010 s
2026-03-11 14:14:14.661 | DEBUG    | __main__:_tick:497 - [View planning] Took: 0.010 s
2026-03-11 14:14:15.672 | DEBUG    | __main__:_tick:497 - [View planning] Took: 0.016 s
2026-03-11 14:14:16.689 | DEBUG    | __main__:_tick:497 - [View planning] Took: 0.023 s
2026-03-11 14:14:17.678 | DEBUG    | __main__:_tick:497 - [View planning] Took: 0.020 s
2026-03-11 14:14:18.680 | DEBUG    | __main__:_tick:497 - [View planning] Took: 0.021 s
2026-03-11 14:14:19.678 | DEBUG    | __main__:_tick:497 - [View planning] Took: 0.020 s
2026-03-11 14:14:20.680 | DEBUG    | __main__:_tick:497 - [View planning] Took: 0.021 s
2026-03-11 14:14:21.679 | DEBUG    | __main__:_tick:497 - [View planning] Took: 0.021 s
2026-03-11 14:14:22.679 | DEBUG    | __main__:_tick:497 - [View planning] Took: 0.021 s
2026-03-11 14:14:23.682 | DEBUG    | __main__:_tick:497 - [View planning] Took: 0.021 s
2026-03-11 14:14:24.681 | DEBUG    | __main__:_tick:497 - [View planning] Took: 0.022 s
2026-03-11 14:14:25.681 | DEBUG    | __main__:_tick:497 - [View planning] Took: 0.022 s
2026-03-11 14:14:26.685 | DEBUG    | __main__:_tick:497 - [View planning] Took: 0.022 s
2026-03-11 14:14:27.702 | DEBUG    | __main__:_tick:497 - [View planning] Took: 0.031 s
2026-03-11 14:14:28.690 | DEBUG    | __main__:_tick:497 - [View planning] Took: 0.025 s
2026-03-11 14:14:29.686 | DEBUG    | __main__:_tick:497 - [View planning] Took: 0.026 s
2026-03-11 14:14:30.696 | DEBUG    | __main__:_tick:497 - [View planning] Took: 0.027 s
2026-03-11 14:14:31.695 | DEBUG    | __main__:_tick:497 - [View planning] Took: 0.025 s
2026-03-11 14:14:32.686 | DEBUG    | __main__:_tick:497 - [View planning] Took: 0.025 s
2026-03-11 14:14:33.692 | DEBUG    | __main__:_tick:497 - [View planning] Took: 0.028 s
2026-03-11 14:14:34.698 | DEBUG    | __main__:_tick:497 - [View planning] Took: 0.029 s
2026-03-11 14:14:35.699 | DEBUG    | __main__:_tick:497 - [View planning] Took: 0.036 s
2026-03-11 14:14:36.693 | DEBUG    | __main__:_tick:497 - [View planning] Took: 0.030 s
2026-03-11 14:14:37.693 | DEBUG    | __main__:_tick:497 - [View planning] Took: 0.030 s
2026-03-11 14:14:38.694 | DEBUG    | __main__:_tick:497 - [View planning] Took: 0.031 s
2026-03-11 14:14:39.694 | DEBUG    | __main__:_tick:497 - [View planning] Took: 0.030 s
2026-03-11 14:14:40.694 | DEBUG    | __main__:_tick:497 - [View planning] Took: 0.030 s
2026-03-11 14:14:41.693 | DEBUG    | __main__:_tick:497 - [View planning] Took: 0.030 s
2026-03-11 14:14:42.702 | DEBUG    | __main__:_tick:497 - [View planning] Took: 0.031 s
2026-03-11 14:14:43.695 | DEBUG    | __main__:_tick:497 - [View planning] Took: 0.031 s
2026-03-11 14:14:44.694 | DEBUG    | __main__:_tick:497 - [View planning] Took: 0.030 s
2026-03-11 14:14:45.694 | DEBUG    | __main__:_tick:497 - [View planning] Took: 0.031 s
2026-03-11 14:14:46.693 | DEBUG    | __main__:_tick:497 - [View planning] Took: 0.030 s
2026-03-11 14:14:47.695 | DEBUG    | __main__:_tick:497 - [View planning] Took: 0.031 s
2026-03-11 14:14:48.700 | DEBUG    | __main__:_tick:497 - [View planning] Took: 0.031 s
2026-03-11 14:14:49.703 | DEBUG    | __main__:_tick:497 - [View planning] Took: 0.031 s
2026-03-11 14:14:50.693 | DEBUG    | __main__:_tick:497 - [View planning] Took: 0.030 s
2026-03-11 14:14:51.693 | DEBUG    | __main__:_tick:497 - [View planning] Took: 0.030 s
2026-03-11 14:14:52.693 | DEBUG    | __main__:_tick:497 - [View planning] Took: 0.030 s
2026-03-11 14:14:53.697 | DEBUG    | __main__:_tick:497 - [View planning] Took: 0.031 s
2026-03-11 14:14:54.693 | DEBUG    | __main__:_tick:497 - [View planning] Took: 0.030 s
2026-03-11 14:14:55.700 | DEBUG    | __main__:_tick:497 - [View planning] Took: 0.031 s
2026-03-11 14:14:56.702 | DEBUG    | __main__:_tick:497 - [View planning] Took: 0.031 s
2026-03-11 14:14:57.694 | DEBUG    | __main__:_tick:497 - [View planning] Took: 0.030 s
2026-03-11 14:14:58.693 | DEBUG    | __main__:_tick:497 - [View planning] Took: 0.030 s
2026-03-11 14:14:59.708 | DEBUG    | __main__:_tick:497 - [View planning] Took: 0.032 s
2026-03-11 14:15:00.693 | DEBUG    | __main__:_tick:497 - [View planning] Took: 0.029 s
2026-03-11 14:15:01.693 | DEBUG    | __main__:_tick:497 - [View planning] Took: 0.029 s
2026-03-11 14:15:02.694 | DEBUG    | __main__:_tick:497 - [View planning] Took: 0.029 s
2026-03-11 14:15:03.695 | DEBUG    | __main__:_tick:497 - [View planning] Took: 0.029 s
2026-03-11 14:15:04.700 | DEBUG    | __main__:_tick:497 - [View planning] Took: 0.036 s
2026-03-11 14:15:05.694 | DEBUG    | __main__:_tick:497 - [View planning] Took: 0.030 s
2026-03-11 14:15:06.697 | DEBUG    | __main__:_tick:497 - [View planning] Took: 0.030 s
2026-03-11 14:15:07.699 | DEBUG    | __main__:_tick:497 - [View planning] Took: 0.031 s
2026-03-11 14:15:08.695 | DEBUG    | __main__:_tick:497 - [View planning] Took: 0.031 s
2026-03-11 14:15:09.699 | DEBUG    | __main__:_tick:497 - [View planning] Took: 0.036 s
2026-03-11 14:15:10.700 | DEBUG    | __main__:_tick:497 - [View planning] Took: 0.037 s
2026-03-11 14:15:11.699 | DEBUG    | __main__:_tick:497 - [View planning] Took: 0.031 s
2026-03-11 14:15:12.699 | DEBUG    | __main__:_tick:497 - [View planning] Took: 0.031 s
2026-03-11 14:15:13.694 | DEBUG    | __main__:_tick:497 - [View planning] Took: 0.031 s
2026-03-11 14:15:14.694 | DEBUG    | __main__:_tick:497 - [View planning] Took: 0.031 s
2026-03-11 14:15:15.698 | DEBUG    | __main__:_tick:497 - [View planning] Took: 0.031 s
2026-03-11 14:15:16.693 | DEBUG    | __main__:_tick:497 - [View planning] Took: 0.030 s
2026-03-11 14:15:17.695 | DEBUG    | __main__:_tick:497 - [View planning] Took: 0.031 s
2026-03-11 14:15:18.694 | DEBUG    | __main__:_tick:497 - [View planning] Took: 0.030 s
2026-03-11 14:15:19.695 | DEBUG    | __main__:_tick:497 - [View planning] Took: 0.031 s
2026-03-11 14:15:20.698 | DEBUG    | __main__:_tick:497 - [View planning] Took: 0.030 s
2026-03-11 14:15:21.696 | DEBUG    | __main__:_tick:497 - [View planning] Took: 0.030 s
2026-03-11 14:15:22.701 | DEBUG    | __main__:_tick:497 - [View planning] Took: 0.037 s
2026-03-11 14:15:23.695 | DEBUG    | __main__:_tick:497 - [View planning] Took: 0.030 s
2026-03-11 14:15:24.695 | DEBUG    | __main__:_tick:497 - [View planning] Took: 0.031 s
2026-03-11 14:15:25.700 | DEBUG    | __main__:_tick:497 - [View planning] Took: 0.031 s
2026-03-11 14:15:26.695 | DEBUG    | __main__:_tick:497 - [View planning] Took: 0.032 s
2026-03-11 14:15:27.701 | DEBUG    | __main__:_tick:497 - [View planning] Took: 0.038 s
2026-03-11 14:15:28.695 | DEBUG    | __main__:_tick:497 - [View planning] Took: 0.031 s
2026-03-11 14:15:29.694 | DEBUG    | __main__:_tick:497 - [View planning] Took: 0.031 s
2026-03-11 14:15:30.698 | DEBUG    | __main__:_tick:497 - [View planning] Took: 0.031 s
2026-03-11 14:15:31.694 | DEBUG    | __main__:_tick:497 - [View planning] Took: 0.031 s
2026-03-11 14:15:32.694 | DEBUG    | __main__:_tick:497 - [View planning] Took: 0.030 s
2026-03-11 14:15:33.702 | DEBUG    | __main__:_tick:497 - [View planning] Took: 0.038 s
2026-03-11 14:15:34.695 | DEBUG    | __main__:_tick:497 - [View planning] Took: 0.031 s
2026-03-11 14:15:35.695 | DEBUG    | __main__:_tick:497 - [View planning] Took: 0.031 s
2026-03-11 14:15:36.696 | DEBUG    | __main__:_tick:497 - [View planning] Took: 0.032 s
2026-03-11 14:15:37.711 | DEBUG    | __main__:_tick:497 - [View planning] Took: 0.046 s
2026-03-11 14:15:38.704 | DEBUG    | __main__:_tick:497 - [View planning] Took: 0.040 s
2026-03-11 14:15:39.698 | DEBUG    | __main__:_tick:497 - [View planning] Took: 0.033 s
2026-03-11 14:15:40.699 | DEBUG    | __main__:_tick:497 - [View planning] Took: 0.034 s
2026-03-11 14:15:41.708 | DEBUG    | __main__:_tick:497 - [View planning] Took: 0.045 s
2026-03-11 14:15:42.698 | DEBUG    | __main__:_tick:497 - [View planning] Took: 0.034 s
2026-03-11 14:15:43.702 | DEBUG    | __main__:_tick:497 - [View planning] Took: 0.040 s
2026-03-11 14:15:44.696 | DEBUG    | __main__:_tick:497 - [View planning] Took: 0.033 s
2026-03-11 14:15:45.695 | DEBUG    | __main__:_tick:497 - [View planning] Took: 0.033 s
2026-03-11 14:15:46.694 | DEBUG    | __main__:_tick:497 - [View planning] Took: 0.031 s
2026-03-11 14:15:47.693 | DEBUG    | __main__:_tick:497 - [View planning] Took: 0.029 s
2026-03-11 14:15:48.702 | DEBUG    | __main__:_tick:497 - [View planning] Took: 0.035 s
2026-03-11 14:15:49.692 | DEBUG    | __main__:_tick:497 - [View planning] Took: 0.029 s
2026-03-11 14:15:50.694 | DEBUG    | __main__:_tick:497 - [View planning] Took: 0.030 s
2026-03-11 14:15:51.695 | DEBUG    | __main__:_tick:497 - [View planning] Took: 0.032 s
2026-03-11 14:15:52.695 | DEBUG    | __main__:_tick:497 - [View planning] Took: 0.032 s
2026-03-11 14:15:53.702 | DEBUG    | __main__:_tick:497 - [View planning] Took: 0.040 s
2026-03-11 14:15:54.698 | DEBUG    | __main__:_tick:497 - [View planning] Took: 0.035 s
2026-03-11 14:15:55.703 | DEBUG    | __main__:_tick:497 - [View planning] Took: 0.041 s
2026-03-11 14:15:56.694 | DEBUG    | __main__:_tick:497 - [View planning] Took: 0.033 s
2026-03-11 14:15:57.700 | DEBUG    | __main__:_tick:497 - [View planning] Took: 0.038 s
2026-03-11 14:15:58.695 | DEBUG    | __main__:_tick:497 - [View planning] Took: 0.033 s
2026-03-11 14:15:59.694 | DEBUG    | __main__:_tick:497 - [View planning] Took: 0.032 s
2026-03-11 14:16:00.702 | DEBUG    | __main__:_tick:497 - [View planning] Took: 0.040 s
2026-03-11 14:16:01.695 | DEBUG    | __main__:_tick:497 - [View planning] Took: 0.033 s
2026-03-11 14:16:02.707 | DEBUG    | __main__:_tick:497 - [View planning] Took: 0.039 s
2026-03-11 14:16:03.695 | DEBUG    | __main__:_tick:497 - [View planning] Took: 0.032 s
2026-03-11 14:16:04.697 | DEBUG    | __main__:_tick:497 - [View planning] Took: 0.035 s
2026-03-11 14:16:05.705 | DEBUG    | __main__:_tick:497 - [View planning] Took: 0.042 s
2026-03-11 14:16:06.695 | DEBUG    | __main__:_tick:497 - [View planning] Took: 0.033 s
2026-03-11 14:16:07.701 | DEBUG    | __main__:_tick:497 - [View planning] Took: 0.039 s
2026-03-11 14:16:08.693 | DEBUG    | __main__:_tick:497 - [View planning] Took: 0.031 s
2026-03-11 14:16:09.690 | DEBUG    | __main__:_tick:497 - [View planning] Took: 0.028 s
2026-03-11 14:16:10.704 | DEBUG    | __main__:_tick:497 - [View planning] Took: 0.030 s
2026-03-11 14:16:11.697 | DEBUG    | __main__:_tick:497 - [View planning] Took: 0.030 s
2026-03-11 14:16:12.698 | DEBUG    | __main__:_tick:497 - [View planning] Took: 0.030 s
2026-03-11 14:16:13.702 | DEBUG    | __main__:_tick:497 - [View planning] Took: 0.036 s
2026-03-11 14:16:14.692 | DEBUG    | __main__:_tick:497 - [View planning] Took: 0.030 s
2026-03-11 14:16:15.692 | DEBUG    | __main__:_tick:497 - [View planning] Took: 0.030 s
2026-03-11 14:16:16.702 | DEBUG    | __main__:_tick:497 - [View planning] Took: 0.031 s
2026-03-11 14:16:17.697 | DEBUG    | __main__:_tick:497 - [View planning] Took: 0.030 s
2026-03-11 14:16:18.698 | DEBUG    | __main__:_tick:497 - [View planning] Took: 0.035 s
2026-03-11 14:16:19.691 | DEBUG    | __main__:_tick:497 - [View planning] Took: 0.029 s
2026-03-11 14:16:20.690 | DEBUG    | __main__:_tick:497 - [View planning] Took: 0.029 s
2026-03-11 14:16:21.697 | DEBUG    | __main__:_tick:497 - [View planning] Took: 0.030 s
2026-03-11 14:16:22.687 | DEBUG    | __main__:_tick:497 - [View planning] Took: 0.026 s
2026-03-11 14:16:23.702 | DEBUG    | __main__:_tick:497 - [View planning] Took: 0.029 s
2026-03-11 14:16:24.690 | DEBUG    | __main__:_tick:497 - [View planning] Took: 0.029 s
2026-03-11 14:16:25.691 | DEBUG    | __main__:_tick:497 - [View planning] Took: 0.030 s
2026-03-11 14:16:26.692 | DEBUG    | __main__:_tick:497 - [View planning] Took: 0.031 s
2026-03-11 14:16:27.695 | DEBUG    | __main__:_tick:497 - [View planning] Took: 0.030 s
2026-03-11 14:16:28.697 | DEBUG    | __main__:_tick:497 - [View planning] Took: 0.036 s
2026-03-11 14:16:29.698 | DEBUG    | __main__:_tick:497 - [View planning] Took: 0.031 s
2026-03-11 14:16:30.702 | DEBUG    | __main__:_tick:497 - [View planning] Took: 0.032 s
2026-03-11 14:16:31.700 | DEBUG    | __main__:_tick:497 - [View planning] Took: 0.032 s
2026-03-11 14:16:32.707 | DEBUG    | __main__:_tick:497 - [View planning] Took: 0.034 s
2026-03-11 14:16:33.698 | DEBUG    | __main__:_tick:497 - [View planning] Took: 0.033 s
2026-03-11 14:16:34.696 | DEBUG    | __main__:_tick:497 - [View planning] Took: 0.032 s
2026-03-11 14:16:35.700 | DEBUG    | __main__:_tick:497 - [View planning] Took: 0.034 s
2026-03-11 14:16:36.707 | DEBUG    | __main__:_tick:497 - [View planning] Took: 0.035 s
2026-03-11 14:16:37.703 | DEBUG    | __main__:_tick:497 - [View planning] Took: 0.037 s
2026-03-11 14:16:38.700 | DEBUG    | __main__:_tick:497 - [View planning] Took: 0.035 s
2026-03-11 14:16:39.700 | DEBUG    | __main__:_tick:497 - [View planning] Took: 0.034 s
2026-03-11 14:16:40.702 | DEBUG    | __main__:_tick:497 - [View planning] Took: 0.035 s
2026-03-11 14:16:41.700 | DEBUG    | __main__:_tick:497 - [View planning] Took: 0.034 s
2026-03-11 14:16:42.716 | DEBUG    | __main__:_tick:497 - [View planning] Took: 0.036 s
2026-03-11 14:16:43.701 | DEBUG    | __main__:_tick:497 - [View planning] Took: 0.035 s
2026-03-11 14:16:44.701 | DEBUG    | __main__:_tick:497 - [View planning] Took: 0.035 s
2026-03-11 14:16:45.708 | DEBUG    | __main__:_tick:497 - [View planning] Took: 0.036 s
2026-03-11 14:16:46.710 | DEBUG    | __main__:_tick:497 - [View planning] Took: 0.042 s
2026-03-11 14:16:47.704 | DEBUG    | __main__:_tick:497 - [View planning] Took: 0.037 s
2026-03-11 14:16:48.704 | DEBUG    | __main__:_tick:497 - [View planning] Took: 0.036 s
2026-03-11 14:16:49.711 | DEBUG    | __main__:_tick:497 - [View planning] Took: 0.045 s
2026-03-11 14:16:50.708 | DEBUG    | __main__:_tick:497 - [View planning] Took: 0.042 s
2026-03-11 14:16:51.710 | DEBUG    | __main__:_tick:497 - [View planning] Took: 0.040 s
2026-03-11 14:16:52.718 | DEBUG    | __main__:_tick:497 - [View planning] Took: 0.040 s
2026-03-11 14:16:53.706 | DEBUG    | __main__:_tick:497 - [View planning] Took: 0.040 s
2026-03-11 14:16:54.712 | DEBUG    | __main__:_tick:497 - [View planning] Took: 0.040 s
2026-03-11 14:16:55.721 | DEBUG    | __main__:_tick:497 - [View planning] Took: 0.055 s
2026-03-11 14:16:56.713 | DEBUG    | __main__:_tick:497 - [View planning] Took: 0.047 s
2026-03-11 14:16:57.704 | DEBUG    | __main__:_tick:497 - [View planning] Took: 0.035 s
2026-03-11 14:16:58.711 | DEBUG    | __main__:_tick:497 - [View planning] Took: 0.043 s
2026-03-11 14:16:59.700 | DEBUG    | __main__:_tick:497 - [View planning] Took: 0.035 s
2026-03-11 14:17:00.700 | DEBUG    | __main__:_tick:497 - [View planning] Took: 0.035 s
2026-03-11 14:17:01.698 | DEBUG    | __main__:_tick:497 - [View planning] Took: 0.033 s
2026-03-11 14:17:02.707 | DEBUG    | __main__:_tick:497 - [View planning] Took: 0.042 s
2026-03-11 14:17:03.699 | DEBUG    | __main__:_tick:497 - [View planning] Took: 0.034 s
2026-03-11 14:17:04.698 | DEBUG    | __main__:_tick:497 - [View planning] Took: 0.033 s
2026-03-11 14:17:05.700 | DEBUG    | __main__:_tick:497 - [View planning] Took: 0.033 s
2026-03-11 14:17:06.703 | DEBUG    | __main__:_tick:497 - [View planning] Took: 0.038 s
2026-03-11 14:17:07.696 | DEBUG    | __main__:_tick:497 - [View planning] Took: 0.032 s
2026-03-11 14:17:08.696 | DEBUG    | __main__:_tick:497 - [View planning] Took: 0.033 s
2026-03-11 14:17:09.698 | DEBUG    | __main__:_tick:497 - [View planning] Took: 0.035 s
2026-03-11 14:17:10.701 | DEBUG    | __main__:_tick:497 - [View planning] Took: 0.039 s
2026-03-11 14:17:11.698 | DEBUG    | __main__:_tick:497 - [View planning] Took: 0.036 s
2026-03-11 14:17:12.704 | DEBUG    | __main__:_tick:497 - [View planning] Took: 0.032 s
2026-03-11 14:17:13.696 | DEBUG    | __main__:_tick:497 - [View planning] Took: 0.035 s
2026-03-11 14:17:14.691 | DEBUG    | __main__:_tick:497 - [View planning] Took: 0.031 s
2026-03-11 14:17:15.695 | DEBUG    | __main__:_tick:497 - [View planning] Took: 0.035 s
2026-03-11 14:17:16.694 | DEBUG    | __main__:_tick:497 - [View planning] Took: 0.029 s
2026-03-11 14:17:17.693 | DEBUG    | __main__:_tick:497 - [View planning] Took: 0.031 s
2026-03-11 14:17:18.699 | DEBUG    | __main__:_tick:497 - [View planning] Took: 0.037 s
2026-03-11 14:17:19.703 | DEBUG    | __main__:_tick:497 - [View planning] Took: 0.030 s
2026-03-11 14:17:20.693 | DEBUG    | __main__:_tick:497 - [View planning] Took: 0.031 s
2026-03-11 14:17:21.700 | DEBUG    | __main__:_tick:497 - [View planning] Took: 0.037 s
2026-03-11 14:17:22.695 | DEBUG    | __main__:_tick:497 - [View planning] Took: 0.033 s
2026-03-11 14:17:23.692 | DEBUG    | __main__:_tick:497 - [View planning] Took: 0.031 s
2026-03-11 14:17:24.689 | DEBUG    | __main__:_tick:497 - [View planning] Took: 0.028 s
2026-03-11 14:17:25.686 | DEBUG    | __main__:_tick:497 - [View planning] Took: 0.026 s
2026-03-11 14:17:26.699 | DEBUG    | __main__:_tick:497 - [View planning] Took: 0.039 s
2026-03-11 14:17:27.694 | DEBUG    | __main__:_tick:497 - [View planning] Took: 0.033 s
2026-03-11 14:17:28.695 | DEBUG    | __main__:_tick:497 - [View planning] Took: 0.034 s
2026-03-11 14:17:29.688 | DEBUG    | __main__:_tick:497 - [View planning] Took: 0.028 s
2026-03-11 14:17:30.689 | DEBUG    | __main__:_tick:497 - [View planning] Took: 0.028 s
2026-03-11 14:17:31.691 | DEBUG    | __main__:_tick:497 - [View planning] Took: 0.029 s
2026-03-11 14:17:32.691 | DEBUG    | __main__:_tick:497 - [View planning] Took: 0.029 s
2026-03-11 14:17:33.692 | DEBUG    | __main__:_tick:497 - [View planning] Took: 0.030 s
2026-03-11 14:17:34.708 | DEBUG    | __main__:_tick:497 - [View planning] Took: 0.030 s
2026-03-11 14:17:35.709 | DEBUG    | __main__:_tick:497 - [View planning] Took: 0.035 s
2026-03-11 14:17:36.701 | DEBUG    | __main__:_tick:497 - [View planning] Took: 0.031 s
2026-03-11 14:17:37.694 | DEBUG    | __main__:_tick:497 - [View planning] Took: 0.031 s
2026-03-11 14:17:38.694 | DEBUG    | __main__:_tick:497 - [View planning] Took: 0.031 s
2026-03-11 14:17:39.693 | DEBUG    | __main__:_tick:497 - [View planning] Took: 0.030 s
2026-03-11 14:17:40.702 | DEBUG    | __main__:_tick:497 - [View planning] Took: 0.037 s
2026-03-11 14:17:41.708 | DEBUG    | __main__:_tick:497 - [View planning] Took: 0.043 s
2026-03-11 14:17:42.701 | DEBUG    | __main__:_tick:497 - [View planning] Took: 0.037 s
2026-03-11 14:17:43.711 | DEBUG    | __main__:_tick:497 - [View planning] Took: 0.046 s
2026-03-11 14:17:44.713 | DEBUG    | __main__:_tick:497 - [View planning] Took: 0.048 s
2026-03-11 14:17:45.711 | DEBUG    | __main__:_tick:497 - [View planning] Took: 0.044 s
2026-03-11 14:17:46.711 | DEBUG    | __main__:_tick:497 - [View planning] Took: 0.039 s
2026-03-11 14:17:47.719 | DEBUG    | __main__:_tick:497 - [View planning] Took: 0.052 s
2026-03-11 14:17:48.719 | DEBUG    | __main__:_tick:497 - [View planning] Took: 0.054 s
2026-03-11 14:17:49.701 | DEBUG    | __main__:_tick:497 - [View planning] Took: 0.035 s
2026-03-11 14:17:50.701 | DEBUG    | __main__:_tick:497 - [View planning] Took: 0.035 s
2026-03-11 14:17:51.706 | DEBUG    | __main__:_tick:497 - [View planning] Took: 0.035 s
2026-03-11 14:17:52.702 | DEBUG    | __main__:_tick:497 - [View planning] Took: 0.036 s
2026-03-11 14:17:53.702 | DEBUG    | __main__:_tick:497 - [View planning] Took: 0.036 s
2026-03-11 14:17:54.702 | DEBUG    | __main__:_tick:497 - [View planning] Took: 0.035 s
2026-03-11 14:17:55.709 | DEBUG    | __main__:_tick:497 - [View planning] Took: 0.042 s
2026-03-11 14:17:56.701 | DEBUG    | __main__:_tick:497 - [View planning] Took: 0.035 s
2026-03-11 14:17:57.699 | DEBUG    | __main__:_tick:497 - [View planning] Took: 0.034 s
2026-03-11 14:17:58.701 | DEBUG    | __main__:_tick:497 - [View planning] Took: 0.035 s
2026-03-11 14:17:59.700 | DEBUG    | __main__:_tick:497 - [View planning] Took: 0.035 s
2026-03-11 14:18:00.705 | DEBUG    | __main__:_tick:497 - [View planning] Took: 0.033 s
2026-03-11 14:18:01.699 | DEBUG    | __main__:_tick:497 - [View planning] Took: 0.033 s
2026-03-11 14:18:02.700 | DEBUG    | __main__:_tick:497 - [View planning] Took: 0.034 s
2026-03-11 14:18:03.699 | DEBUG    | __main__:_tick:497 - [View planning] Took: 0.034 s
2026-03-11 14:18:04.698 | DEBUG    | __main__:_tick:497 - [View planning] Took: 0.033 s
2026-03-11 14:18:05.698 | DEBUG    | __main__:_tick:497 - [View planning] Took: 0.033 s
2026-03-11 14:18:06.698 | DEBUG    | __main__:_tick:497 - [View planning] Took: 0.033 s
2026-03-11 14:18:07.697 | DEBUG    | __main__:_tick:497 - [View planning] Took: 0.032 s
2026-03-11 14:18:08.697 | DEBUG    | __main__:_tick:497 - [View planning] Took: 0.033 s
2026-03-11 14:18:09.706 | DEBUG    | __main__:_tick:497 - [View planning] Took: 0.041 s
2026-03-11 14:18:10.693 | DEBUG    | __main__:_tick:497 - [View planning] Took: 0.030 s
2026-03-11 14:18:11.692 | DEBUG    | __main__:_tick:497 - [View planning] Took: 0.029 s
2026-03-11 14:18:12.690 | DEBUG    | __main__:_tick:497 - [View planning] Took: 0.028 s
2026-03-11 14:18:13.691 | DEBUG    | __main__:_tick:497 - [View planning] Took: 0.029 s
2026-03-11 14:18:14.691 | DEBUG    | __main__:_tick:497 - [View planning] Took: 0.028 s
2026-03-11 14:18:15.692 | DEBUG    | __main__:_tick:497 - [View planning] Took: 0.030 s
2026-03-11 14:18:16.702 | DEBUG    | __main__:_tick:497 - [View planning] Took: 0.039 s
2026-03-11 14:18:17.695 | DEBUG    | __main__:_tick:497 - [View planning] Took: 0.033 s
2026-03-11 14:18:18.702 | DEBUG    | __main__:_tick:497 - [View planning] Took: 0.040 s
2026-03-11 14:18:19.699 | DEBUG    | __main__:_tick:497 - [View planning] Took: 0.032 s
2026-03-11 14:18:20.697 | DEBUG    | __main__:_tick:497 - [View planning] Took: 0.030 s
2026-03-11 14:18:21.692 | DEBUG    | __main__:_tick:497 - [View planning] Took: 0.030 s
2026-03-11 14:18:22.698 | DEBUG    | __main__:_tick:497 - [View planning] Took: 0.036 s
2026-03-11 14:18:23.706 | DEBUG    | __main__:_tick:497 - [View planning] Took: 0.042 s
2026-03-11 14:18:24.695 | DEBUG    | __main__:_tick:497 - [View planning] Took: 0.033 s
2026-03-11 14:18:25.694 | DEBUG    | __main__:_tick:497 - [View planning] Took: 0.032 s
2026-03-11 14:18:26.692 | DEBUG    | __main__:_tick:497 - [View planning] Took: 0.030 s
2026-03-11 14:18:27.698 | DEBUG    | __main__:_tick:497 - [View planning] Took: 0.036 s
2026-03-11 14:18:28.690 | DEBUG    | __main__:_tick:497 - [View planning] Took: 0.028 s
2026-03-11 14:18:29.690 | DEBUG    | __main__:_tick:497 - [View planning] Took: 0.028 s
2026-03-11 14:18:30.694 | DEBUG    | __main__:_tick:497 - [View planning] Took: 0.032 s
2026-03-11 14:18:31.713 | DEBUG    | __main__:_tick:497 - [View planning] Took: 0.042 s
2026-03-11 14:18:32.701 | DEBUG    | __main__:_tick:497 - [View planning] Took: 0.032 s
2026-03-11 14:18:33.707 | DEBUG    | __main__:_tick:497 - [View planning] Took: 0.044 s
2026-03-11 14:18:34.711 | DEBUG    | __main__:_tick:497 - [View planning] Took: 0.048 s
2026-03-11 14:18:35.716 | DEBUG    | __main__:_tick:497 - [View planning] Took: 0.053 s
2026-03-11 14:18:36.717 | DEBUG    | __main__:_tick:497 - [View planning] Took: 0.054 s
2026-03-11 14:18:37.714 | DEBUG    | __main__:_tick:497 - [View planning] Took: 0.050 s
2026-03-11 14:18:38.707 | DEBUG    | __main__:_tick:497 - [View planning] Took: 0.040 s
2026-03-11 14:18:39.696 | DEBUG    | __main__:_tick:497 - [View planning] Took: 0.032 s
2026-03-11 14:18:40.697 | DEBUG    | __main__:_tick:497 - [View planning] Took: 0.031 s
2026-03-11 14:18:41.696 | DEBUG    | __main__:_tick:497 - [View planning] Took: 0.032 s
2026-03-11 14:18:42.703 | DEBUG    | __main__:_tick:497 - [View planning] Took: 0.038 s
2026-03-11 14:18:43.696 | DEBUG    | __main__:_tick:497 - [View planning] Took: 0.032 s
2026-03-11 14:18:44.695 | DEBUG    | __main__:_tick:497 - [View planning] Took: 0.032 s
2026-03-11 14:18:45.697 | DEBUG    | __main__:_tick:497 - [View planning] Took: 0.031 s
2026-03-11 14:18:46.696 | DEBUG    | __main__:_tick:497 - [View planning] Took: 0.031 s
2026-03-11 14:18:47.700 | DEBUG    | __main__:_tick:497 - [View planning] Took: 0.036 s
2026-03-11 14:18:48.702 | DEBUG    | __main__:_tick:497 - [View planning] Took: 0.032 s
2026-03-11 14:18:49.695 | DEBUG    | __main__:_tick:497 - [View planning] Took: 0.031 s
2026-03-11 14:18:50.694 | DEBUG    | __main__:_tick:497 - [View planning] Took: 0.030 s
2026-03-11 14:18:51.697 | DEBUG    | __main__:_tick:497 - [View planning] Took: 0.034 s
2026-03-11 14:18:52.696 | DEBUG    | __main__:_tick:497 - [View planning] Took: 0.032 s
2026-03-11 14:18:53.696 | DEBUG    | __main__:_tick:497 - [View planning] Took: 0.032 s
2026-03-11 14:18:54.701 | DEBUG    | __main__:_tick:497 - [View planning] Took: 0.038 s
2026-03-11 14:18:55.695 | DEBUG    | __main__:_tick:497 - [View planning] Took: 0.031 s
2026-03-11 14:18:56.703 | DEBUG    | __main__:_tick:497 - [View planning] Took: 0.031 s
2026-03-11 14:18:57.695 | DEBUG    | __main__:_tick:497 - [View planning] Took: 0.031 s
2026-03-11 14:18:58.697 | DEBUG    | __main__:_tick:497 - [View planning] Took: 0.031 s
2026-03-11 14:18:59.694 | DEBUG    | __main__:_tick:497 - [View planning] Took: 0.030 s
2026-03-11 14:19:00.694 | DEBUG    | __main__:_tick:497 - [View planning] Took: 0.030 s
2026-03-11 14:19:01.703 | DEBUG    | __main__:_tick:497 - [View planning] Took: 0.030 s
2026-03-11 14:19:02.694 | DEBUG    | __main__:_tick:497 - [View planning] Took: 0.030 s
2026-03-11 14:19:03.694 | DEBUG    | __main__:_tick:497 - [View planning] Took: 0.031 s
2026-03-11 14:19:04.696 | DEBUG    | __main__:_tick:497 - [View planning] Took: 0.030 s
2026-03-11 14:19:05.694 | DEBUG    | __main__:_tick:497 - [View planning] Took: 0.031 s
2026-03-11 14:19:06.695 | DEBUG    | __main__:_tick:497 - [View planning] Took: 0.032 s
2026-03-11 14:19:07.702 | DEBUG    | __main__:_tick:497 - [View planning] Took: 0.037 s
2026-03-11 14:19:08.694 | DEBUG    | __main__:_tick:497 - [View planning] Took: 0.031 s
2026-03-11 14:19:09.706 | DEBUG    | __main__:_tick:497 - [View planning] Took: 0.039 s
2026-03-11 14:19:10.708 | DEBUG    | __main__:_tick:497 - [View planning] Took: 0.040 s
2026-03-11 14:19:11.703 | DEBUG    | __main__:_tick:497 - [View planning] Took: 0.033 s
2026-03-11 14:19:12.695 | DEBUG    | __main__:_tick:497 - [View planning] Took: 0.031 s
2026-03-11 14:19:13.695 | DEBUG    | __main__:_tick:497 - [View planning] Took: 0.031 s
2026-03-11 14:19:14.704 | DEBUG    | __main__:_tick:497 - [View planning] Took: 0.037 s
2026-03-11 14:19:15.693 | DEBUG    | __main__:_tick:497 - [View planning] Took: 0.030 s
2026-03-11 14:19:16.705 | DEBUG    | __main__:_tick:497 - [View planning] Took: 0.032 s
2026-03-11 14:19:17.702 | DEBUG    | __main__:_tick:497 - [View planning] Took: 0.032 s
2026-03-11 14:19:18.695 | DEBUG    | __main__:_tick:497 - [View planning] Took: 0.031 s
2026-03-11 14:19:19.696 | DEBUG    | __main__:_tick:497 - [View planning] Took: 0.032 s
2026-03-11 14:19:20.696 | DEBUG    | __main__:_tick:497 - [View planning] Took: 0.031 s
2026-03-11 14:19:21.701 | DEBUG    | __main__:_tick:497 - [View planning] Took: 0.037 s
2026-03-11 14:19:22.695 | DEBUG    | __main__:_tick:497 - [View planning] Took: 0.031 s
2026-03-11 14:19:23.695 | DEBUG    | __main__:_tick:497 - [View planning] Took: 0.031 s
2026-03-11 14:19:24.696 | DEBUG    | __main__:_tick:497 - [View planning] Took: 0.032 s
2026-03-11 14:19:25.694 | DEBUG    | __main__:_tick:497 - [View planning] Took: 0.031 s
2026-03-11 14:19:26.695 | DEBUG    | __main__:_tick:497 - [View planning] Took: 0.031 s
2026-03-11 14:19:27.702 | DEBUG    | __main__:_tick:497 - [View planning] Took: 0.038 s
2026-03-11 14:19:28.698 | DEBUG    | __main__:_tick:497 - [View planning] Took: 0.031 s
2026-03-11 14:19:29.694 | DEBUG    | __main__:_tick:497 - [View planning] Took: 0.031 s
2026-03-11 14:19:30.695 | DEBUG    | __main__:_tick:497 - [View planning] Took: 0.031 s
2026-03-11 14:19:31.694 | DEBUG    | __main__:_tick:497 - [View planning] Took: 0.030 s
2026-03-11 14:19:32.701 | DEBUG    | __main__:_tick:497 - [View planning] Took: 0.030 s
2026-03-11 14:19:33.698 | DEBUG    | __main__:_tick:497 - [View planning] Took: 0.030 s
2026-03-11 14:19:34.693 | DEBUG    | __main__:_tick:497 - [View planning] Took: 0.030 s
2026-03-11 14:19:35.698 | DEBUG    | __main__:_tick:497 - [View planning] Took: 0.035 s
2026-03-11 14:19:36.693 | DEBUG    | __main__:_tick:497 - [View planning] Took: 0.030 s
2026-03-11 14:19:37.692 | DEBUG    | __main__:_tick:497 - [View planning] Took: 0.029 s
2026-03-11 14:19:38.692 | DEBUG    | __main__:_tick:497 - [View planning] Took: 0.029 s
2026-03-11 14:19:39.692 | DEBUG    | __main__:_tick:497 - [View planning] Took: 0.030 s
2026-03-11 14:19:40.693 | DEBUG    | __main__:_tick:497 - [View planning] Took: 0.029 s
2026-03-11 14:19:41.696 | DEBUG    | __main__:_tick:497 - [View planning] Took: 0.030 s
2026-03-11 14:19:42.701 | DEBUG    | __main__:_tick:497 - [View planning] Took: 0.030 s
2026-03-11 14:19:43.693 | DEBUG    | __main__:_tick:497 - [View planning] Took: 0.030 s
2026-03-11 14:19:44.696 | DEBUG    | __main__:_tick:497 - [View planning] Took: 0.033 s
2026-03-11 14:19:45.693 | DEBUG    | __main__:_tick:497 - [View planning] Took: 0.030 s
2026-03-11 14:19:46.693 | DEBUG    | __main__:_tick:497 - [View planning] Took: 0.030 s
2026-03-11 14:19:47.699 | DEBUG    | __main__:_tick:497 - [View planning] Took: 0.036 s
2026-03-11 14:19:48.700 | DEBUG    | __main__:_tick:497 - [View planning] Took: 0.030 s
2026-03-11 14:19:49.693 | DEBUG    | __main__:_tick:497 - [View planning] Took: 0.030 s
2026-03-11 14:19:50.693 | DEBUG    | __main__:_tick:497 - [View planning] Took: 0.029 s
2026-03-11 14:19:51.692 | DEBUG    | __main__:_tick:497 - [View planning] Took: 0.029 s
2026-03-11 14:19:52.702 | DEBUG    | __main__:_tick:497 - [View planning] Took: 0.029 s
2026-03-11 14:19:53.698 | DEBUG    | __main__:_tick:497 - [View planning] Took: 0.035 s
2026-03-11 14:19:54.690 | DEBUG    | __main__:_tick:497 - [View planning] Took: 0.028 s
2026-03-11 14:19:55.696 | DEBUG    | __main__:_tick:497 - [View planning] Took: 0.034 s
2026-03-11 14:19:56.702 | DEBUG    | __main__:_tick:497 - [View planning] Took: 0.028 s
2026-03-11 14:19:57.698 | DEBUG    | __main__:_tick:497 - [View planning] Took: 0.029 s
2026-03-11 14:19:58.691 | DEBUG    | __main__:_tick:497 - [View planning] Took: 0.029 s
2026-03-11 14:19:59.691 | DEBUG    | __main__:_tick:497 - [View planning] Took: 0.029 s
2026-03-11 14:20:00.695 | DEBUG    | __main__:_tick:497 - [View planning] Took: 0.028 s
2026-03-11 14:20:01.701 | DEBUG    | __main__:_tick:497 - [View planning] Took: 0.035 s
2026-03-11 14:20:02.692 | DEBUG    | __main__:_tick:497 - [View planning] Took: 0.030 s
2026-03-11 14:20:03.693 | DEBUG    | __main__:_tick:497 - [View planning] Took: 0.030 s
2026-03-11 14:20:04.702 | DEBUG    | __main__:_tick:497 - [View planning] Took: 0.034 s
2026-03-11 14:20:05.692 | DEBUG    | __main__:_tick:497 - [View planning] Took: 0.030 s
2026-03-11 14:20:06.700 | DEBUG    | __main__:_tick:497 - [View planning] Took: 0.036 s
2026-03-11 14:20:07.693 | DEBUG    | __main__:_tick:497 - [View planning] Took: 0.030 s
2026-03-11 14:20:08.693 | DEBUG    | __main__:_tick:497 - [View planning] Took: 0.030 s
2026-03-11 14:20:09.693 | DEBUG    | __main__:_tick:497 - [View planning] Took: 0.030 s
2026-03-11 14:20:10.693 | DEBUG    | __main__:_tick:497 - [View planning] Took: 0.031 s
2026-03-11 14:20:11.693 | DEBUG    | __main__:_tick:497 - [View planning] Took: 0.030 s
2026-03-11 14:20:12.693 | DEBUG    | __main__:_tick:497 - [View planning] Took: 0.031 s
2026-03-11 14:20:13.693 | DEBUG    | __main__:_tick:497 - [View planning] Took: 0.030 s
2026-03-11 14:20:14.697 | DEBUG    | __main__:_tick:497 - [View planning] Took: 0.030 s
2026-03-11 14:20:15.693 | DEBUG    | __main__:_tick:497 - [View planning] Took: 0.030 s
2026-03-11 14:20:16.696 | DEBUG    | __main__:_tick:497 - [View planning] Took: 0.030 s
2026-03-11 14:20:17.694 | DEBUG    | __main__:_tick:497 - [View planning] Took: 0.030 s
2026-03-11 14:20:18.693 | DEBUG    | __main__:_tick:497 - [View planning] Took: 0.030 s
2026-03-11 14:20:19.699 | DEBUG    | __main__:_tick:497 - [View planning] Took: 0.036 s
2026-03-11 14:20:20.693 | DEBUG    | __main__:_tick:497 - [View planning] Took: 0.030 s
2026-03-11 14:20:21.697 | DEBUG    | __main__:_tick:497 - [View planning] Took: 0.030 s
2026-03-11 14:20:22.695 | DEBUG    | __main__:_tick:497 - [View planning] Took: 0.032 s
2026-03-11 14:20:23.712 | DEBUG    | __main__:_tick:497 - [View planning] Took: 0.038 s
2026-03-11 14:20:24.695 | DEBUG    | __main__:_tick:497 - [View planning] Took: 0.032 s
2026-03-11 14:20:25.694 | DEBUG    | __main__:_tick:497 - [View planning] Took: 0.031 s
2026-03-11 14:20:26.695 | DEBUG    | __main__:_tick:497 - [View planning] Took: 0.032 s
2026-03-11 14:20:27.706 | DEBUG    | __main__:_tick:497 - [View planning] Took: 0.039 s
2026-03-11 14:20:28.694 | DEBUG    | __main__:_tick:497 - [View planning] Took: 0.031 s
2026-03-11 14:20:29.695 | DEBUG    | __main__:_tick:497 - [View planning] Took: 0.032 s
2026-03-11 14:20:30.696 | DEBUG    | __main__:_tick:497 - [View planning] Took: 0.032 s
2026-03-11 14:20:31.695 | DEBUG    | __main__:_tick:497 - [View planning] Took: 0.031 s
2026-03-11 14:20:32.694 | DEBUG    | __main__:_tick:497 - [View planning] Took: 0.030 s
2026-03-11 14:20:33.693 | DEBUG    | __main__:_tick:497 - [View planning] Took: 0.030 s
2026-03-11 14:20:34.692 | DEBUG    | __main__:_tick:497 - [View planning] Took: 0.029 s
2026-03-11 14:20:35.701 | DEBUG    | __main__:_tick:497 - [View planning] Took: 0.038 s
2026-03-11 14:20:36.707 | DEBUG    | __main__:_tick:497 - [View planning] Took: 0.033 s
2026-03-11 14:20:37.704 | DEBUG    | __main__:_tick:497 - [View planning] Took: 0.031 s
2026-03-11 14:20:38.696 | DEBUG    | __main__:_tick:497 - [View planning] Took: 0.032 s
2026-03-11 14:20:39.696 | DEBUG    | __main__:_tick:497 - [View planning] Took: 0.032 s
2026-03-11 14:20:40.695 | DEBUG    | __main__:_tick:497 - [View planning] Took: 0.031 s
2026-03-11 14:20:41.702 | DEBUG    | __main__:_tick:497 - [View planning] Took: 0.032 s
2026-03-11 14:20:42.696 | DEBUG    | __main__:_tick:497 - [View planning] Took: 0.031 s
2026-03-11 14:20:43.697 | DEBUG    | __main__:_tick:497 - [View planning] Took: 0.033 s
2026-03-11 14:20:44.696 | DEBUG    | __main__:_tick:497 - [View planning] Took: 0.032 s
2026-03-11 14:20:45.696 | DEBUG    | __main__:_tick:497 - [View planning] Took: 0.032 s
2026-03-11 14:20:46.695 | DEBUG    | __main__:_tick:497 - [View planning] Took: 0.031 s
2026-03-11 14:20:47.701 | DEBUG    | __main__:_tick:497 - [View planning] Took: 0.037 s
2026-03-11 14:20:48.698 | DEBUG    | __main__:_tick:497 - [View planning] Took: 0.032 s
2026-03-11 14:20:49.696 | DEBUG    | __main__:_tick:497 - [View planning] Took: 0.032 s
2026-03-11 14:20:50.696 | DEBUG    | __main__:_tick:497 - [View planning] Took: 0.031 s
2026-03-11 14:20:51.695 | DEBUG    | __main__:_tick:497 - [View planning] Took: 0.032 s
2026-03-11 14:20:52.705 | DEBUG    | __main__:_tick:497 - [View planning] Took: 0.040 s
2026-03-11 14:20:53.697 | DEBUG    | __main__:_tick:497 - [View planning] Took: 0.031 s
2026-03-11 14:20:54.695 | DEBUG    | __main__:_tick:497 - [View planning] Took: 0.032 s
2026-03-11 14:20:55.695 | DEBUG    | __main__:_tick:497 - [View planning] Took: 0.031 s
2026-03-11 14:20:56.694 | DEBUG    | __main__:_tick:497 - [View planning] Took: 0.031 s
2026-03-11 14:20:57.710 | DEBUG    | __main__:_tick:497 - [View planning] Took: 0.038 s
2026-03-11 14:20:58.694 | DEBUG    | __main__:_tick:497 - [View planning] Took: 0.031 s
2026-03-11 14:20:59.694 | DEBUG    | __main__:_tick:497 - [View planning] Took: 0.031 s
2026-03-11 14:21:00.693 | DEBUG    | __main__:_tick:497 - [View planning] Took: 0.030 s
2026-03-11 14:21:01.693 | DEBUG    | __main__:_tick:497 - [View planning] Took: 0.031 s
2026-03-11 14:21:02.697 | DEBUG    | __main__:_tick:497 - [View planning] Took: 0.034 s
2026-03-11 14:21:03.693 | DEBUG    | __main__:_tick:497 - [View planning] Took: 0.030 s
2026-03-11 14:21:04.692 | DEBUG    | __main__:_tick:497 - [View planning] Took: 0.030 s
2026-03-11 14:21:05.692 | DEBUG    | __main__:_tick:497 - [View planning] Took: 0.030 s
2026-03-11 14:21:06.691 | DEBUG    | __main__:_tick:497 - [View planning] Took: 0.029 s
2026-03-11 14:21:07.691 | DEBUG    | __main__:_tick:497 - [View planning] Took: 0.029 s
2026-03-11 14:21:08.690 | DEBUG    | __main__:_tick:497 - [View planning] Took: 0.028 s
2026-03-11 14:21:09.692 | DEBUG    | __main__:_tick:497 - [View planning] Took: 0.030 s
2026-03-11 14:21:10.699 | DEBUG    | __main__:_tick:497 - [View planning] Took: 0.036 s
2026-03-11 14:21:11.697 | DEBUG    | __main__:_tick:497 - [View planning] Took: 0.034 s
2026-03-11 14:21:12.694 | DEBUG    | __main__:_tick:497 - [View planning] Took: 0.031 s
2026-03-11 14:21:13.694 | DEBUG    | __main__:_tick:497 - [View planning] Took: 0.031 s
2026-03-11 14:21:14.694 | DEBUG    | __main__:_tick:497 - [View planning] Took: 0.030 s
2026-03-11 14:21:15.701 | DEBUG    | __main__:_tick:497 - [View planning] Took: 0.038 s
2026-03-11 14:21:16.695 | DEBUG    | __main__:_tick:497 - [View planning] Took: 0.032 s
2026-03-11 14:21:17.698 | DEBUG    | __main__:_tick:497 - [View planning] Took: 0.030 s
2026-03-11 14:21:18.699 | DEBUG    | __main__:_tick:497 - [View planning] Took: 0.035 s
2026-03-11 14:21:19.692 | DEBUG    | __main__:_tick:497 - [View planning] Took: 0.029 s
2026-03-11 14:21:20.698 | DEBUG    | __main__:_tick:497 - [View planning] Took: 0.032 s
2026-03-11 14:21:21.696 | DEBUG    | __main__:_tick:497 - [View planning] Took: 0.028 s
2026-03-11 14:21:22.695 | DEBUG    | __main__:_tick:497 - [View planning] Took: 0.031 s
2026-03-11 14:21:23.694 | DEBUG    | __main__:_tick:497 - [View planning] Took: 0.030 s
2026-03-11 14:21:24.702 | DEBUG    | __main__:_tick:497 - [View planning] Took: 0.032 s
2026-03-11 14:21:25.695 | DEBUG    | __main__:_tick:497 - [View planning] Took: 0.030 s
2026-03-11 14:21:26.698 | DEBUG    | __main__:_tick:497 - [View planning] Took: 0.036 s
2026-03-11 14:21:27.691 | DEBUG    | __main__:_tick:497 - [View planning] Took: 0.029 s
2026-03-11 14:21:28.689 | DEBUG    | __main__:_tick:497 - [View planning] Took: 0.027 s
2026-03-11 14:21:29.687 | DEBUG    | __main__:_tick:497 - [View planning] Took: 0.027 s
2026-03-11 14:21:30.684 | DEBUG    | __main__:_tick:497 - [View planning] Took: 0.024 s
2026-03-11 14:21:31.683 | DEBUG    | __main__:_tick:497 - [View planning] Took: 0.023 s
2026-03-11 14:21:32.684 | DEBUG    | __main__:_tick:497 - [View planning] Took: 0.022 s
2026-03-11 14:21:33.683 | DEBUG    | __main__:_tick:497 - [View planning] Took: 0.024 s
2026-03-11 14:21:34.686 | DEBUG    | __main__:_tick:497 - [View planning] Took: 0.024 s
2026-03-11 14:21:35.685 | DEBUG    | __main__:_tick:497 - [View planning] Took: 0.024 s
2026-03-11 14:21:36.682 | DEBUG    | __main__:_tick:497 - [View planning] Took: 0.022 s
2026-03-11 14:21:37.682 | DEBUG    | __main__:_tick:497 - [View planning] Took: 0.022 s
2026-03-11 14:21:38.684 | DEBUG    | __main__:_tick:497 - [View planning] Took: 0.024 s
2026-03-11 14:21:39.686 | DEBUG    | __main__:_tick:497 - [View planning] Took: 0.026 s
2026-03-11 14:21:40.705 | DEBUG    | __main__:_tick:497 - [View planning] Took: 0.043 s
2026-03-11 14:21:41.696 | DEBUG    | __main__:_tick:497 - [View planning] Took: 0.029 s
2026-03-11 14:21:42.693 | DEBUG    | __main__:_tick:497 - [View planning] Took: 0.030 s
2026-03-11 14:21:43.694 | DEBUG    | __main__:_tick:497 - [View planning] Took: 0.031 s
2026-03-11 14:21:44.695 | DEBUG    | __main__:_tick:497 - [View planning] Took: 0.030 s
2026-03-11 14:21:45.694 | DEBUG    | __main__:_tick:497 - [View planning] Took: 0.030 s
2026-03-11 14:21:46.708 | DEBUG    | __main__:_tick:497 - [View planning] Took: 0.030 s
2026-03-11 14:21:47.695 | DEBUG    | __main__:_tick:497 - [View planning] Took: 0.031 s
2026-03-11 14:21:48.704 | DEBUG    | __main__:_tick:497 - [View planning] Took: 0.031 s
2026-03-11 14:21:49.697 | DEBUG    | __main__:_tick:497 - [View planning] Took: 0.034 s
2026-03-11 14:21:50.708 | DEBUG    | __main__:_tick:497 - [View planning] Took: 0.040 s
2026-03-11 14:21:51.708 | DEBUG    | __main__:_tick:497 - [View planning] Took: 0.035 s
2026-03-11 14:21:52.716 | DEBUG    | __main__:_tick:497 - [View planning] Took: 0.042 s
2026-03-11 14:21:53.704 | DEBUG    | __main__:_tick:497 - [View planning] Took: 0.040 s
2026-03-11 14:21:54.702 | DEBUG    | __main__:_tick:497 - [View planning] Took: 0.032 s
2026-03-11 14:21:55.696 | DEBUG    | __main__:_tick:497 - [View planning] Took: 0.032 s
2026-03-11 14:21:56.702 | DEBUG    | __main__:_tick:497 - [View planning] Took: 0.039 s
2026-03-11 14:21:57.708 | DEBUG    | __main__:_tick:497 - [View planning] Took: 0.043 s
2026-03-11 14:21:58.695 | DEBUG    | __main__:_tick:497 - [View planning] Took: 0.032 s
2026-03-11 14:21:59.697 | DEBUG    | __main__:_tick:497 - [View planning] Took: 0.034 s
2026-03-11 14:22:00.697 | DEBUG    | __main__:_tick:497 - [View planning] Took: 0.033 s
2026-03-11 14:22:01.691 | DEBUG    | __main__:_tick:497 - [View planning] Took: 0.028 s
2026-03-11 14:22:02.688 | DEBUG    | __main__:_tick:497 - [View planning] Took: 0.027 s
2026-03-11 14:22:03.699 | DEBUG    | __main__:_tick:497 - [View planning] Took: 0.033 s
2026-03-11 14:22:04.688 | DEBUG    | __main__:_tick:497 - [View planning] Took: 0.027 s
2026-03-11 14:22:05.688 | DEBUG    | __main__:_tick:497 - [View planning] Took: 0.027 s
2026-03-11 14:22:06.689 | DEBUG    | __main__:_tick:497 - [View planning] Took: 0.028 s
2026-03-11 14:22:07.690 | DEBUG    | __main__:_tick:497 - [View planning] Took: 0.027 s
2026-03-11 14:22:08.689 | DEBUG    | __main__:_tick:497 - [View planning] Took: 0.027 s
2026-03-11 14:22:09.689 | DEBUG    | __main__:_tick:497 - [View planning] Took: 0.028 s
2026-03-11 14:22:10.688 | DEBUG    | __main__:_tick:497 - [View planning] Took: 0.027 s
2026-03-11 14:22:11.692 | DEBUG    | __main__:_tick:497 - [View planning] Took: 0.029 s
2026-03-11 14:22:12.695 | DEBUG    | __main__:_tick:497 - [View planning] Took: 0.030 s
2026-03-11 14:22:13.708 | DEBUG    | __main__:_tick:497 - [View planning] Took: 0.038 s
2026-03-11 14:22:14.695 | DEBUG    | __main__:_tick:497 - [View planning] Took: 0.031 s
2026-03-11 14:22:15.694 | DEBUG    | __main__:_tick:497 - [View planning] Took: 0.031 s
2026-03-11 14:22:16.700 | DEBUG    | __main__:_tick:497 - [View planning] Took: 0.031 s
2026-03-11 14:22:17.696 | DEBUG    | __main__:_tick:497 - [View planning] Took: 0.030 s
2026-03-11 14:22:18.696 | DEBUG    | __main__:_tick:497 - [View planning] Took: 0.031 s
2026-03-11 14:22:19.696 | DEBUG    | __main__:_tick:497 - [View planning] Took: 0.031 s
2026-03-11 14:22:20.703 | DEBUG    | __main__:_tick:497 - [View planning] Took: 0.032 s
2026-03-11 14:22:21.694 | DEBUG    | __main__:_tick:497 - [View planning] Took: 0.030 s
2026-03-11 14:22:22.701 | DEBUG    | __main__:_tick:497 - [View planning] Took: 0.037 s
2026-03-11 14:22:23.697 | DEBUG    | __main__:_tick:497 - [View planning] Took: 0.031 s
2026-03-11 14:22:24.695 | DEBUG    | __main__:_tick:497 - [View planning] Took: 0.031 s
2026-03-11 14:22:25.694 | DEBUG    | __main__:_tick:497 - [View planning] Took: 0.031 s
2026-03-11 14:22:26.694 | DEBUG    | __main__:_tick:497 - [View planning] Took: 0.030 s
2026-03-11 14:22:27.693 | DEBUG    | __main__:_tick:497 - [View planning] Took: 0.030 s
2026-03-11 14:22:28.693 | DEBUG    | __main__:_tick:497 - [View planning] Took: 0.030 s
2026-03-11 14:22:29.705 | DEBUG    | __main__:_tick:497 - [View planning] Took: 0.029 s
2026-03-11 14:22:30.704 | DEBUG    | __main__:_tick:497 - [View planning] Took: 0.029 s
2026-03-11 14:22:31.689 | DEBUG    | __main__:_tick:497 - [View planning] Took: 0.027 s
2026-03-11 14:22:32.689 | DEBUG    | __main__:_tick:497 - [View planning] Took: 0.025 s
2026-03-11 14:22:33.694 | DEBUG    | __main__:_tick:497 - [View planning] Took: 0.033 s
2026-03-11 14:22:34.687 | DEBUG    | __main__:_tick:497 - [View planning] Took: 0.026 s
2026-03-11 14:22:35.686 | DEBUG    | __main__:_tick:497 - [View planning] Took: 0.026 s
2026-03-11 14:22:36.697 | DEBUG    | __main__:_tick:497 - [View planning] Took: 0.027 s
2026-03-11 14:22:37.693 | DEBUG    | __main__:_tick:497 - [View planning] Took: 0.030 s
2026-03-11 14:22:38.696 | DEBUG    | __main__:_tick:497 - [View planning] Took: 0.030 s
2026-03-11 14:22:39.708 | DEBUG    | __main__:_tick:497 - [View planning] Took: 0.031 s
2026-03-11 14:22:40.694 | DEBUG    | __main__:_tick:497 - [View planning] Took: 0.031 s
2026-03-11 14:22:41.696 | DEBUG    | __main__:_tick:497 - [View planning] Took: 0.030 s
2026-03-11 14:22:42.701 | DEBUG    | __main__:_tick:497 - [View planning] Took: 0.037 s
2026-03-11 14:22:43.694 | DEBUG    | __main__:_tick:497 - [View planning] Took: 0.031 s
2026-03-11 14:22:44.695 | DEBUG    | __main__:_tick:497 - [View planning] Took: 0.032 s
2026-03-11 14:22:45.697 | DEBUG    | __main__:_tick:497 - [View planning] Took: 0.034 s
2026-03-11 14:22:46.709 | DEBUG    | __main__:_tick:497 - [View planning] Took: 0.039 s
2026-03-11 14:22:47.715 | DEBUG    | __main__:_tick:497 - [View planning] Took: 0.051 s
2026-03-11 14:22:48.714 | DEBUG    | __main__:_tick:497 - [View planning] Took: 0.044 s
2026-03-11 14:22:49.703 | DEBUG    | __main__:_tick:497 - [View planning] Took: 0.039 s
2026-03-11 14:22:50.704 | DEBUG    | __main__:_tick:497 - [View planning] Took: 0.041 s
2026-03-11 14:22:51.696 | DEBUG    | __main__:_tick:497 - [View planning] Took: 0.032 s
2026-03-11 14:22:52.696 | DEBUG    | __main__:_tick:497 - [View planning] Took: 0.032 s
2026-03-11 14:22:53.695 | DEBUG    | __main__:_tick:497 - [View planning] Took: 0.032 s
2026-03-11 14:22:54.695 | DEBUG    | __main__:_tick:497 - [View planning] Took: 0.031 s
2026-03-11 14:22:55.696 | DEBUG    | __main__:_tick:497 - [View planning] Took: 0.033 s
2026-03-11 14:22:56.697 | DEBUG    | __main__:_tick:497 - [View planning] Took: 0.033 s
2026-03-11 14:22:57.696 | DEBUG    | __main__:_tick:497 - [View planning] Took: 0.032 s
2026-03-11 14:22:58.704 | DEBUG    | __main__:_tick:497 - [View planning] Took: 0.032 s
2026-03-11 14:22:59.697 | DEBUG    | __main__:_tick:497 - [View planning] Took: 0.034 s
2026-03-11 14:23:00.701 | DEBUG    | __main__:_tick:497 - [View planning] Took: 0.035 s
2026-03-11 14:23:01.702 | DEBUG    | __main__:_tick:497 - [View planning] Took: 0.039 s
2026-03-11 14:23:02.695 | DEBUG    | __main__:_tick:497 - [View planning] Took: 0.032 s
2026-03-11 14:23:03.696 | DEBUG    | __main__:_tick:497 - [View planning] Took: 0.033 s
2026-03-11 14:23:04.696 | DEBUG    | __main__:_tick:497 - [View planning] Took: 0.032 s
2026-03-11 14:23:05.696 | DEBUG    | __main__:_tick:497 - [View planning] Took: 0.032 s
2026-03-11 14:23:06.700 | DEBUG    | __main__:_tick:497 - [View planning] Took: 0.032 s
2026-03-11 14:23:07.696 | DEBUG    | __main__:_tick:497 - [View planning] Took: 0.032 s
2026-03-11 14:23:08.697 | DEBUG    | __main__:_tick:497 - [View planning] Took: 0.033 s
2026-03-11 14:23:09.697 | DEBUG    | __main__:_tick:497 - [View planning] Took: 0.034 s
2026-03-11 14:23:10.722 | DEBUG    | __main__:_tick:497 - [View planning] Took: 0.059 s
2026-03-11 14:23:11.715 | DEBUG    | __main__:_tick:497 - [View planning] Took: 0.049 s
2026-03-11 14:23:12.720 | DEBUG    | __main__:_tick:497 - [View planning] Took: 0.056 s
2026-03-11 14:23:13.717 | DEBUG    | __main__:_tick:497 - [View planning] Took: 0.043 s
2026-03-11 14:23:14.698 | DEBUG    | __main__:_tick:497 - [View planning] Took: 0.034 s
2026-03-11 14:23:15.696 | DEBUG    | __main__:_tick:497 - [View planning] Took: 0.032 s
2026-03-11 14:23:16.696 | DEBUG    | __main__:_tick:497 - [View planning] Took: 0.033 s
2026-03-11 14:23:17.702 | DEBUG    | __main__:_tick:497 - [View planning] Took: 0.039 s
2026-03-11 14:23:18.695 | DEBUG    | __main__:_tick:497 - [View planning] Took: 0.032 s
2026-03-11 14:23:19.692 | DEBUG    | __main__:_tick:497 - [View planning] Took: 0.029 s
2026-03-11 14:23:20.691 | DEBUG    | __main__:_tick:497 - [View planning] Took: 0.030 s
2026-03-11 14:23:21.686 | DEBUG    | __main__:_tick:497 - [View planning] Took: 0.025 s
2026-03-11 14:23:22.687 | DEBUG    | __main__:_tick:497 - [View planning] Took: 0.027 s
2026-03-11 14:23:23.691 | DEBUG    | __main__:_tick:497 - [View planning] Took: 0.028 s
2026-03-11 14:23:24.689 | DEBUG    | __main__:_tick:497 - [View planning] Took: 0.028 s
2026-03-11 14:23:25.694 | DEBUG    | __main__:_tick:497 - [View planning] Took: 0.028 s
2026-03-11 14:23:26.688 | DEBUG    | __main__:_tick:497 - [View planning] Took: 0.026 s
2026-03-11 14:23:27.687 | DEBUG    | __main__:_tick:497 - [View planning] Took: 0.026 s
2026-03-11 14:23:28.692 | DEBUG    | __main__:_tick:497 - [View planning] Took: 0.027 s
2026-03-11 14:23:29.694 | DEBUG    | __main__:_tick:497 - [View planning] Took: 0.027 s
2026-03-11 14:23:30.691 | DEBUG    | __main__:_tick:497 - [View planning] Took: 0.029 s
2026-03-11 14:23:31.693 | DEBUG    | __main__:_tick:497 - [View planning] Took: 0.030 s
2026-03-11 14:23:32.694 | DEBUG    | __main__:_tick:497 - [View planning] Took: 0.031 s
2026-03-11 14:23:33.696 | DEBUG    | __main__:_tick:497 - [View planning] Took: 0.033 s
2026-03-11 14:23:34.694 | DEBUG    | __main__:_tick:497 - [View planning] Took: 0.031 s
2026-03-11 14:23:35.699 | DEBUG    | __main__:_tick:497 - [View planning] Took: 0.033 s
2026-03-11 14:23:36.693 | DEBUG    | __main__:_tick:497 - [View planning] Took: 0.031 s
2026-03-11 14:23:37.697 | DEBUG    | __main__:_tick:497 - [View planning] Took: 0.031 s
2026-03-11 14:23:38.692 | DEBUG    | __main__:_tick:497 - [View planning] Took: 0.030 s
2026-03-11 14:23:39.697 | DEBUG    | __main__:_tick:497 - [View planning] Took: 0.031 s
2026-03-11 14:23:40.695 | DEBUG    | __main__:_tick:497 - [View planning] Took: 0.030 s
2026-03-11 14:23:41.693 | DEBUG    | __main__:_tick:497 - [View planning] Took: 0.031 s
2026-03-11 14:23:42.694 | DEBUG    | __main__:_tick:497 - [View planning] Took: 0.032 s
2026-03-11 14:23:43.700 | DEBUG    | __main__:_tick:497 - [View planning] Took: 0.031 s
2026-03-11 14:23:44.702 | DEBUG    | __main__:_tick:497 - [View planning] Took: 0.030 s
2026-03-11 14:23:45.690 | DEBUG    | __main__:_tick:497 - [View planning] Took: 0.028 s
2026-03-11 14:23:46.689 | DEBUG    | __main__:_tick:497 - [View planning] Took: 0.028 s
2026-03-11 14:23:47.690 | DEBUG    | __main__:_tick:497 - [View planning] Took: 0.028 s
2026-03-11 14:23:48.688 | DEBUG    | __main__:_tick:497 - [View planning] Took: 0.028 s
2026-03-11 14:23:49.689 | DEBUG    | __main__:_tick:497 - [View planning] Took: 0.027 s
2026-03-11 14:23:50.691 | DEBUG    | __main__:_tick:497 - [View planning] Took: 0.029 s
2026-03-11 14:23:51.691 | DEBUG    | __main__:_tick:497 - [View planning] Took: 0.029 s
2026-03-11 14:23:52.700 | DEBUG    | __main__:_tick:497 - [View planning] Took: 0.037 s
2026-03-11 14:23:53.692 | DEBUG    | __main__:_tick:497 - [View planning] Took: 0.029 s
2026-03-11 14:23:54.692 | DEBUG    | __main__:_tick:497 - [View planning] Took: 0.029 s
2026-03-11 14:23:55.693 | DEBUG    | __main__:_tick:497 - [View planning] Took: 0.030 s
2026-03-11 14:23:56.695 | DEBUG    | __main__:_tick:497 - [View planning] Took: 0.031 s
2026-03-11 14:23:57.694 | DEBUG    | __main__:_tick:497 - [View planning] Took: 0.031 s
2026-03-11 14:23:58.696 | DEBUG    | __main__:_tick:497 - [View planning] Took: 0.033 s
2026-03-11 14:23:59.703 | DEBUG    | __main__:_tick:497 - [View planning] Took: 0.041 s
2026-03-11 14:24:00.697 | DEBUG    | __main__:_tick:497 - [View planning] Took: 0.035 s
2026-03-11 14:24:01.704 | DEBUG    | __main__:_tick:497 - [View planning] Took: 0.040 s
2026-03-11 14:24:02.692 | DEBUG    | __main__:_tick:497 - [View planning] Took: 0.031 s
2026-03-11 14:24:03.692 | DEBUG    | __main__:_tick:497 - [View planning] Took: 0.031 s
2026-03-11 14:24:04.705 | DEBUG    | __main__:_tick:497 - [View planning] Took: 0.037 s
2026-03-11 14:24:05.691 | DEBUG    | __main__:_tick:497 - [View planning] Took: 0.029 s
2026-03-11 14:24:06.691 | DEBUG    | __main__:_tick:497 - [View planning] Took: 0.029 s
2026-03-11 14:24:07.690 | DEBUG    | __main__:_tick:497 - [View planning] Took: 0.028 s
2026-03-11 14:24:08.690 | DEBUG    | __main__:_tick:497 - [View planning] Took: 0.028 s
2026-03-11 14:24:09.688 | DEBUG    | __main__:_tick:497 - [View planning] Took: 0.027 s
2026-03-11 14:24:10.703 | DEBUG    | __main__:_tick:497 - [View planning] Took: 0.040 s
2026-03-11 14:24:11.698 | DEBUG    | __main__:_tick:497 - [View planning] Took: 0.035 s
2026-03-11 14:24:12.699 | DEBUG    | __main__:_tick:497 - [View planning] Took: 0.035 s
2026-03-11 14:24:13.699 | DEBUG    | __main__:_tick:497 - [View planning] Took: 0.035 s
2026-03-11 14:24:14.698 | DEBUG    | __main__:_tick:497 - [View planning] Took: 0.035 s
2026-03-11 14:24:15.708 | DEBUG    | __main__:_tick:497 - [View planning] Took: 0.040 s
2026-03-11 14:24:16.695 | DEBUG    | __main__:_tick:497 - [View planning] Took: 0.032 s
2026-03-11 14:24:17.696 | DEBUG    | __main__:_tick:497 - [View planning] Took: 0.033 s
2026-03-11 14:24:18.695 | DEBUG    | __main__:_tick:497 - [View planning] Took: 0.032 s
2026-03-11 14:24:19.694 | DEBUG    | __main__:_tick:497 - [View planning] Took: 0.031 s
2026-03-11 14:24:20.694 | DEBUG    | __main__:_tick:497 - [View planning] Took: 0.032 s
2026-03-11 14:24:21.693 | DEBUG    | __main__:_tick:497 - [View planning] Took: 0.032 s
2026-03-11 14:24:22.701 | DEBUG    | __main__:_tick:497 - [View planning] Took: 0.040 s
2026-03-11 14:24:23.693 | DEBUG    | __main__:_tick:497 - [View planning] Took: 0.032 s
2026-03-11 14:24:24.692 | DEBUG    | __main__:_tick:497 - [View planning] Took: 0.032 s
2026-03-11 14:24:25.688 | DEBUG    | __main__:_tick:497 - [View planning] Took: 0.027 s
2026-03-11 14:24:26.689 | DEBUG    | __main__:_tick:497 - [View planning] Took: 0.027 s
2026-03-11 14:24:27.696 | DEBUG    | __main__:_tick:497 - [View planning] Took: 0.027 s
2026-03-11 14:24:28.689 | DEBUG    | __main__:_tick:497 - [View planning] Took: 0.027 s
2026-03-11 14:24:29.694 | DEBUG    | __main__:_tick:497 - [View planning] Took: 0.029 s
2026-03-11 14:24:30.693 | DEBUG    | __main__:_tick:497 - [View planning] Took: 0.030 s
2026-03-11 14:24:31.692 | DEBUG    | __main__:_tick:497 - [View planning] Took: 0.029 s
2026-03-11 14:24:32.697 | DEBUG    | __main__:_tick:497 - [View planning] Took: 0.032 s
2026-03-11 14:24:33.700 | DEBUG    | __main__:_tick:497 - [View planning] Took: 0.030 s
2026-03-11 14:24:34.694 | DEBUG    | __main__:_tick:497 - [View planning] Took: 0.030 s
2026-03-11 14:24:35.704 | DEBUG    | __main__:_tick:497 - [View planning] Took: 0.040 s
2026-03-11 14:24:36.695 | DEBUG    | __main__:_tick:497 - [View planning] Took: 0.031 s
2026-03-11 14:24:37.694 | DEBUG    | __main__:_tick:497 - [View planning] Took: 0.031 s
2026-03-11 14:24:38.694 | DEBUG    | __main__:_tick:497 - [View planning] Took: 0.031 s
2026-03-11 14:24:39.695 | DEBUG    | __main__:_tick:497 - [View planning] Took: 0.033 s
2026-03-11 14:24:40.707 | DEBUG    | __main__:_tick:497 - [View planning] Took: 0.035 s
2026-03-11 14:24:41.703 | DEBUG    | __main__:_tick:497 - [View planning] Took: 0.033 s
2026-03-11 14:24:42.694 | DEBUG    | __main__:_tick:497 - [View planning] Took: 0.031 s
2026-03-11 14:24:43.696 | DEBUG    | __main__:_tick:497 - [View planning] Took: 0.032 s
2026-03-11 14:24:44.696 | DEBUG    | __main__:_tick:497 - [View planning] Took: 0.032 s
2026-03-11 14:24:45.697 | DEBUG    | __main__:_tick:497 - [View planning] Took: 0.033 s
2026-03-11 14:24:46.704 | DEBUG    | __main__:_tick:497 - [View planning] Took: 0.039 s
2026-03-11 14:24:47.698 | DEBUG    | __main__:_tick:497 - [View planning] Took: 0.032 s
2026-03-11 14:24:48.696 | DEBUG    | __main__:_tick:497 - [View planning] Took: 0.032 s
2026-03-11 14:24:49.696 | DEBUG    | __main__:_tick:497 - [View planning] Took: 0.032 s
2026-03-11 14:24:50.695 | DEBUG    | __main__:_tick:497 - [View planning] Took: 0.031 s
2026-03-11 14:24:51.694 | DEBUG    | __main__:_tick:497 - [View planning] Took: 0.031 s
2026-03-11 14:24:52.699 | DEBUG    | __main__:_tick:497 - [View planning] Took: 0.036 s
2026-03-11 14:24:53.693 | DEBUG    | __main__:_tick:497 - [View planning] Took: 0.030 s
2026-03-11 14:24:54.699 | DEBUG    | __main__:_tick:497 - [View planning] Took: 0.031 s
2026-03-11 14:24:55.694 | DEBUG    | __main__:_tick:497 - [View planning] Took: 0.031 s
2026-03-11 14:24:56.693 | DEBUG    | __main__:_tick:497 - [View planning] Took: 0.030 s
2026-03-11 14:24:57.692 | DEBUG    | __main__:_tick:497 - [View planning] Took: 0.029 s
2026-03-11 14:24:58.691 | DEBUG    | __main__:_tick:497 - [View planning] Took: 0.029 s
2026-03-11 14:24:59.691 | DEBUG    | __main__:_tick:497 - [View planning] Took: 0.029 s
2026-03-11 14:25:00.699 | DEBUG    | __main__:_tick:497 - [View planning] Took: 0.029 s
2026-03-11 14:25:01.691 | DEBUG    | __main__:_tick:497 - [View planning] Took: 0.029 s
2026-03-11 14:25:02.696 | DEBUG    | __main__:_tick:497 - [View planning] Took: 0.028 s
2026-03-11 14:25:03.690 | DEBUG    | __main__:_tick:497 - [View planning] Took: 0.028 s
2026-03-11 14:25:04.690 | DEBUG    | __main__:_tick:497 - [View planning] Took: 0.028 s
2026-03-11 14:25:05.690 | DEBUG    | __main__:_tick:497 - [View planning] Took: 0.029 s
2026-03-11 14:25:06.690 | DEBUG    | __main__:_tick:497 - [View planning] Took: 0.029 s
2026-03-11 14:25:07.691 | DEBUG    | __main__:_tick:497 - [View planning] Took: 0.029 s
2026-03-11 14:25:08.690 | DEBUG    | __main__:_tick:497 - [View planning] Took: 0.029 s
2026-03-11 14:25:09.697 | DEBUG    | __main__:_tick:497 - [View planning] Took: 0.035 s
2026-03-11 14:25:10.690 | DEBUG    | __main__:_tick:497 - [View planning] Took: 0.028 s
2026-03-11 14:25:11.691 | DEBUG    | __main__:_tick:497 - [View planning] Took: 0.029 s
2026-03-11 14:25:12.700 | DEBUG    | __main__:_tick:497 - [View planning] Took: 0.029 s
2026-03-11 14:25:13.692 | DEBUG    | __main__:_tick:497 - [View planning] Took: 0.030 s
2026-03-11 14:25:14.692 | DEBUG    | __main__:_tick:497 - [View planning] Took: 0.029 s
2026-03-11 14:25:15.699 | DEBUG    | __main__:_tick:497 - [View planning] Took: 0.036 s
2026-03-11 14:25:16.691 | DEBUG    | __main__:_tick:497 - [View planning] Took: 0.029 s
2026-03-11 14:25:17.692 | DEBUG    | __main__:_tick:497 - [View planning] Took: 0.028 s
2026-03-11 14:25:18.690 | DEBUG    | __main__:_tick:497 - [View planning] Took: 0.027 s
2026-03-11 14:25:19.690 | DEBUG    | __main__:_tick:497 - [View planning] Took: 0.028 s
2026-03-11 14:25:20.690 | DEBUG    | __main__:_tick:497 - [View planning] Took: 0.027 s
2026-03-11 14:25:21.694 | DEBUG    | __main__:_tick:497 - [View planning] Took: 0.028 s
2026-03-11 14:25:22.691 | DEBUG    | __main__:_tick:497 - [View planning] Took: 0.029 s
2026-03-11 14:25:23.691 | DEBUG    | __main__:_tick:497 - [View planning] Took: 0.028 s
2026-03-11 14:25:24.692 | DEBUG    | __main__:_tick:497 - [View planning] Took: 0.029 s
2026-03-11 14:25:25.692 | DEBUG    | __main__:_tick:497 - [View planning] Took: 0.029 s
2026-03-11 14:25:26.693 | DEBUG    | __main__:_tick:497 - [View planning] Took: 0.029 s
2026-03-11 14:25:27.694 | DEBUG    | __main__:_tick:497 - [View planning] Took: 0.032 s
2026-03-11 14:25:28.695 | DEBUG    | __main__:_tick:497 - [View planning] Took: 0.033 s
2026-03-11 14:25:29.698 | DEBUG    | __main__:_tick:497 - [View planning] Took: 0.030 s
2026-03-11 14:25:30.692 | DEBUG    | __main__:_tick:497 - [View planning] Took: 0.030 s
2026-03-11 14:25:31.704 | DEBUG    | __main__:_tick:497 - [View planning] Took: 0.030 s
2026-03-11 14:25:32.700 | DEBUG    | __main__:_tick:497 - [View planning] Took: 0.029 s
2026-03-11 14:25:33.691 | DEBUG    | __main__:_tick:497 - [View planning] Took: 0.029 s
2026-03-11 14:25:34.698 | DEBUG    | __main__:_tick:497 - [View planning] Took: 0.036 s
2026-03-11 14:25:35.691 | DEBUG    | __main__:_tick:497 - [View planning] Took: 0.029 s
2026-03-11 14:25:36.692 | DEBUG    | __main__:_tick:497 - [View planning] Took: 0.030 s
2026-03-11 14:25:37.692 | DEBUG    | __main__:_tick:497 - [View planning] Took: 0.030 s
2026-03-11 14:25:38.692 | DEBUG    | __main__:_tick:497 - [View planning] Took: 0.029 s
2026-03-11 14:25:39.695 | DEBUG    | __main__:_tick:497 - [View planning] Took: 0.030 s
2026-03-11 14:25:40.700 | DEBUG    | __main__:_tick:497 - [View planning] Took: 0.030 s
2026-03-11 14:25:41.702 | DEBUG    | __main__:_tick:497 - [View planning] Took: 0.030 s
2026-03-11 14:25:42.694 | DEBUG    | __main__:_tick:497 - [View planning] Took: 0.031 s
2026-03-11 14:25:43.695 | DEBUG    | __main__:_tick:497 - [View planning] Took: 0.032 s
2026-03-11 14:25:44.695 | DEBUG    | __main__:_tick:497 - [View planning] Took: 0.031 s
2026-03-11 14:25:45.697 | DEBUG    | __main__:_tick:497 - [View planning] Took: 0.033 s
2026-03-11 14:25:46.698 | DEBUG    | __main__:_tick:497 - [View planning] Took: 0.034 s
2026-03-11 14:25:47.704 | DEBUG    | __main__:_tick:497 - [View planning] Took: 0.032 s
2026-03-11 14:25:48.697 | DEBUG    | __main__:_tick:497 - [View planning] Took: 0.032 s
2026-03-11 14:25:49.696 | DEBUG    | __main__:_tick:497 - [View planning] Took: 0.032 s
2026-03-11 14:25:50.698 | DEBUG    | __main__:_tick:497 - [View planning] Took: 0.032 s
2026-03-11 14:25:51.696 | DEBUG    | __main__:_tick:497 - [View planning] Took: 0.031 s
2026-03-11 14:25:52.695 | DEBUG    | __main__:_tick:497 - [View planning] Took: 0.030 s
2026-03-11 14:25:53.697 | DEBUG    | __main__:_tick:497 - [View planning] Took: 0.033 s
2026-03-11 14:25:54.706 | DEBUG    | __main__:_tick:497 - [View planning] Took: 0.040 s
2026-03-11 14:25:55.696 | DEBUG    | __main__:_tick:497 - [View planning] Took: 0.031 s
2026-03-11 14:25:56.703 | DEBUG    | __main__:_tick:497 - [View planning] Took: 0.032 s
2026-03-11 14:25:57.693 | DEBUG    | __main__:_tick:497 - [View planning] Took: 0.031 s
2026-03-11 14:25:58.692 | DEBUG    | __main__:_tick:497 - [View planning] Took: 0.030 s
2026-03-11 14:25:59.688 | DEBUG    | __main__:_tick:497 - [View planning] Took: 0.027 s
2026-03-11 14:26:00.710 | DEBUG    | __main__:_tick:497 - [View planning] Took: 0.046 s
2026-03-11 14:26:01.713 | DEBUG    | __main__:_tick:497 - [View planning] Took: 0.049 s
2026-03-11 14:26:02.705 | DEBUG    | __main__:_tick:497 - [View planning] Took: 0.044 s
2026-03-11 14:26:03.700 | DEBUG    | __main__:_tick:497 - [View planning] Took: 0.034 s
2026-03-11 14:26:04.695 | DEBUG    | __main__:_tick:497 - [View planning] Took: 0.029 s
2026-03-11 14:26:05.684 | DEBUG    | __main__:_tick:497 - [View planning] Took: 0.025 s
2026-03-11 14:26:06.684 | DEBUG    | __main__:_tick:497 - [View planning] Took: 0.024 s
2026-03-11 14:26:07.687 | DEBUG    | __main__:_tick:497 - [View planning] Took: 0.024 s
2026-03-11 14:26:08.683 | DEBUG    | __main__:_tick:497 - [View planning] Took: 0.024 s
2026-03-11 14:26:09.688 | DEBUG    | __main__:_tick:497 - [View planning] Took: 0.023 s
2026-03-11 14:26:10.692 | DEBUG    | __main__:_tick:497 - [View planning] Took: 0.023 s
2026-03-11 14:26:11.688 | DEBUG    | __main__:_tick:497 - [View planning] Took: 0.024 s
2026-03-11 14:26:12.683 | DEBUG    | __main__:_tick:497 - [View planning] Took: 0.024 s
2026-03-11 14:26:13.679 | DEBUG    | __main__:_tick:497 - [View planning] Took: 0.021 s
2026-03-11 14:26:14.679 | DEBUG    | __main__:_tick:497 - [View planning] Took: 0.021 s
2026-03-11 14:26:15.679 | DEBUG    | __main__:_tick:497 - [View planning] Took: 0.021 s
2026-03-11 14:26:16.679 | DEBUG    | __main__:_tick:497 - [View planning] Took: 0.021 s
2026-03-11 14:26:17.686 | DEBUG    | __main__:_tick:497 - [View planning] Took: 0.021 s
2026-03-11 14:26:18.680 | DEBUG    | __main__:_tick:497 - [View planning] Took: 0.021 s
2026-03-11 14:26:19.679 | DEBUG    | __main__:_tick:497 - [View planning] Took: 0.021 s
2026-03-11 14:26:20.686 | DEBUG    | __main__:_tick:497 - [View planning] Took: 0.021 s
2026-03-11 14:26:21.679 | DEBUG    | __main__:_tick:497 - [View planning] Took: 0.021 s
2026-03-11 14:26:22.679 | DEBUG    | __main__:_tick:497 - [View planning] Took: 0.021 s
2026-03-11 14:26:23.679 | DEBUG    | __main__:_tick:497 - [View planning] Took: 0.021 s
2026-03-11 14:26:24.681 | DEBUG    | __main__:_tick:497 - [View planning] Took: 0.023 s
2026-03-11 14:26:25.680 | DEBUG    | __main__:_tick:497 - [View planning] Took: 0.022 s
2026-03-11 14:26:26.681 | DEBUG    | __main__:_tick:497 - [View planning] Took: 0.022 s
2026-03-11 14:26:27.681 | DEBUG    | __main__:_tick:497 - [View planning] Took: 0.022 s
2026-03-11 14:26:28.680 | DEBUG    | __main__:_tick:497 - [View planning] Took: 0.022 s
2026-03-11 14:26:29.679 | DEBUG    | __main__:_tick:497 - [View planning] Took: 0.021 s
2026-03-11 14:26:30.682 | DEBUG    | __main__:_tick:497 - [View planning] Took: 0.021 s
2026-03-11 14:26:31.680 | DEBUG    | __main__:_tick:497 - [View planning] Took: 0.022 s
2026-03-11 14:26:32.681 | DEBUG    | __main__:_tick:497 - [View planning] Took: 0.021 s
2026-03-11 14:26:33.682 | DEBUG    | __main__:_tick:497 - [View planning] Took: 0.024 s
2026-03-11 14:26:34.696 | DEBUG    | __main__:_tick:497 - [View planning] Took: 0.032 s
2026-03-11 14:26:35.704 | DEBUG    | __main__:_tick:497 - [View planning] Took: 0.031 s
2026-03-11 14:26:36.691 | DEBUG    | __main__:_tick:497 - [View planning] Took: 0.030 s
2026-03-11 14:26:37.687 | DEBUG    | __main__:_tick:497 - [View planning] Took: 0.027 s
2026-03-11 14:26:38.691 | DEBUG    | __main__:_tick:497 - [View planning] Took: 0.027 s
2026-03-11 14:26:39.695 | DEBUG    | __main__:_tick:497 - [View planning] Took: 0.036 s
2026-03-11 14:26:40.684 | DEBUG    | __main__:_tick:497 - [View planning] Took: 0.024 s
2026-03-11 14:26:41.692 | DEBUG    | __main__:_tick:497 - [View planning] Took: 0.026 s
2026-03-11 14:26:42.685 | DEBUG    | __main__:_tick:497 - [View planning] Took: 0.026 s
2026-03-11 14:26:43.685 | DEBUG    | __main__:_tick:497 - [View planning] Took: 0.026 s
2026-03-11 14:26:44.685 | DEBUG    | __main__:_tick:497 - [View planning] Took: 0.026 s
2026-03-11 14:26:45.682 | DEBUG    | __main__:_tick:497 - [View planning] Took: 0.024 s
2026-03-11 14:26:46.683 | DEBUG    | __main__:_tick:497 - [View planning] Took: 0.024 s
2026-03-11 14:26:47.686 | DEBUG    | __main__:_tick:497 - [View planning] Took: 0.025 s
2026-03-11 14:26:48.689 | DEBUG    | __main__:_tick:497 - [View planning] Took: 0.031 s
2026-03-11 14:26:49.684 | DEBUG    | __main__:_tick:497 - [View planning] Took: 0.026 s
2026-03-11 14:26:50.686 | DEBUG    | __main__:_tick:497 - [View planning] Took: 0.026 s
2026-03-11 14:26:51.688 | DEBUG    | __main__:_tick:497 - [View planning] Took: 0.028 s
2026-03-11 14:26:52.691 | DEBUG    | __main__:_tick:497 - [View planning] Took: 0.032 s
2026-03-11 14:26:53.694 | DEBUG    | __main__:_tick:497 - [View planning] Took: 0.030 s
2026-03-11 14:26:54.684 | DEBUG    | __main__:_tick:497 - [View planning] Took: 0.025 s
2026-03-11 14:26:55.683 | DEBUG    | __main__:_tick:497 - [View planning] Took: 0.025 s
2026-03-11 14:26:56.689 | DEBUG    | __main__:_tick:497 - [View planning] Took: 0.024 s
2026-03-11 14:26:57.678 | DEBUG    | __main__:_tick:497 - [View planning] Took: 0.020 s
2026-03-11 14:26:58.692 | DEBUG    | __main__:_tick:497 - [View planning] Took: 0.029 s
2026-03-11 14:26:59.682 | DEBUG    | __main__:_tick:497 - [View planning] Took: 0.023 s
2026-03-11 14:27:00.681 | DEBUG    | __main__:_tick:497 - [View planning] Took: 0.023 s
2026-03-11 14:27:01.683 | DEBUG    | __main__:_tick:497 - [View planning] Took: 0.022 s
2026-03-11 14:27:02.679 | DEBUG    | __main__:_tick:497 - [View planning] Took: 0.021 s
2026-03-11 14:27:03.680 | DEBUG    | __main__:_tick:497 - [View planning] Took: 0.023 s
2026-03-11 14:27:04.679 | DEBUG    | __main__:_tick:497 - [View planning] Took: 0.022 s
2026-03-11 14:27:05.677 | DEBUG    | __main__:_tick:497 - [View planning] Took: 0.020 s
2026-03-11 14:27:06.679 | DEBUG    | __main__:_tick:497 - [View planning] Took: 0.021 s
2026-03-11 14:27:07.686 | DEBUG    | __main__:_tick:497 - [View planning] Took: 0.028 s
2026-03-11 14:27:08.677 | DEBUG    | __main__:_tick:497 - [View planning] Took: 0.020 s
2026-03-11 14:27:09.676 | DEBUG    | __main__:_tick:497 - [View planning] Took: 0.020 s
2026-03-11 14:27:10.675 | DEBUG    | __main__:_tick:497 - [View planning] Took: 0.019 s
2026-03-11 14:27:11.675 | DEBUG    | __main__:_tick:497 - [View planning] Took: 0.019 s
2026-03-11 14:27:12.676 | DEBUG    | __main__:_tick:497 - [View planning] Took: 0.019 s
2026-03-11 14:27:13.675 | DEBUG    | __main__:_tick:497 - [View planning] Took: 0.019 s
2026-03-11 14:27:14.675 | DEBUG    | __main__:_tick:497 - [View planning] Took: 0.018 s
2026-03-11 14:27:15.675 | DEBUG    | __main__:_tick:497 - [View planning] Took: 0.019 s
2026-03-11 14:27:16.682 | DEBUG    | __main__:_tick:497 - [View planning] Took: 0.018 s
2026-03-11 14:27:17.674 | DEBUG    | __main__:_tick:497 - [View planning] Took: 0.018 s
2026-03-11 14:27:18.679 | DEBUG    | __main__:_tick:497 - [View planning] Took: 0.021 s
2026-03-11 14:27:19.687 | DEBUG    | __main__:_tick:497 - [View planning] Took: 0.022 s
2026-03-11 14:27:20.680 | DEBUG    | __main__:_tick:497 - [View planning] Took: 0.021 s
2026-03-11 14:27:21.680 | DEBUG    | __main__:_tick:497 - [View planning] Took: 0.022 s
2026-03-11 14:27:22.688 | DEBUG    | __main__:_tick:497 - [View planning] Took: 0.026 s
2026-03-11 14:27:23.682 | DEBUG    | __main__:_tick:497 - [View planning] Took: 0.023 s
2026-03-11 14:27:24.681 | DEBUG    | __main__:_tick:497 - [View planning] Took: 0.022 s
2026-03-11 14:27:25.687 | DEBUG    | __main__:_tick:497 - [View planning] Took: 0.022 s
2026-03-11 14:27:26.682 | DEBUG    | __main__:_tick:497 - [View planning] Took: 0.023 s
2026-03-11 14:27:27.689 | DEBUG    | __main__:_tick:497 - [View planning] Took: 0.023 s
2026-03-11 14:27:28.683 | DEBUG    | __main__:_tick:497 - [View planning] Took: 0.023 s
2026-03-11 14:27:29.687 | DEBUG    | __main__:_tick:497 - [View planning] Took: 0.028 s
2026-03-11 14:27:30.702 | DEBUG    | __main__:_tick:497 - [View planning] Took: 0.030 s
2026-03-11 14:27:31.690 | DEBUG    | __main__:_tick:497 - [View planning] Took: 0.030 s
2026-03-11 14:27:32.694 | DEBUG    | __main__:_tick:497 - [View planning] Took: 0.034 s
2026-03-11 14:27:33.698 | DEBUG    | __main__:_tick:497 - [View planning] Took: 0.032 s
2026-03-11 14:27:34.692 | DEBUG    | __main__:_tick:497 - [View planning] Took: 0.032 s
2026-03-11 14:27:35.698 | DEBUG    | __main__:_tick:497 - [View planning] Took: 0.038 s
2026-03-11 14:27:36.685 | DEBUG    | __main__:_tick:497 - [View planning] Took: 0.026 s
2026-03-11 14:27:37.694 | DEBUG    | __main__:_tick:497 - [View planning] Took: 0.031 s
2026-03-11 14:27:38.695 | DEBUG    | __main__:_tick:497 - [View planning] Took: 0.032 s
2026-03-11 14:27:39.708 | DEBUG    | __main__:_tick:497 - [View planning] Took: 0.032 s
2026-03-11 14:27:40.696 | DEBUG    | __main__:_tick:497 - [View planning] Took: 0.032 s
2026-03-11 14:27:41.702 | DEBUG    | __main__:_tick:497 - [View planning] Took: 0.038 s
2026-03-11 14:27:42.696 | DEBUG    | __main__:_tick:497 - [View planning] Took: 0.031 s
2026-03-11 14:27:43.695 | DEBUG    | __main__:_tick:497 - [View planning] Took: 0.031 s
2026-03-11 14:27:44.708 | DEBUG    | __main__:_tick:497 - [View planning] Took: 0.043 s
2026-03-11 14:27:45.694 | DEBUG    | __main__:_tick:497 - [View planning] Took: 0.031 s
2026-03-11 14:27:46.693 | DEBUG    | __main__:_tick:497 - [View planning] Took: 0.030 s
2026-03-11 14:27:47.694 | DEBUG    | __main__:_tick:497 - [View planning] Took: 0.031 s
2026-03-11 14:27:48.695 | DEBUG    | __main__:_tick:497 - [View planning] Took: 0.030 s
2026-03-11 14:27:49.703 | DEBUG    | __main__:_tick:497 - [View planning] Took: 0.029 s
2026-03-11 14:27:50.697 | DEBUG    | __main__:_tick:497 - [View planning] Took: 0.035 s
2026-03-11 14:27:51.692 | DEBUG    | __main__:_tick:497 - [View planning] Took: 0.029 s
2026-03-11 14:27:52.694 | DEBUG    | __main__:_tick:497 - [View planning] Took: 0.031 s
2026-03-11 14:27:53.699 | DEBUG    | __main__:_tick:497 - [View planning] Took: 0.035 s
2026-03-11 14:27:54.708 | DEBUG    | __main__:_tick:497 - [View planning] Took: 0.045 s
2026-03-11 14:27:55.713 | DEBUG    | __main__:_tick:497 - [View planning] Took: 0.042 s
2026-03-11 14:27:56.708 | DEBUG    | __main__:_tick:497 - [View planning] Took: 0.038 s
2026-03-11 14:27:57.721 | DEBUG    | __main__:_tick:497 - [View planning] Took: 0.054 s
2026-03-11 14:27:58.690 | DEBUG    | __main__:_tick:497 - [View planning] Took: 0.028 s
2026-03-11 14:27:59.696 | DEBUG    | __main__:_tick:497 - [View planning] Took: 0.035 s
2026-03-11 14:28:00.691 | DEBUG    | __main__:_tick:497 - [View planning] Took: 0.029 s
2026-03-11 14:28:01.693 | DEBUG    | __main__:_tick:497 - [View planning] Took: 0.031 s
2026-03-11 14:28:02.692 | DEBUG    | __main__:_tick:497 - [View planning] Took: 0.030 s
2026-03-11 14:28:03.698 | DEBUG    | __main__:_tick:497 - [View planning] Took: 0.029 s
2026-03-11 14:28:04.691 | DEBUG    | __main__:_tick:497 - [View planning] Took: 0.029 s
2026-03-11 14:28:05.696 | DEBUG    | __main__:_tick:497 - [View planning] Took: 0.034 s
2026-03-11 14:28:06.687 | DEBUG    | __main__:_tick:497 - [View planning] Took: 0.027 s
2026-03-11 14:28:07.687 | DEBUG    | __main__:_tick:497 - [View planning] Took: 0.027 s
2026-03-11 14:28:08.687 | DEBUG    | __main__:_tick:497 - [View planning] Took: 0.027 s
2026-03-11 14:28:09.684 | DEBUG    | __main__:_tick:497 - [View planning] Took: 0.025 s
2026-03-11 14:28:10.684 | DEBUG    | __main__:_tick:497 - [View planning] Took: 0.025 s
2026-03-11 14:28:11.692 | DEBUG    | __main__:_tick:497 - [View planning] Took: 0.033 s
2026-03-11 14:28:12.682 | DEBUG    | __main__:_tick:497 - [View planning] Took: 0.024 s
2026-03-11 14:28:13.684 | DEBUG    | __main__:_tick:497 - [View planning] Took: 0.025 s
2026-03-11 14:28:14.679 | DEBUG    | __main__:_tick:497 - [View planning] Took: 0.021 s
2026-03-11 14:28:15.679 | DEBUG    | __main__:_tick:497 - [View planning] Took: 0.021 s
2026-03-11 14:28:16.679 | DEBUG    | __main__:_tick:497 - [View planning] Took: 0.021 s
2026-03-11 14:28:21.238 | INFO     | __main__:declare_mission_params:176 - All params declared
2026-03-11 14:28:21.238 | INFO     | __main__:initializeMissionParameters:236 - prediction_horizon: 10
2026-03-11 14:28:21.238 | INFO     | __main__:initializeMissionParameters:237 - Successfully loaded parameters
2026-03-11 14:28:21.238 | INFO     | __main__:initializeROSTopics:262 - odom_topic: odometry/imu
2026-03-11 14:28:21.238 | INFO     | __main__:initializeROSTopics:263 - pcl_topic:  filtered_pointcloud
2026-03-11 14:28:21.238 | INFO     | __main__:initializeROSTopics:276 - Successfully loaded topics
2026-03-11 14:28:26.248 | WARNING  | __main__:_wait_for_initial_messages:312 - No pointcloud received on 'filtered_pointcloud' after 5.0s
2026-03-11 14:28:26.248 | INFO     | __main__:initializeROSTopics:301 - Successfully loaded topics
2026-03-11 14:28:26.248 | INFO     | inspection_planner.planner_core:initializeMissionParameters:82 - pred_horz 10
2026-03-11 14:28:26.257 | INFO     | inspection_planner.planner_core:initializeMissionParameters:133 - Successfully loaded parameters
2026-03-11 14:28:26.257 | INFO     | inspection_planner.planner_core:__init__:28 - Planner Core Initialized
2026-03-11 14:28:26.257 | DEBUG    | __main__:__init__:52 - Initializing Planning ...
2026-03-11 14:28:26.257 | INFO     | __main__:_make_or_update_timer:96 - Tick rate set to 1.00 Hz (period 1.000 s)
2026-03-11 14:28:29.323 | DEBUG    | __main__:_tick:497 - [View planning] Took: 0.044 s
2026-03-11 14:28:30.321 | DEBUG    | __main__:_tick:497 - [View planning] Took: 0.045 s
2026-03-11 14:28:31.313 | DEBUG    | __main__:_tick:497 - [View planning] Took: 0.038 s
2026-03-11 14:28:32.315 | DEBUG    | __main__:_tick:497 - [View planning] Took: 0.039 s
2026-03-11 14:28:33.318 | DEBUG    | __main__:_tick:497 - [View planning] Took: 0.043 s
2026-03-11 14:28:34.317 | DEBUG    | __main__:_tick:497 - [View planning] Took: 0.041 s
2026-03-11 14:28:35.320 | DEBUG    | __main__:_tick:497 - [View planning] Took: 0.044 s
2026-03-11 14:28:36.319 | DEBUG    | __main__:_tick:497 - [View planning] Took: 0.043 s
2026-03-11 14:28:37.318 | DEBUG    | __main__:_tick:497 - [View planning] Took: 0.043 s
2026-03-11 14:28:38.315 | DEBUG    | __main__:_tick:497 - [View planning] Took: 0.038 s
2026-03-11 14:28:39.321 | DEBUG    | __main__:_tick:497 - [View planning] Took: 0.046 s
2026-03-11 14:28:40.328 | DEBUG    | __main__:_tick:497 - [View planning] Took: 0.047 s
2026-03-11 14:28:41.321 | DEBUG    | __main__:_tick:497 - [View planning] Took: 0.046 s
2026-03-11 14:28:42.321 | DEBUG    | __main__:_tick:497 - [View planning] Took: 0.046 s
2026-03-11 14:28:43.322 | DEBUG    | __main__:_tick:497 - [View planning] Took: 0.047 s
2026-03-11 14:28:44.318 | DEBUG    | __main__:_tick:497 - [View planning] Took: 0.043 s
2026-03-11 14:28:45.317 | DEBUG    | __main__:_tick:497 - [View planning] Took: 0.043 s
2026-03-11 14:28:46.316 | DEBUG    | __main__:_tick:497 - [View planning] Took: 0.042 s
2026-03-11 14:28:47.316 | DEBUG    | __main__:_tick:497 - [View planning] Took: 0.041 s
2026-03-11 14:28:48.320 | DEBUG    | __main__:_tick:497 - [View planning] Took: 0.042 s
2026-03-11 14:28:49.308 | DEBUG    | __main__:_tick:497 - [View planning] Took: 0.034 s
2026-03-11 14:28:50.308 | DEBUG    | __main__:_tick:497 - [View planning] Took: 0.034 s
2026-03-11 14:28:51.315 | DEBUG    | __main__:_tick:497 - [View planning] Took: 0.041 s
2026-03-11 14:28:52.314 | DEBUG    | __main__:_tick:497 - [View planning] Took: 0.041 s
2026-03-11 14:28:53.314 | DEBUG    | __main__:_tick:497 - [View planning] Took: 0.040 s
2026-03-11 14:28:54.306 | DEBUG    | __main__:_tick:497 - [View planning] Took: 0.032 s
2026-03-11 14:28:55.318 | DEBUG    | __main__:_tick:497 - [View planning] Took: 0.034 s
2026-03-11 14:28:56.322 | DEBUG    | __main__:_tick:497 - [View planning] Took: 0.041 s
2026-03-11 14:28:57.316 | DEBUG    | __main__:_tick:497 - [View planning] Took: 0.041 s
2026-03-11 14:28:58.311 | DEBUG    | __main__:_tick:497 - [View planning] Took: 0.036 s
2026-03-11 14:28:59.313 | DEBUG    | __main__:_tick:497 - [View planning] Took: 0.038 s
2026-03-11 14:29:00.310 | DEBUG    | __main__:_tick:497 - [View planning] Took: 0.035 s
2026-03-11 14:29:01.318 | DEBUG    | __main__:_tick:497 - [View planning] Took: 0.039 s
2026-03-11 14:29:02.321 | DEBUG    | __main__:_tick:497 - [View planning] Took: 0.044 s
2026-03-11 14:29:03.321 | DEBUG    | __main__:_tick:497 - [View planning] Took: 0.046 s
2026-03-11 14:29:04.326 | DEBUG    | __main__:_tick:497 - [View planning] Took: 0.046 s
2026-03-11 14:29:05.321 | DEBUG    | __main__:_tick:497 - [View planning] Took: 0.044 s
2026-03-11 14:29:06.317 | DEBUG    | __main__:_tick:497 - [View planning] Took: 0.043 s
2026-03-11 14:29:07.331 | DEBUG    | __main__:_tick:497 - [View planning] Took: 0.046 s
2026-03-11 14:29:08.321 | DEBUG    | __main__:_tick:497 - [View planning] Took: 0.040 s
2026-03-11 14:29:09.318 | DEBUG    | __main__:_tick:497 - [View planning] Took: 0.044 s
2026-03-11 14:29:10.315 | DEBUG    | __main__:_tick:497 - [View planning] Took: 0.042 s
2026-03-11 14:29:11.308 | DEBUG    | __main__:_tick:497 - [View planning] Took: 0.035 s
2026-03-11 14:29:12.312 | DEBUG    | __main__:_tick:497 - [View planning] Took: 0.033 s
2026-03-11 14:29:13.312 | DEBUG    | __main__:_tick:497 - [View planning] Took: 0.039 s
2026-03-11 14:29:14.399 | DEBUG    | __main__:_tick:497 - [View planning] Took: 0.100 s
2026-03-11 14:29:15.393 | DEBUG    | __main__:_tick:497 - [View planning] Took: 0.094 s
2026-03-11 14:29:16.388 | DEBUG    | __main__:_tick:497 - [View planning] Took: 0.090 s
2026-03-11 14:29:17.390 | DEBUG    | __main__:_tick:497 - [View planning] Took: 0.092 s
2026-03-11 14:29:18.384 | DEBUG    | __main__:_tick:497 - [View planning] Took: 0.084 s
2026-03-11 14:29:19.385 | DEBUG    | __main__:_tick:497 - [View planning] Took: 0.087 s
2026-03-11 14:29:20.378 | DEBUG    | __main__:_tick:497 - [View planning] Took: 0.079 s
2026-03-11 14:29:21.394 | DEBUG    | __main__:_tick:497 - [View planning] Took: 0.092 s
2026-03-11 14:29:22.390 | DEBUG    | __main__:_tick:497 - [View planning] Took: 0.092 s
2026-03-11 14:29:23.384 | DEBUG    | __main__:_tick:497 - [View planning] Took: 0.086 s
2026-03-11 14:29:24.388 | DEBUG    | __main__:_tick:497 - [View planning] Took: 0.089 s
2026-03-11 14:29:25.391 | DEBUG    | __main__:_tick:497 - [View planning] Took: 0.086 s
2026-03-11 14:29:26.389 | DEBUG    | __main__:_tick:497 - [View planning] Took: 0.090 s
2026-03-11 14:29:27.381 | DEBUG    | __main__:_tick:497 - [View planning] Took: 0.083 s
2026-03-11 14:29:28.381 | DEBUG    | __main__:_tick:497 - [View planning] Took: 0.083 s
2026-03-11 14:29:29.389 | DEBUG    | __main__:_tick:497 - [View planning] Took: 0.085 s
2026-03-11 14:29:30.386 | DEBUG    | __main__:_tick:497 - [View planning] Took: 0.088 s
2026-03-11 14:29:31.309 | WARNING  | __main__:_tick:505 - View planning failed: Cannot cast array data from dtype({'names': ['x', 'y', 'z'], 'formats': ['<f4', '<f4', '<f4'], 'offsets': [0, 4, 8], 'itemsize': 16}) to dtype('float32').
2026-03-11 14:29:32.467 | INFO     | __main__:declare_mission_params:176 - All params declared
2026-03-11 14:29:32.467 | INFO     | __main__:initializeMissionParameters:236 - prediction_horizon: 50
2026-03-11 14:29:32.467 | INFO     | __main__:initializeMissionParameters:237 - Successfully loaded parameters
2026-03-11 14:29:32.467 | INFO     | __main__:initializeROSTopics:262 - odom_topic: odometry/imu
2026-03-11 14:29:32.467 | INFO     | __main__:initializeROSTopics:263 - pcl_topic:  filtered_pointcloud
2026-03-11 14:29:32.467 | INFO     | __main__:initializeROSTopics:276 - Successfully loaded topics
2026-03-11 14:29:33.402 | INFO     | __main__:initializeROSTopics:301 - Successfully loaded topics
2026-03-11 14:29:33.402 | INFO     | inspection_planner.planner_core:initializeMissionParameters:82 - pred_horz 50
2026-03-11 14:29:33.402 | INFO     | inspection_planner.planner_core:initializeMissionParameters:133 - Successfully loaded parameters
2026-03-11 14:29:33.402 | INFO     | inspection_planner.planner_core:__init__:28 - Planner Core Initialized
2026-03-11 14:29:33.402 | DEBUG    | __main__:__init__:52 - Initializing Planning ...
2026-03-11 14:29:33.402 | INFO     | __main__:_make_or_update_timer:96 - Tick rate set to 1.00 Hz (period 1.000 s)
2026-03-11 14:29:34.876 | DEBUG    | __main__:_tick:497 - [View planning] Took: 0.431 s
2026-03-11 14:29:35.775 | DEBUG    | __main__:_tick:497 - [View planning] Took: 0.332 s
2026-03-11 14:29:36.748 | DEBUG    | __main__:_tick:497 - [View planning] Took: 0.304 s
2026-03-11 14:29:37.882 | DEBUG    | __main__:_tick:497 - [View planning] Took: 0.438 s
2026-03-11 14:29:38.870 | DEBUG    | __main__:_tick:497 - [View planning] Took: 0.426 s
2026-03-11 14:29:39.688 | DEBUG    | __main__:_tick:497 - [View planning] Took: 0.244 s
2026-03-11 14:29:40.744 | DEBUG    | __main__:_tick:497 - [View planning] Took: 0.300 s
2026-03-11 14:29:41.676 | DEBUG    | __main__:_tick:497 - [View planning] Took: 0.233 s
2026-03-11 14:29:42.724 | DEBUG    | __main__:_tick:497 - [View planning] Took: 0.275 s
2026-03-11 14:29:43.817 | DEBUG    | __main__:_tick:497 - [View planning] Took: 0.366 s
2026-03-11 14:29:44.877 | DEBUG    | __main__:_tick:497 - [View planning] Took: 0.433 s
2026-03-11 14:29:45.865 | DEBUG    | __main__:_tick:497 - [View planning] Took: 0.416 s
2026-03-11 14:29:46.743 | DEBUG    | __main__:_tick:497 - [View planning] Took: 0.297 s
2026-03-11 14:29:47.767 | DEBUG    | __main__:_tick:497 - [View planning] Took: 0.323 s
2026-03-11 14:29:48.750 | DEBUG    | __main__:_tick:497 - [View planning] Took: 0.306 s
2026-03-11 14:29:49.753 | DEBUG    | __main__:_tick:497 - [View planning] Took: 0.309 s
2026-03-11 14:29:50.703 | DEBUG    | __main__:_tick:497 - [View planning] Took: 0.258 s
2026-03-11 14:29:51.871 | DEBUG    | __main__:_tick:497 - [View planning] Took: 0.427 s
2026-03-11 14:29:52.696 | DEBUG    | __main__:_tick:497 - [View planning] Took: 0.253 s
2026-03-11 14:29:53.770 | DEBUG    | __main__:_tick:497 - [View planning] Took: 0.320 s
2026-03-11 14:29:54.694 | DEBUG    | __main__:_tick:497 - [View planning] Took: 0.250 s
2026-03-11 14:29:55.697 | DEBUG    | __main__:_tick:497 - [View planning] Took: 0.246 s
2026-03-11 14:29:56.698 | DEBUG    | __main__:_tick:497 - [View planning] Took: 0.245 s
2026-03-11 14:29:59.055 | INFO     | __main__:declare_mission_params:176 - All params declared
2026-03-11 14:29:59.055 | INFO     | __main__:initializeMissionParameters:236 - prediction_horizon: 50
2026-03-11 14:29:59.055 | INFO     | __main__:initializeMissionParameters:237 - Successfully loaded parameters
2026-03-11 14:29:59.055 | INFO     | __main__:initializeROSTopics:262 - odom_topic: odometry/imu
2026-03-11 14:29:59.055 | INFO     | __main__:initializeROSTopics:263 - pcl_topic:  filtered_pointcloud
2026-03-11 14:29:59.055 | INFO     | __main__:initializeROSTopics:276 - Successfully loaded topics
2026-03-11 14:30:01.317 | INFO     | __main__:initializeROSTopics:301 - Successfully loaded topics
2026-03-11 14:30:01.317 | INFO     | inspection_planner.planner_core:initializeMissionParameters:82 - pred_horz 50
2026-03-11 14:30:01.317 | INFO     | inspection_planner.planner_core:initializeMissionParameters:133 - Successfully loaded parameters
2026-03-11 14:30:01.317 | INFO     | inspection_planner.planner_core:__init__:28 - Planner Core Initialized
2026-03-11 14:30:01.317 | DEBUG    | __main__:__init__:52 - Initializing Planning ...
2026-03-11 14:30:01.317 | INFO     | __main__:_make_or_update_timer:96 - Tick rate set to 1.00 Hz (period 1.000 s)
2026-03-11 14:30:02.574 | DEBUG    | __main__:_tick:497 - [View planning] Took: 0.215 s
2026-03-11 14:30:03.583 | DEBUG    | __main__:_tick:497 - [View planning] Took: 0.226 s
2026-03-11 14:30:04.591 | DEBUG    | __main__:_tick:497 - [View planning] Took: 0.234 s
2026-03-11 14:30:05.601 | DEBUG    | __main__:_tick:497 - [View planning] Took: 0.240 s
2026-03-11 14:30:06.643 | DEBUG    | __main__:_tick:497 - [View planning] Took: 0.285 s
2026-03-11 14:30:07.657 | DEBUG    | __main__:_tick:497 - [View planning] Took: 0.300 s
2026-03-11 14:30:08.659 | DEBUG    | __main__:_tick:497 - [View planning] Took: 0.301 s
2026-03-11 14:30:09.571 | DEBUG    | __main__:_tick:497 - [View planning] Took: 0.214 s
2026-03-11 14:30:10.583 | DEBUG    | __main__:_tick:497 - [View planning] Took: 0.226 s
2026-03-11 14:30:11.719 | DEBUG    | __main__:_tick:497 - [View planning] Took: 0.361 s
2026-03-11 14:30:12.606 | DEBUG    | __main__:_tick:497 - [View planning] Took: 0.249 s
2026-03-11 14:30:13.601 | DEBUG    | __main__:_tick:497 - [View planning] Took: 0.245 s
2026-03-11 14:30:14.611 | DEBUG    | __main__:_tick:497 - [View planning] Took: 0.254 s
2026-03-11 14:30:15.619 | DEBUG    | __main__:_tick:497 - [View planning] Took: 0.262 s
2026-03-11 14:30:16.565 | DEBUG    | __main__:_tick:497 - [View planning] Took: 0.209 s
2026-03-11 14:30:17.679 | DEBUG    | __main__:_tick:497 - [View planning] Took: 0.316 s
2026-03-11 14:30:18.605 | DEBUG    | __main__:_tick:497 - [View planning] Took: 0.249 s
2026-03-11 14:30:19.644 | DEBUG    | __main__:_tick:497 - [View planning] Took: 0.287 s
2026-03-11 14:30:20.654 | DEBUG    | __main__:_tick:497 - [View planning] Took: 0.297 s
2026-03-11 14:30:21.650 | DEBUG    | __main__:_tick:497 - [View planning] Took: 0.294 s
2026-03-11 14:30:22.661 | DEBUG    | __main__:_tick:497 - [View planning] Took: 0.301 s
2026-03-11 14:30:23.658 | DEBUG    | __main__:_tick:497 - [View planning] Took: 0.301 s
2026-03-11 14:30:24.664 | DEBUG    | __main__:_tick:497 - [View planning] Took: 0.296 s
2026-03-11 14:30:25.626 | DEBUG    | __main__:_tick:497 - [View planning] Took: 0.270 s
2026-03-11 14:30:26.664 | DEBUG    | __main__:_tick:497 - [View planning] Took: 0.307 s
2026-03-11 14:30:27.685 | DEBUG    | __main__:_tick:497 - [View planning] Took: 0.327 s
2026-03-11 14:30:28.623 | DEBUG    | __main__:_tick:497 - [View planning] Took: 0.265 s
2026-03-11 14:30:29.628 | DEBUG    | __main__:_tick:497 - [View planning] Took: 0.270 s
2026-03-11 14:30:30.689 | DEBUG    | __main__:_tick:497 - [View planning] Took: 0.333 s
2026-03-11 14:30:31.650 | DEBUG    | __main__:_tick:497 - [View planning] Took: 0.293 s
2026-03-11 14:30:32.627 | DEBUG    | __main__:_tick:497 - [View planning] Took: 0.270 s
2026-03-11 14:30:33.627 | DEBUG    | __main__:_tick:497 - [View planning] Took: 0.270 s
2026-03-11 14:30:34.629 | DEBUG    | __main__:_tick:497 - [View planning] Took: 0.273 s
2026-03-11 14:30:35.688 | DEBUG    | __main__:_tick:497 - [View planning] Took: 0.332 s
2026-03-11 14:30:36.689 | DEBUG    | __main__:_tick:497 - [View planning] Took: 0.326 s
2026-03-11 14:30:37.659 | DEBUG    | __main__:_tick:497 - [View planning] Took: 0.300 s
2026-03-11 14:30:38.630 | DEBUG    | __main__:_tick:497 - [View planning] Took: 0.274 s
2026-03-11 14:30:39.658 | DEBUG    | __main__:_tick:497 - [View planning] Took: 0.302 s
2026-03-11 14:30:40.646 | DEBUG    | __main__:_tick:497 - [View planning] Took: 0.290 s
2026-03-11 14:30:41.671 | DEBUG    | __main__:_tick:497 - [View planning] Took: 0.316 s
2026-03-11 14:30:42.672 | DEBUG    | __main__:_tick:497 - [View planning] Took: 0.313 s
2026-03-11 14:30:44.383 | INFO     | __main__:declare_mission_params:176 - All params declared
2026-03-11 14:30:44.383 | INFO     | __main__:initializeMissionParameters:236 - prediction_horizon: 50
2026-03-11 14:30:44.383 | INFO     | __main__:initializeMissionParameters:237 - Successfully loaded parameters
2026-03-11 14:30:44.383 | INFO     | __main__:initializeROSTopics:262 - odom_topic: odometry/imu
2026-03-11 14:30:44.383 | INFO     | __main__:initializeROSTopics:263 - pcl_topic:  filtered_pointcloud
2026-03-11 14:30:44.383 | INFO     | __main__:initializeROSTopics:276 - Successfully loaded topics
2026-03-11 14:30:45.004 | INFO     | __main__:initializeROSTopics:301 - Successfully loaded topics
2026-03-11 14:30:45.004 | INFO     | inspection_planner.planner_core:initializeMissionParameters:82 - pred_horz 50
2026-03-11 14:30:45.004 | INFO     | inspection_planner.planner_core:initializeMissionParameters:133 - Successfully loaded parameters
2026-03-11 14:30:45.004 | INFO     | inspection_planner.planner_core:__init__:28 - Planner Core Initialized
2026-03-11 14:30:45.004 | DEBUG    | __main__:__init__:52 - Initializing Planning ...
2026-03-11 14:30:45.004 | INFO     | __main__:_make_or_update_timer:96 - Tick rate set to 1.00 Hz (period 1.000 s)
2026-03-11 14:30:46.403 | DEBUG    | __main__:_tick:497 - [View planning] Took: 0.358 s
2026-03-11 14:30:47.271 | DEBUG    | __main__:_tick:497 - [View planning] Took: 0.227 s
2026-03-11 14:30:48.405 | DEBUG    | __main__:_tick:497 - [View planning] Took: 0.363 s
2026-03-11 14:30:49.307 | DEBUG    | __main__:_tick:497 - [View planning] Took: 0.260 s
2026-03-11 14:30:50.153 | DEBUG    | __main__:_tick:497 - [View planning] Took: 0.132 s
2026-03-11 14:30:51.169 | DEBUG    | __main__:_tick:497 - [View planning] Took: 0.149 s
2026-03-11 14:30:52.169 | DEBUG    | __main__:_tick:497 - [View planning] Took: 0.144 s
2026-03-11 14:30:53.173 | DEBUG    | __main__:_tick:497 - [View planning] Took: 0.152 s
2026-03-11 14:30:55.110 | INFO     | __main__:declare_mission_params:176 - All params declared
2026-03-11 14:30:55.110 | INFO     | __main__:initializeMissionParameters:236 - prediction_horizon: 10
2026-03-11 14:30:55.110 | INFO     | __main__:initializeMissionParameters:237 - Successfully loaded parameters
2026-03-11 14:30:55.110 | INFO     | __main__:initializeROSTopics:262 - odom_topic: odometry/imu
2026-03-11 14:30:55.110 | INFO     | __main__:initializeROSTopics:263 - pcl_topic:  filtered_pointcloud
2026-03-11 14:30:55.110 | INFO     | __main__:initializeROSTopics:276 - Successfully loaded topics
2026-03-11 14:30:55.924 | INFO     | __main__:initializeROSTopics:301 - Successfully loaded topics
2026-03-11 14:30:55.924 | INFO     | inspection_planner.planner_core:initializeMissionParameters:82 - pred_horz 10
2026-03-11 14:30:55.933 | INFO     | inspection_planner.planner_core:initializeMissionParameters:133 - Successfully loaded parameters
2026-03-11 14:30:55.933 | INFO     | inspection_planner.planner_core:__init__:28 - Planner Core Initialized
2026-03-11 14:30:55.933 | DEBUG    | __main__:__init__:52 - Initializing Planning ...
2026-03-11 14:30:55.933 | INFO     | __main__:_make_or_update_timer:96 - Tick rate set to 1.00 Hz (period 1.000 s)
2026-03-11 14:30:56.982 | DEBUG    | __main__:_tick:497 - [View planning] Took: 0.030 s
2026-03-11 14:30:57.987 | DEBUG    | __main__:_tick:497 - [View planning] Took: 0.037 s
2026-03-11 14:30:58.989 | DEBUG    | __main__:_tick:497 - [View planning] Took: 0.039 s
2026-03-11 14:30:59.988 | DEBUG    | __main__:_tick:497 - [View planning] Took: 0.038 s
2026-03-11 14:31:00.981 | DEBUG    | __main__:_tick:497 - [View planning] Took: 0.032 s
2026-03-11 14:31:01.986 | DEBUG    | __main__:_tick:497 - [View planning] Took: 0.031 s
2026-03-11 14:31:02.985 | DEBUG    | __main__:_tick:497 - [View planning] Took: 0.036 s
2026-03-11 14:31:03.978 | DEBUG    | __main__:_tick:497 - [View planning] Took: 0.030 s
2026-03-11 14:31:04.976 | DEBUG    | __main__:_tick:497 - [View planning] Took: 0.028 s
2026-03-11 14:31:05.981 | DEBUG    | __main__:_tick:497 - [View planning] Took: 0.033 s
2026-03-11 14:31:06.972 | DEBUG    | __main__:_tick:497 - [View planning] Took: 0.025 s
2026-03-11 14:31:07.972 | DEBUG    | __main__:_tick:497 - [View planning] Took: 0.026 s
2026-03-11 14:31:08.971 | DEBUG    | __main__:_tick:497 - [View planning] Took: 0.025 s
2026-03-11 14:31:09.968 | DEBUG    | __main__:_tick:497 - [View planning] Took: 0.023 s
2026-03-11 14:31:10.974 | DEBUG    | __main__:_tick:497 - [View planning] Took: 0.028 s
2026-03-11 14:31:11.965 | DEBUG    | __main__:_tick:497 - [View planning] Took: 0.020 s
2026-03-11 14:31:12.964 | DEBUG    | __main__:_tick:497 - [View planning] Took: 0.020 s
2026-03-11 14:31:13.963 | DEBUG    | __main__:_tick:497 - [View planning] Took: 0.019 s
2026-03-11 14:31:14.962 | DEBUG    | __main__:_tick:497 - [View planning] Took: 0.018 s
2026-03-11 14:31:15.963 | DEBUG    | __main__:_tick:497 - [View planning] Took: 0.019 s
2026-03-11 14:31:16.970 | DEBUG    | __main__:_tick:497 - [View planning] Took: 0.026 s
2026-03-11 14:31:17.966 | DEBUG    | __main__:_tick:497 - [View planning] Took: 0.022 s
2026-03-11 14:31:18.967 | DEBUG    | __main__:_tick:497 - [View planning] Took: 0.022 s
2026-03-11 14:31:19.971 | DEBUG    | __main__:_tick:497 - [View planning] Took: 0.022 s
2026-03-11 14:31:20.974 | DEBUG    | __main__:_tick:497 - [View planning] Took: 0.029 s
2026-03-11 14:31:21.970 | DEBUG    | __main__:_tick:497 - [View planning] Took: 0.023 s
2026-03-11 14:31:22.973 | DEBUG    | __main__:_tick:497 - [View planning] Took: 0.028 s
2026-03-11 14:31:23.968 | DEBUG    | __main__:_tick:497 - [View planning] Took: 0.023 s
2026-03-11 14:31:24.965 | DEBUG    | __main__:_tick:497 - [View planning] Took: 0.021 s
2026-03-11 14:31:25.971 | DEBUG    | __main__:_tick:497 - [View planning] Took: 0.027 s
2026-03-11 14:31:26.964 | DEBUG    | __main__:_tick:497 - [View planning] Took: 0.020 s
2026-03-11 14:31:27.963 | DEBUG    | __main__:_tick:497 - [View planning] Took: 0.020 s
2026-03-11 14:31:28.969 | DEBUG    | __main__:_tick:497 - [View planning] Took: 0.026 s
2026-03-11 14:31:29.962 | DEBUG    | __main__:_tick:497 - [View planning] Took: 0.019 s
2026-03-11 14:31:30.962 | DEBUG    | __main__:_tick:497 - [View planning] Took: 0.019 s
2026-03-11 14:31:31.963 | DEBUG    | __main__:_tick:497 - [View planning] Took: 0.021 s
2026-03-11 14:31:32.962 | DEBUG    | __main__:_tick:497 - [View planning] Took: 0.018 s
2026-03-11 14:31:33.964 | DEBUG    | __main__:_tick:497 - [View planning] Took: 0.019 s
2026-03-11 14:31:34.962 | DEBUG    | __main__:_tick:497 - [View planning] Took: 0.019 s
2026-03-11 14:31:35.968 | DEBUG    | __main__:_tick:497 - [View planning] Took: 0.025 s
2026-03-11 14:31:36.964 | DEBUG    | __main__:_tick:497 - [View planning] Took: 0.021 s
2026-03-11 14:31:37.969 | DEBUG    | __main__:_tick:497 - [View planning] Took: 0.026 s
2026-03-11 14:31:38.966 | DEBUG    | __main__:_tick:497 - [View planning] Took: 0.022 s
2026-03-11 14:31:39.972 | DEBUG    | __main__:_tick:497 - [View planning] Took: 0.028 s
2026-03-11 14:31:40.966 | DEBUG    | __main__:_tick:497 - [View planning] Took: 0.023 s
2026-03-11 14:31:41.976 | DEBUG    | __main__:_tick:497 - [View planning] Took: 0.031 s
2026-03-11 14:31:42.970 | DEBUG    | __main__:_tick:497 - [View planning] Took: 0.025 s
2026-03-11 14:31:43.971 | DEBUG    | __main__:_tick:497 - [View planning] Took: 0.025 s
2026-03-11 14:31:44.978 | DEBUG    | __main__:_tick:497 - [View planning] Took: 0.033 s
2026-03-11 14:31:45.979 | DEBUG    | __main__:_tick:497 - [View planning] Took: 0.033 s
2026-03-11 14:31:46.975 | DEBUG    | __main__:_tick:497 - [View planning] Took: 0.028 s
2026-03-11 14:31:47.981 | DEBUG    | __main__:_tick:497 - [View planning] Took: 0.028 s
2026-03-11 14:31:48.982 | DEBUG    | __main__:_tick:497 - [View planning] Took: 0.035 s
2026-03-11 14:31:49.999 | DEBUG    | __main__:_tick:497 - [View planning] Took: 0.040 s
2026-03-11 14:31:50.979 | DEBUG    | __main__:_tick:497 - [View planning] Took: 0.031 s
2026-03-11 14:31:51.980 | DEBUG    | __main__:_tick:497 - [View planning] Took: 0.031 s
2026-03-11 14:31:52.988 | DEBUG    | __main__:_tick:497 - [View planning] Took: 0.038 s
2026-03-11 14:31:53.980 | DEBUG    | __main__:_tick:497 - [View planning] Took: 0.031 s
2026-03-11 14:31:54.981 | DEBUG    | __main__:_tick:497 - [View planning] Took: 0.032 s
2026-03-11 14:31:55.997 | DEBUG    | __main__:_tick:497 - [View planning] Took: 0.044 s
2026-03-11 14:31:56.983 | DEBUG    | __main__:_tick:497 - [View planning] Took: 0.033 s
2026-03-11 14:31:57.987 | DEBUG    | __main__:_tick:497 - [View planning] Took: 0.033 s
2026-03-11 14:31:58.995 | DEBUG    | __main__:_tick:497 - [View planning] Took: 0.045 s
2026-03-11 14:31:59.989 | DEBUG    | __main__:_tick:497 - [View planning] Took: 0.038 s
2026-03-11 14:32:00.983 | DEBUG    | __main__:_tick:497 - [View planning] Took: 0.033 s
2026-03-11 14:32:01.982 | DEBUG    | __main__:_tick:497 - [View planning] Took: 0.032 s
2026-03-11 14:32:02.988 | DEBUG    | __main__:_tick:497 - [View planning] Took: 0.038 s
2026-03-11 14:32:03.982 | DEBUG    | __main__:_tick:497 - [View planning] Took: 0.032 s
2026-03-11 14:32:04.986 | DEBUG    | __main__:_tick:497 - [View planning] Took: 0.036 s
2026-03-11 14:32:05.982 | DEBUG    | __main__:_tick:497 - [View planning] Took: 0.032 s
2026-03-11 14:32:06.989 | DEBUG    | __main__:_tick:497 - [View planning] Took: 0.039 s
2026-03-11 14:32:07.983 | DEBUG    | __main__:_tick:497 - [View planning] Took: 0.033 s
2026-03-11 14:32:08.989 | DEBUG    | __main__:_tick:497 - [View planning] Took: 0.039 s
2026-03-11 14:32:09.982 | DEBUG    | __main__:_tick:497 - [View planning] Took: 0.032 s
2026-03-11 14:32:10.983 | DEBUG    | __main__:_tick:497 - [View planning] Took: 0.033 s
2026-03-11 14:32:11.993 | DEBUG    | __main__:_tick:497 - [View planning] Took: 0.038 s
2026-03-11 14:32:12.981 | DEBUG    | __main__:_tick:497 - [View planning] Took: 0.032 s
2026-03-11 14:32:13.986 | DEBUG    | __main__:_tick:497 - [View planning] Took: 0.037 s
2026-03-11 14:32:14.987 | DEBUG    | __main__:_tick:497 - [View planning] Took: 0.038 s
2026-03-11 14:32:15.981 | DEBUG    | __main__:_tick:497 - [View planning] Took: 0.031 s
2026-03-11 14:32:16.989 | DEBUG    | __main__:_tick:497 - [View planning] Took: 0.038 s
2026-03-11 14:32:17.982 | DEBUG    | __main__:_tick:497 - [View planning] Took: 0.032 s
2026-03-11 14:32:18.987 | DEBUG    | __main__:_tick:497 - [View planning] Took: 0.037 s
2026-03-11 14:32:19.994 | DEBUG    | __main__:_tick:497 - [View planning] Took: 0.032 s
2026-03-11 14:32:20.995 | DEBUG    | __main__:_tick:497 - [View planning] Took: 0.038 s
2026-03-11 14:32:21.982 | DEBUG    | __main__:_tick:497 - [View planning] Took: 0.033 s
2026-03-11 14:32:22.979 | DEBUG    | __main__:_tick:497 - [View planning] Took: 0.030 s
2026-03-11 14:32:23.986 | DEBUG    | __main__:_tick:497 - [View planning] Took: 0.031 s
2026-03-11 14:32:24.989 | DEBUG    | __main__:_tick:497 - [View planning] Took: 0.030 s
2026-03-11 14:32:25.977 | DEBUG    | __main__:_tick:497 - [View planning] Took: 0.029 s
2026-03-11 14:32:26.984 | DEBUG    | __main__:_tick:497 - [View planning] Took: 0.035 s
2026-03-11 14:32:27.977 | DEBUG    | __main__:_tick:497 - [View planning] Took: 0.029 s
2026-03-11 14:32:28.977 | DEBUG    | __main__:_tick:497 - [View planning] Took: 0.029 s
2026-03-11 14:32:29.991 | DEBUG    | __main__:_tick:497 - [View planning] Took: 0.037 s
2026-03-11 14:32:30.980 | DEBUG    | __main__:_tick:497 - [View planning] Took: 0.029 s
2026-03-11 14:32:31.990 | DEBUG    | __main__:_tick:497 - [View planning] Took: 0.038 s
2026-03-11 14:32:32.982 | DEBUG    | __main__:_tick:497 - [View planning] Took: 0.032 s
2026-03-11 14:32:33.991 | DEBUG    | __main__:_tick:497 - [View planning] Took: 0.034 s
2026-03-11 14:32:34.993 | DEBUG    | __main__:_tick:497 - [View planning] Took: 0.042 s
2026-03-11 14:32:35.986 | DEBUG    | __main__:_tick:497 - [View planning] Took: 0.034 s
2026-03-11 14:32:36.993 | DEBUG    | __main__:_tick:497 - [View planning] Took: 0.042 s
2026-03-11 14:32:37.995 | DEBUG    | __main__:_tick:497 - [View planning] Took: 0.044 s
2026-03-11 14:32:38.999 | DEBUG    | __main__:_tick:497 - [View planning] Took: 0.043 s
2026-03-11 14:32:39.988 | DEBUG    | __main__:_tick:497 - [View planning] Took: 0.037 s
2026-03-11 14:32:41.010 | DEBUG    | __main__:_tick:497 - [View planning] Took: 0.058 s
2026-03-11 14:32:41.993 | DEBUG    | __main__:_tick:497 - [View planning] Took: 0.040 s
2026-03-11 14:32:42.991 | DEBUG    | __main__:_tick:497 - [View planning] Took: 0.040 s
2026-03-11 14:32:43.990 | DEBUG    | __main__:_tick:497 - [View planning] Took: 0.034 s
2026-03-11 14:32:44.991 | DEBUG    | __main__:_tick:497 - [View planning] Took: 0.033 s
2026-03-11 14:32:45.991 | DEBUG    | __main__:_tick:497 - [View planning] Took: 0.040 s
2026-03-11 14:32:46.988 | DEBUG    | __main__:_tick:497 - [View planning] Took: 0.034 s
2026-03-11 14:32:47.992 | DEBUG    | __main__:_tick:497 - [View planning] Took: 0.040 s
2026-03-11 14:32:48.988 | DEBUG    | __main__:_tick:497 - [View planning] Took: 0.035 s
2026-03-11 14:32:49.992 | DEBUG    | __main__:_tick:497 - [View planning] Took: 0.041 s
2026-03-11 14:32:50.986 | DEBUG    | __main__:_tick:497 - [View planning] Took: 0.034 s
2026-03-11 14:32:51.985 | DEBUG    | __main__:_tick:497 - [View planning] Took: 0.034 s
2026-03-11 14:32:52.994 | DEBUG    | __main__:_tick:497 - [View planning] Took: 0.043 s
2026-03-11 14:32:53.992 | DEBUG    | __main__:_tick:497 - [View planning] Took: 0.034 s
2026-03-11 14:32:54.992 | DEBUG    | __main__:_tick:497 - [View planning] Took: 0.041 s
2026-03-11 14:32:55.991 | DEBUG    | __main__:_tick:497 - [View planning] Took: 0.040 s
2026-03-11 14:32:56.988 | DEBUG    | __main__:_tick:497 - [View planning] Took: 0.034 s
2026-03-11 14:32:57.992 | DEBUG    | __main__:_tick:497 - [View planning] Took: 0.040 s
2026-03-11 14:32:58.993 | DEBUG    | __main__:_tick:497 - [View planning] Took: 0.040 s
2026-03-11 14:32:59.985 | DEBUG    | __main__:_tick:497 - [View planning] Took: 0.033 s
2026-03-11 14:33:00.992 | DEBUG    | __main__:_tick:497 - [View planning] Took: 0.041 s
2026-03-11 14:33:01.984 | DEBUG    | __main__:_tick:497 - [View planning] Took: 0.033 s
2026-03-11 14:33:02.984 | DEBUG    | __main__:_tick:497 - [View planning] Took: 0.033 s
2026-03-11 14:33:03.985 | DEBUG    | __main__:_tick:497 - [View planning] Took: 0.033 s
2026-03-11 14:33:04.989 | DEBUG    | __main__:_tick:497 - [View planning] Took: 0.032 s
2026-03-11 14:33:05.984 | DEBUG    | __main__:_tick:497 - [View planning] Took: 0.033 s
2026-03-11 14:33:06.991 | DEBUG    | __main__:_tick:497 - [View planning] Took: 0.034 s
2026-03-11 14:33:07.992 | DEBUG    | __main__:_tick:497 - [View planning] Took: 0.041 s
2026-03-11 14:33:08.985 | DEBUG    | __main__:_tick:497 - [View planning] Took: 0.034 s
2026-03-11 14:33:09.997 | DEBUG    | __main__:_tick:497 - [View planning] Took: 0.040 s
2026-03-11 14:33:10.990 | DEBUG    | __main__:_tick:497 - [View planning] Took: 0.034 s
2026-03-11 14:33:11.993 | DEBUG    | __main__:_tick:497 - [View planning] Took: 0.034 s
2026-03-11 14:33:12.991 | DEBUG    | __main__:_tick:497 - [View planning] Took: 0.040 s
2026-03-11 14:33:13.984 | DEBUG    | __main__:_tick:497 - [View planning] Took: 0.033 s
2026-03-11 14:33:14.991 | DEBUG    | __main__:_tick:497 - [View planning] Took: 0.040 s
2026-03-11 14:33:15.991 | DEBUG    | __main__:_tick:497 - [View planning] Took: 0.039 s
2026-03-11 14:33:16.985 | DEBUG    | __main__:_tick:497 - [View planning] Took: 0.033 s
2026-03-11 14:33:17.989 | DEBUG    | __main__:_tick:497 - [View planning] Took: 0.038 s
2026-03-11 14:33:18.986 | DEBUG    | __main__:_tick:497 - [View planning] Took: 0.035 s
2026-03-11 14:33:19.992 | DEBUG    | __main__:_tick:497 - [View planning] Took: 0.041 s
2026-03-11 14:33:20.999 | DEBUG    | __main__:_tick:497 - [View planning] Took: 0.046 s
2026-03-11 14:33:21.986 | DEBUG    | __main__:_tick:497 - [View planning] Took: 0.035 s
2026-03-11 14:33:22.993 | DEBUG    | __main__:_tick:497 - [View planning] Took: 0.042 s
2026-03-11 14:33:23.985 | DEBUG    | __main__:_tick:497 - [View planning] Took: 0.034 s
2026-03-11 14:33:24.983 | DEBUG    | __main__:_tick:497 - [View planning] Took: 0.032 s
2026-03-11 14:33:25.993 | DEBUG    | __main__:_tick:497 - [View planning] Took: 0.042 s
2026-03-11 14:33:26.987 | DEBUG    | __main__:_tick:497 - [View planning] Took: 0.035 s
2026-03-11 14:33:27.987 | DEBUG    | __main__:_tick:497 - [View planning] Took: 0.036 s
2026-03-11 14:33:28.993 | DEBUG    | __main__:_tick:497 - [View planning] Took: 0.041 s
2026-03-11 14:33:29.995 | DEBUG    | __main__:_tick:497 - [View planning] Took: 0.044 s
2026-03-11 14:33:31.000 | DEBUG    | __main__:_tick:497 - [View planning] Took: 0.045 s
2026-03-11 14:33:31.998 | DEBUG    | __main__:_tick:497 - [View planning] Took: 0.041 s
2026-03-11 14:33:32.987 | DEBUG    | __main__:_tick:497 - [View planning] Took: 0.035 s
2026-03-11 14:33:33.992 | DEBUG    | __main__:_tick:497 - [View planning] Took: 0.041 s
2026-03-11 14:33:34.991 | DEBUG    | __main__:_tick:497 - [View planning] Took: 0.040 s
2026-03-11 14:33:35.985 | DEBUG    | __main__:_tick:497 - [View planning] Took: 0.034 s
2026-03-11 14:33:37.000 | DEBUG    | __main__:_tick:497 - [View planning] Took: 0.038 s
2026-03-11 14:33:37.984 | DEBUG    | __main__:_tick:497 - [View planning] Took: 0.031 s
2026-03-11 14:33:38.981 | DEBUG    | __main__:_tick:497 - [View planning] Took: 0.030 s
2026-03-11 14:33:39.986 | DEBUG    | __main__:_tick:497 - [View planning] Took: 0.035 s
2026-03-11 14:33:40.987 | DEBUG    | __main__:_tick:497 - [View planning] Took: 0.036 s
2026-03-11 14:33:41.995 | DEBUG    | __main__:_tick:497 - [View planning] Took: 0.037 s
2026-03-11 14:33:42.994 | DEBUG    | __main__:_tick:497 - [View planning] Took: 0.042 s
2026-03-11 14:33:43.993 | DEBUG    | __main__:_tick:497 - [View planning] Took: 0.042 s
2026-03-11 14:33:44.987 | DEBUG    | __main__:_tick:497 - [View planning] Took: 0.035 s
2026-03-11 14:33:45.992 | DEBUG    | __main__:_tick:497 - [View planning] Took: 0.041 s
2026-03-11 14:33:46.985 | DEBUG    | __main__:_tick:497 - [View planning] Took: 0.034 s
2026-03-11 14:33:47.987 | DEBUG    | __main__:_tick:497 - [View planning] Took: 0.035 s
2026-03-11 14:33:48.996 | DEBUG    | __main__:_tick:497 - [View planning] Took: 0.041 s
2026-03-11 14:33:49.994 | DEBUG    | __main__:_tick:497 - [View planning] Took: 0.042 s
2026-03-11 14:33:50.987 | DEBUG    | __main__:_tick:497 - [View planning] Took: 0.035 s
2026-03-11 14:33:51.994 | DEBUG    | __main__:_tick:497 - [View planning] Took: 0.036 s
2026-03-11 14:33:53.003 | DEBUG    | __main__:_tick:497 - [View planning] Took: 0.041 s
2026-03-11 14:33:53.998 | DEBUG    | __main__:_tick:497 - [View planning] Took: 0.036 s
2026-03-11 14:33:54.992 | DEBUG    | __main__:_tick:497 - [View planning] Took: 0.034 s
2026-03-11 14:33:55.985 | DEBUG    | __main__:_tick:497 - [View planning] Took: 0.033 s
2026-03-11 14:33:56.989 | DEBUG    | __main__:_tick:497 - [View planning] Took: 0.032 s
2026-03-11 14:33:57.988 | DEBUG    | __main__:_tick:497 - [View planning] Took: 0.031 s
2026-03-11 14:33:58.981 | DEBUG    | __main__:_tick:497 - [View planning] Took: 0.030 s
2026-03-11 14:33:59.982 | DEBUG    | __main__:_tick:497 - [View planning] Took: 0.029 s
2026-03-11 14:34:00.992 | DEBUG    | __main__:_tick:497 - [View planning] Took: 0.035 s
2026-03-11 14:34:01.994 | DEBUG    | __main__:_tick:497 - [View planning] Took: 0.040 s
2026-03-11 14:34:02.984 | DEBUG    | __main__:_tick:497 - [View planning] Took: 0.033 s
2026-03-11 14:34:03.991 | DEBUG    | __main__:_tick:497 - [View planning] Took: 0.039 s
2026-03-11 14:34:04.984 | DEBUG    | __main__:_tick:497 - [View planning] Took: 0.033 s
2026-03-11 14:34:05.987 | DEBUG    | __main__:_tick:497 - [View planning] Took: 0.031 s
2026-03-11 14:34:06.983 | DEBUG    | __main__:_tick:497 - [View planning] Took: 0.032 s
2026-03-11 14:34:07.983 | DEBUG    | __main__:_tick:497 - [View planning] Took: 0.032 s
2026-03-11 14:34:08.987 | DEBUG    | __main__:_tick:497 - [View planning] Took: 0.031 s
2026-03-11 14:34:09.982 | DEBUG    | __main__:_tick:497 - [View planning] Took: 0.031 s
2026-03-11 14:34:10.989 | DEBUG    | __main__:_tick:497 - [View planning] Took: 0.039 s
2026-03-11 14:34:11.989 | DEBUG    | __main__:_tick:497 - [View planning] Took: 0.032 s
2026-03-11 14:34:12.990 | DEBUG    | __main__:_tick:497 - [View planning] Took: 0.039 s
2026-03-11 14:34:13.985 | DEBUG    | __main__:_tick:497 - [View planning] Took: 0.034 s
2026-03-11 14:34:14.998 | DEBUG    | __main__:_tick:497 - [View planning] Took: 0.042 s
2026-03-11 14:34:15.984 | DEBUG    | __main__:_tick:497 - [View planning] Took: 0.034 s
2026-03-11 14:34:16.988 | DEBUG    | __main__:_tick:497 - [View planning] Took: 0.038 s
2026-03-11 14:34:17.983 | DEBUG    | __main__:_tick:497 - [View planning] Took: 0.033 s
2026-03-11 14:34:18.992 | DEBUG    | __main__:_tick:497 - [View planning] Took: 0.041 s
2026-03-11 14:34:19.984 | DEBUG    | __main__:_tick:497 - [View planning] Took: 0.033 s
2026-03-11 14:34:20.984 | DEBUG    | __main__:_tick:497 - [View planning] Took: 0.033 s
2026-03-11 14:34:21.984 | DEBUG    | __main__:_tick:497 - [View planning] Took: 0.033 s
2026-03-11 14:34:22.986 | DEBUG    | __main__:_tick:497 - [View planning] Took: 0.033 s
2026-03-11 14:34:23.984 | DEBUG    | __main__:_tick:497 - [View planning] Took: 0.033 s
2026-03-11 14:34:24.996 | DEBUG    | __main__:_tick:497 - [View planning] Took: 0.039 s
2026-03-11 14:34:25.985 | DEBUG    | __main__:_tick:497 - [View planning] Took: 0.034 s
2026-03-11 14:34:26.992 | DEBUG    | __main__:_tick:497 - [View planning] Took: 0.041 s
2026-03-11 14:34:27.988 | DEBUG    | __main__:_tick:497 - [View planning] Took: 0.035 s
2026-03-11 14:34:28.991 | DEBUG    | __main__:_tick:497 - [View planning] Took: 0.040 s
2026-03-11 14:34:29.992 | DEBUG    | __main__:_tick:497 - [View planning] Took: 0.041 s
2026-03-11 14:34:30.985 | DEBUG    | __main__:_tick:497 - [View planning] Took: 0.034 s
2026-03-11 14:34:31.989 | DEBUG    | __main__:_tick:497 - [View planning] Took: 0.038 s
2026-03-11 14:34:32.983 | DEBUG    | __main__:_tick:497 - [View planning] Took: 0.033 s
2026-03-11 14:34:33.981 | DEBUG    | __main__:_tick:497 - [View planning] Took: 0.031 s
2026-03-11 14:34:34.987 | DEBUG    | __main__:_tick:497 - [View planning] Took: 0.037 s
2026-03-11 14:34:35.981 | DEBUG    | __main__:_tick:497 - [View planning] Took: 0.031 s
2026-03-11 14:34:36.986 | DEBUG    | __main__:_tick:497 - [View planning] Took: 0.036 s
2026-03-11 14:34:37.982 | DEBUG    | __main__:_tick:497 - [View planning] Took: 0.030 s
2026-03-11 14:34:38.981 | DEBUG    | __main__:_tick:497 - [View planning] Took: 0.031 s
2026-03-11 14:34:39.988 | DEBUG    | __main__:_tick:497 - [View planning] Took: 0.036 s
2026-03-11 14:34:40.980 | DEBUG    | __main__:_tick:497 - [View planning] Took: 0.030 s
2026-03-11 14:34:41.980 | DEBUG    | __main__:_tick:497 - [View planning] Took: 0.030 s
2026-03-11 14:34:42.986 | DEBUG    | __main__:_tick:497 - [View planning] Took: 0.036 s
2026-03-11 14:34:43.983 | DEBUG    | __main__:_tick:497 - [View planning] Took: 0.032 s
2026-03-11 14:34:44.988 | DEBUG    | __main__:_tick:497 - [View planning] Took: 0.038 s
2026-03-11 14:34:45.981 | DEBUG    | __main__:_tick:497 - [View planning] Took: 0.031 s
2026-03-11 14:34:46.981 | DEBUG    | __main__:_tick:497 - [View planning] Took: 0.031 s
2026-03-11 14:34:47.987 | DEBUG    | __main__:_tick:497 - [View planning] Took: 0.037 s
2026-03-11 14:34:48.982 | DEBUG    | __main__:_tick:497 - [View planning] Took: 0.032 s
2026-03-11 14:34:49.987 | DEBUG    | __main__:_tick:497 - [View planning] Took: 0.037 s
2026-03-11 14:34:50.981 | DEBUG    | __main__:_tick:497 - [View planning] Took: 0.031 s
2026-03-11 14:34:51.981 | DEBUG    | __main__:_tick:497 - [View planning] Took: 0.031 s
2026-03-11 14:34:52.988 | DEBUG    | __main__:_tick:497 - [View planning] Took: 0.036 s
2026-03-11 14:34:53.983 | DEBUG    | __main__:_tick:497 - [View planning] Took: 0.030 s
2026-03-11 14:34:54.980 | DEBUG    | __main__:_tick:497 - [View planning] Took: 0.030 s
2026-03-11 14:34:55.981 | DEBUG    | __main__:_tick:497 - [View planning] Took: 0.031 s
2026-03-11 14:34:56.982 | DEBUG    | __main__:_tick:497 - [View planning] Took: 0.031 s
2026-03-11 14:34:57.988 | DEBUG    | __main__:_tick:497 - [View planning] Took: 0.038 s
2026-03-11 14:34:58.981 | DEBUG    | __main__:_tick:497 - [View planning] Took: 0.031 s
2026-03-11 14:34:59.992 | DEBUG    | __main__:_tick:497 - [View planning] Took: 0.038 s
2026-03-11 14:35:00.982 | DEBUG    | __main__:_tick:497 - [View planning] Took: 0.032 s
2026-03-11 14:35:01.981 | DEBUG    | __main__:_tick:497 - [View planning] Took: 0.030 s
2026-03-11 14:35:02.981 | DEBUG    | __main__:_tick:497 - [View planning] Took: 0.030 s
2026-03-11 14:35:03.984 | DEBUG    | __main__:_tick:497 - [View planning] Took: 0.031 s
2026-03-11 14:35:04.988 | DEBUG    | __main__:_tick:497 - [View planning] Took: 0.037 s
2026-03-11 14:35:05.990 | DEBUG    | __main__:_tick:497 - [View planning] Took: 0.032 s
2026-03-11 14:35:06.991 | DEBUG    | __main__:_tick:497 - [View planning] Took: 0.038 s
2026-03-11 14:35:07.987 | DEBUG    | __main__:_tick:497 - [View planning] Took: 0.034 s
2026-03-11 14:35:08.992 | DEBUG    | __main__:_tick:497 - [View planning] Took: 0.041 s
2026-03-11 14:35:09.984 | DEBUG    | __main__:_tick:497 - [View planning] Took: 0.033 s
2026-03-11 14:35:10.988 | DEBUG    | __main__:_tick:497 - [View planning] Took: 0.038 s
2026-03-11 14:35:11.983 | DEBUG    | __main__:_tick:497 - [View planning] Took: 0.033 s
2026-03-11 14:35:12.988 | DEBUG    | __main__:_tick:497 - [View planning] Took: 0.038 s
2026-03-11 14:35:13.986 | DEBUG    | __main__:_tick:497 - [View planning] Took: 0.032 s
2026-03-11 14:35:14.992 | DEBUG    | __main__:_tick:497 - [View planning] Took: 0.041 s
2026-03-11 14:35:15.990 | DEBUG    | __main__:_tick:497 - [View planning] Took: 0.036 s
2026-03-11 14:35:16.991 | DEBUG    | __main__:_tick:497 - [View planning] Took: 0.040 s
2026-03-11 14:35:17.986 | DEBUG    | __main__:_tick:497 - [View planning] Took: 0.035 s
2026-03-11 14:35:18.987 | DEBUG    | __main__:_tick:497 - [View planning] Took: 0.036 s
2026-03-11 14:35:19.993 | DEBUG    | __main__:_tick:497 - [View planning] Took: 0.042 s
2026-03-11 14:35:20.993 | DEBUG    | __main__:_tick:497 - [View planning] Took: 0.042 s
2026-03-11 14:35:21.986 | DEBUG    | __main__:_tick:497 - [View planning] Took: 0.036 s
2026-03-11 14:35:22.991 | DEBUG    | __main__:_tick:497 - [View planning] Took: 0.035 s
2026-03-11 14:35:23.992 | DEBUG    | __main__:_tick:497 - [View planning] Took: 0.041 s
2026-03-11 14:35:24.986 | DEBUG    | __main__:_tick:497 - [View planning] Took: 0.035 s
2026-03-11 14:35:25.994 | DEBUG    | __main__:_tick:497 - [View planning] Took: 0.041 s
2026-03-11 14:35:26.990 | DEBUG    | __main__:_tick:497 - [View planning] Took: 0.040 s
2026-03-11 14:35:27.984 | DEBUG    | __main__:_tick:497 - [View planning] Took: 0.033 s
2026-03-11 14:35:28.989 | DEBUG    | __main__:_tick:497 - [View planning] Took: 0.039 s
2026-03-11 14:35:29.994 | DEBUG    | __main__:_tick:497 - [View planning] Took: 0.033 s
2026-03-11 14:35:30.991 | DEBUG    | __main__:_tick:497 - [View planning] Took: 0.040 s
2026-03-11 14:35:31.986 | DEBUG    | __main__:_tick:497 - [View planning] Took: 0.033 s
2026-03-11 14:35:32.999 | DEBUG    | __main__:_tick:497 - [View planning] Took: 0.035 s
2026-03-11 14:35:33.991 | DEBUG    | __main__:_tick:497 - [View planning] Took: 0.041 s
2026-03-11 14:35:34.991 | DEBUG    | __main__:_tick:497 - [View planning] Took: 0.041 s
2026-03-11 14:35:35.987 | DEBUG    | __main__:_tick:497 - [View planning] Took: 0.035 s
2026-03-11 14:35:36.989 | DEBUG    | __main__:_tick:497 - [View planning] Took: 0.039 s
2026-03-11 14:35:37.983 | DEBUG    | __main__:_tick:497 - [View planning] Took: 0.033 s
2026-03-11 14:35:38.985 | DEBUG    | __main__:_tick:497 - [View planning] Took: 0.033 s
2026-03-11 14:35:39.984 | DEBUG    | __main__:_tick:497 - [View planning] Took: 0.033 s
2026-03-11 14:35:40.994 | DEBUG    | __main__:_tick:497 - [View planning] Took: 0.033 s
2026-03-11 14:35:41.983 | DEBUG    | __main__:_tick:497 - [View planning] Took: 0.032 s
2026-03-11 14:35:42.989 | DEBUG    | __main__:_tick:497 - [View planning] Took: 0.039 s
2026-03-11 14:35:43.983 | DEBUG    | __main__:_tick:497 - [View planning] Took: 0.032 s
2026-03-11 14:35:44.989 | DEBUG    | __main__:_tick:497 - [View planning] Took: 0.039 s
2026-03-11 14:35:45.985 | DEBUG    | __main__:_tick:497 - [View planning] Took: 0.034 s
2026-03-11 14:35:46.996 | DEBUG    | __main__:_tick:497 - [View planning] Took: 0.039 s
2026-03-11 14:35:47.992 | DEBUG    | __main__:_tick:497 - [View planning] Took: 0.041 s
2026-03-11 14:35:48.983 | DEBUG    | __main__:_tick:497 - [View planning] Took: 0.033 s
2026-03-11 14:35:49.990 | DEBUG    | __main__:_tick:497 - [View planning] Took: 0.040 s
2026-03-11 14:35:50.985 | DEBUG    | __main__:_tick:497 - [View planning] Took: 0.033 s
2026-03-11 14:35:51.988 | DEBUG    | __main__:_tick:497 - [View planning] Took: 0.038 s
2026-03-11 14:35:52.986 | DEBUG    | __main__:_tick:497 - [View planning] Took: 0.031 s
2026-03-11 14:35:53.988 | DEBUG    | __main__:_tick:497 - [View planning] Took: 0.039 s
2026-03-11 14:35:54.980 | DEBUG    | __main__:_tick:497 - [View planning] Took: 0.031 s
2026-03-11 14:35:55.982 | DEBUG    | __main__:_tick:497 - [View planning] Took: 0.031 s
2026-03-11 14:35:56.987 | DEBUG    | __main__:_tick:497 - [View planning] Took: 0.032 s
2026-03-11 14:35:57.982 | DEBUG    | __main__:_tick:497 - [View planning] Took: 0.032 s
2026-03-11 14:35:58.989 | DEBUG    | __main__:_tick:497 - [View planning] Took: 0.039 s
2026-03-11 14:35:59.982 | DEBUG    | __main__:_tick:497 - [View planning] Took: 0.031 s
2026-03-11 14:36:00.986 | DEBUG    | __main__:_tick:497 - [View planning] Took: 0.037 s
2026-03-11 14:36:01.988 | DEBUG    | __main__:_tick:497 - [View planning] Took: 0.032 s
2026-03-11 14:36:02.987 | DEBUG    | __main__:_tick:497 - [View planning] Took: 0.038 s
2026-03-11 14:36:03.982 | DEBUG    | __main__:_tick:497 - [View planning] Took: 0.032 s
2026-03-11 14:36:04.989 | DEBUG    | __main__:_tick:497 - [View planning] Took: 0.033 s
2026-03-11 14:36:05.992 | DEBUG    | __main__:_tick:497 - [View planning] Took: 0.038 s
2026-03-11 14:36:06.988 | DEBUG    | __main__:_tick:497 - [View planning] Took: 0.033 s
2026-03-11 14:36:07.988 | DEBUG    | __main__:_tick:497 - [View planning] Took: 0.039 s
2026-03-11 14:36:08.989 | DEBUG    | __main__:_tick:497 - [View planning] Took: 0.040 s
2026-03-11 14:36:09.989 | DEBUG    | __main__:_tick:497 - [View planning] Took: 0.035 s
2026-03-11 14:36:10.991 | DEBUG    | __main__:_tick:497 - [View planning] Took: 0.042 s
2026-03-11 14:36:11.993 | DEBUG    | __main__:_tick:497 - [View planning] Took: 0.043 s
2026-03-11 14:36:12.986 | DEBUG    | __main__:_tick:497 - [View planning] Took: 0.036 s
2026-03-11 14:36:13.996 | DEBUG    | __main__:_tick:497 - [View planning] Took: 0.038 s
2026-03-11 14:36:15.001 | DEBUG    | __main__:_tick:497 - [View planning] Took: 0.044 s
2026-03-11 14:36:15.993 | DEBUG    | __main__:_tick:497 - [View planning] Took: 0.044 s
2026-03-11 14:36:17.002 | DEBUG    | __main__:_tick:497 - [View planning] Took: 0.045 s
2026-03-11 14:36:17.996 | DEBUG    | __main__:_tick:497 - [View planning] Took: 0.044 s
2026-03-11 14:36:18.984 | DEBUG    | __main__:_tick:497 - [View planning] Took: 0.033 s
2026-03-11 14:36:19.987 | DEBUG    | __main__:_tick:497 - [View planning] Took: 0.038 s
2026-03-11 14:36:20.982 | DEBUG    | __main__:_tick:497 - [View planning] Took: 0.033 s
2026-03-11 14:36:21.989 | DEBUG    | __main__:_tick:497 - [View planning] Took: 0.039 s
2026-03-11 14:36:22.985 | DEBUG    | __main__:_tick:497 - [View planning] Took: 0.035 s
2026-03-11 14:36:23.992 | DEBUG    | __main__:_tick:497 - [View planning] Took: 0.035 s
2026-03-11 14:36:24.998 | DEBUG    | __main__:_tick:497 - [View planning] Took: 0.041 s
2026-03-11 14:36:25.992 | DEBUG    | __main__:_tick:497 - [View planning] Took: 0.042 s
2026-03-11 14:36:26.984 | DEBUG    | __main__:_tick:497 - [View planning] Took: 0.034 s
2026-03-11 14:36:27.990 | DEBUG    | __main__:_tick:497 - [View planning] Took: 0.040 s
2026-03-11 14:36:28.984 | DEBUG    | __main__:_tick:497 - [View planning] Took: 0.033 s
2026-03-11 14:36:29.988 | DEBUG    | __main__:_tick:497 - [View planning] Took: 0.038 s
2026-03-11 14:36:30.983 | DEBUG    | __main__:_tick:497 - [View planning] Took: 0.032 s
2026-03-11 14:36:31.989 | DEBUG    | __main__:_tick:497 - [View planning] Took: 0.038 s
2026-03-11 14:36:32.983 | DEBUG    | __main__:_tick:497 - [View planning] Took: 0.033 s
2026-03-11 14:36:33.990 | DEBUG    | __main__:_tick:497 - [View planning] Took: 0.040 s
2026-03-11 14:36:34.986 | DEBUG    | __main__:_tick:497 - [View planning] Took: 0.035 s
2026-03-11 14:36:35.993 | DEBUG    | __main__:_tick:497 - [View planning] Took: 0.041 s
2026-03-11 14:36:36.995 | DEBUG    | __main__:_tick:497 - [View planning] Took: 0.044 s
2026-03-11 14:36:37.992 | DEBUG    | __main__:_tick:497 - [View planning] Took: 0.036 s
2026-03-11 14:36:38.992 | DEBUG    | __main__:_tick:497 - [View planning] Took: 0.041 s
2026-03-11 14:36:39.992 | DEBUG    | __main__:_tick:497 - [View planning] Took: 0.041 s
2026-03-11 14:36:40.984 | DEBUG    | __main__:_tick:497 - [View planning] Took: 0.034 s
2026-03-11 14:36:41.990 | DEBUG    | __main__:_tick:497 - [View planning] Took: 0.039 s
2026-03-11 14:36:42.984 | DEBUG    | __main__:_tick:497 - [View planning] Took: 0.034 s
2026-03-11 14:36:43.991 | DEBUG    | __main__:_tick:497 - [View planning] Took: 0.033 s
2026-03-11 14:36:44.983 | DEBUG    | __main__:_tick:497 - [View planning] Took: 0.033 s
2026-03-11 14:36:45.982 | DEBUG    | __main__:_tick:497 - [View planning] Took: 0.033 s
2026-03-11 14:36:46.992 | DEBUG    | __main__:_tick:497 - [View planning] Took: 0.040 s
2026-03-11 14:36:47.993 | DEBUG    | __main__:_tick:497 - [View planning] Took: 0.040 s
2026-03-11 14:36:48.981 | DEBUG    | __main__:_tick:497 - [View planning] Took: 0.033 s
2026-03-11 14:36:49.991 | DEBUG    | __main__:_tick:497 - [View planning] Took: 0.034 s
2026-03-11 14:36:50.990 | DEBUG    | __main__:_tick:497 - [View planning] Took: 0.034 s
2026-03-11 14:36:51.985 | DEBUG    | __main__:_tick:497 - [View planning] Took: 0.037 s
2026-03-11 14:36:52.984 | DEBUG    | __main__:_tick:497 - [View planning] Took: 0.036 s
2026-03-11 14:36:53.988 | DEBUG    | __main__:_tick:497 - [View planning] Took: 0.040 s
2026-03-11 14:36:54.988 | DEBUG    | __main__:_tick:497 - [View planning] Took: 0.038 s
2026-03-11 14:36:55.986 | DEBUG    | __main__:_tick:497 - [View planning] Took: 0.038 s
2026-03-11 14:36:56.987 | DEBUG    | __main__:_tick:497 - [View planning] Took: 0.033 s
2026-03-11 14:36:57.980 | DEBUG    | __main__:_tick:497 - [View planning] Took: 0.031 s
2026-03-11 14:36:58.986 | DEBUG    | __main__:_tick:497 - [View planning] Took: 0.038 s
2026-03-11 14:36:59.988 | DEBUG    | __main__:_tick:497 - [View planning] Took: 0.037 s
2026-03-11 14:37:00.979 | DEBUG    | __main__:_tick:497 - [View planning] Took: 0.031 s
2026-03-11 14:37:01.983 | DEBUG    | __main__:_tick:497 - [View planning] Took: 0.036 s
2026-03-11 14:37:02.977 | DEBUG    | __main__:_tick:497 - [View planning] Took: 0.029 s
2026-03-11 14:37:03.982 | DEBUG    | __main__:_tick:497 - [View planning] Took: 0.028 s
2026-03-11 14:37:04.976 | DEBUG    | __main__:_tick:497 - [View planning] Took: 0.024 s
2026-03-11 14:37:05.974 | DEBUG    | __main__:_tick:497 - [View planning] Took: 0.029 s
2026-03-11 14:37:06.968 | DEBUG    | __main__:_tick:497 - [View planning] Took: 0.022 s
2026-03-11 14:37:07.967 | DEBUG    | __main__:_tick:497 - [View planning] Took: 0.022 s
2026-03-11 14:37:08.968 | DEBUG    | __main__:_tick:497 - [View planning] Took: 0.022 s
2026-03-11 14:37:09.973 | DEBUG    | __main__:_tick:497 - [View planning] Took: 0.021 s
2026-03-11 14:37:10.966 | DEBUG    | __main__:_tick:497 - [View planning] Took: 0.021 s
2026-03-11 14:37:11.967 | DEBUG    | __main__:_tick:497 - [View planning] Took: 0.021 s
2026-03-11 14:37:12.967 | DEBUG    | __main__:_tick:497 - [View planning] Took: 0.022 s
2026-03-11 14:37:13.966 | DEBUG    | __main__:_tick:497 - [View planning] Took: 0.020 s
2026-03-11 14:37:14.966 | DEBUG    | __main__:_tick:497 - [View planning] Took: 0.020 s
2026-03-11 14:37:15.967 | DEBUG    | __main__:_tick:497 - [View planning] Took: 0.021 s
2026-03-11 14:37:16.972 | DEBUG    | __main__:_tick:497 - [View planning] Took: 0.027 s
2026-03-11 14:37:17.974 | DEBUG    | __main__:_tick:497 - [View planning] Took: 0.021 s
2026-03-11 14:37:18.966 | DEBUG    | __main__:_tick:497 - [View planning] Took: 0.021 s
2026-03-11 14:37:19.967 | DEBUG    | __main__:_tick:497 - [View planning] Took: 0.021 s
2026-03-11 14:37:20.966 | DEBUG    | __main__:_tick:497 - [View planning] Took: 0.021 s
2026-03-11 14:37:21.968 | DEBUG    | __main__:_tick:497 - [View planning] Took: 0.022 s
2026-03-11 14:37:22.979 | DEBUG    | __main__:_tick:497 - [View planning] Took: 0.028 s
2026-03-11 14:37:23.966 | DEBUG    | __main__:_tick:497 - [View planning] Took: 0.022 s
2026-03-11 14:37:24.967 | DEBUG    | __main__:_tick:497 - [View planning] Took: 0.022 s
2026-03-11 14:37:25.967 | DEBUG    | __main__:_tick:497 - [View planning] Took: 0.022 s
2026-03-11 14:37:26.966 | DEBUG    | __main__:_tick:497 - [View planning] Took: 0.022 s
2026-03-11 14:37:27.972 | DEBUG    | __main__:_tick:497 - [View planning] Took: 0.028 s
2026-03-11 14:37:28.976 | DEBUG    | __main__:_tick:497 - [View planning] Took: 0.022 s
2026-03-11 14:37:29.966 | DEBUG    | __main__:_tick:497 - [View planning] Took: 0.021 s
2026-03-11 14:37:30.970 | DEBUG    | __main__:_tick:497 - [View planning] Took: 0.021 s
2026-03-11 14:37:31.967 | DEBUG    | __main__:_tick:497 - [View planning] Took: 0.021 s
2026-03-11 14:37:32.965 | DEBUG    | __main__:_tick:497 - [View planning] Took: 0.020 s
2026-03-11 14:37:33.964 | DEBUG    | __main__:_tick:497 - [View planning] Took: 0.020 s
2026-03-11 14:37:34.965 | DEBUG    | __main__:_tick:497 - [View planning] Took: 0.020 s
2026-03-11 14:37:35.967 | DEBUG    | __main__:_tick:497 - [View planning] Took: 0.020 s
2026-03-11 14:37:36.970 | DEBUG    | __main__:_tick:497 - [View planning] Took: 0.026 s
2026-03-11 14:37:37.964 | DEBUG    | __main__:_tick:497 - [View planning] Took: 0.020 s
2026-03-11 14:37:38.964 | DEBUG    | __main__:_tick:497 - [View planning] Took: 0.020 s
2026-03-11 14:37:39.964 | DEBUG    | __main__:_tick:497 - [View planning] Took: 0.020 s
2026-03-11 14:37:40.964 | DEBUG    | __main__:_tick:497 - [View planning] Took: 0.020 s
2026-03-11 14:37:41.970 | DEBUG    | __main__:_tick:497 - [View planning] Took: 0.027 s
2026-03-11 14:37:42.964 | DEBUG    | __main__:_tick:497 - [View planning] Took: 0.021 s
2026-03-11 14:37:43.965 | DEBUG    | __main__:_tick:497 - [View planning] Took: 0.021 s
2026-03-11 14:37:44.968 | DEBUG    | __main__:_tick:497 - [View planning] Took: 0.021 s
2026-03-11 14:37:45.970 | DEBUG    | __main__:_tick:497 - [View planning] Took: 0.027 s
2026-03-11 14:37:46.965 | DEBUG    | __main__:_tick:497 - [View planning] Took: 0.021 s
2026-03-11 14:37:47.964 | DEBUG    | __main__:_tick:497 - [View planning] Took: 0.020 s
2026-03-11 14:37:48.968 | DEBUG    | __main__:_tick:497 - [View planning] Took: 0.021 s
2026-03-11 14:37:49.971 | DEBUG    | __main__:_tick:497 - [View planning] Took: 0.027 s
2026-03-11 14:37:50.966 | DEBUG    | __main__:_tick:497 - [View planning] Took: 0.022 s
2026-03-11 14:37:51.965 | DEBUG    | __main__:_tick:497 - [View planning] Took: 0.022 s
2026-03-11 14:37:52.966 | DEBUG    | __main__:_tick:497 - [View planning] Took: 0.022 s
2026-03-11 14:37:53.971 | DEBUG    | __main__:_tick:497 - [View planning] Took: 0.028 s
2026-03-11 14:37:54.967 | DEBUG    | __main__:_tick:497 - [View planning] Took: 0.022 s
2026-03-11 14:37:55.964 | DEBUG    | __main__:_tick:497 - [View planning] Took: 0.021 s
2026-03-11 14:37:56.970 | DEBUG    | __main__:_tick:497 - [View planning] Took: 0.026 s
2026-03-11 14:37:57.964 | DEBUG    | __main__:_tick:497 - [View planning] Took: 0.020 s
2026-03-11 14:37:58.963 | DEBUG    | __main__:_tick:497 - [View planning] Took: 0.020 s
2026-03-11 14:37:59.963 | DEBUG    | __main__:_tick:497 - [View planning] Took: 0.020 s
2026-03-11 14:38:00.970 | DEBUG    | __main__:_tick:497 - [View planning] Took: 0.027 s
2026-03-11 14:38:01.977 | DEBUG    | __main__:_tick:497 - [View planning] Took: 0.026 s
2026-03-11 14:38:02.969 | DEBUG    | __main__:_tick:497 - [View planning] Took: 0.020 s
2026-03-11 14:38:03.965 | DEBUG    | __main__:_tick:497 - [View planning] Took: 0.021 s
2026-03-11 14:38:04.964 | DEBUG    | __main__:_tick:497 - [View planning] Took: 0.020 s
2026-03-11 14:38:05.970 | DEBUG    | __main__:_tick:497 - [View planning] Took: 0.026 s
2026-03-11 14:38:06.963 | DEBUG    | __main__:_tick:497 - [View planning] Took: 0.020 s
2026-03-11 14:38:07.964 | DEBUG    | __main__:_tick:497 - [View planning] Took: 0.020 s
2026-03-11 14:38:08.962 | DEBUG    | __main__:_tick:497 - [View planning] Took: 0.019 s
2026-03-11 14:38:09.962 | DEBUG    | __main__:_tick:497 - [View planning] Took: 0.019 s
2026-03-11 14:38:10.969 | DEBUG    | __main__:_tick:497 - [View planning] Took: 0.027 s
2026-03-11 14:38:11.962 | DEBUG    | __main__:_tick:497 - [View planning] Took: 0.019 s
2026-03-11 14:38:12.962 | DEBUG    | __main__:_tick:497 - [View planning] Took: 0.019 s
2026-03-11 14:38:13.961 | DEBUG    | __main__:_tick:497 - [View planning] Took: 0.019 s
2026-03-11 14:38:14.966 | DEBUG    | __main__:_tick:497 - [View planning] Took: 0.024 s
2026-03-11 14:38:15.960 | DEBUG    | __main__:_tick:497 - [View planning] Took: 0.018 s
2026-03-11 14:38:16.959 | DEBUG    | __main__:_tick:497 - [View planning] Took: 0.018 s
2026-03-11 14:38:17.959 | DEBUG    | __main__:_tick:497 - [View planning] Took: 0.018 s
2026-03-11 14:38:18.959 | DEBUG    | __main__:_tick:497 - [View planning] Took: 0.017 s
2026-03-11 14:38:19.958 | DEBUG    | __main__:_tick:497 - [View planning] Took: 0.017 s
2026-03-11 14:38:20.957 | DEBUG    | __main__:_tick:497 - [View planning] Took: 0.016 s
2026-03-11 14:38:21.957 | DEBUG    | __main__:_tick:497 - [View planning] Took: 0.016 s
2026-03-11 14:38:22.963 | DEBUG    | __main__:_tick:497 - [View planning] Took: 0.016 s
2026-03-11 14:38:23.958 | DEBUG    | __main__:_tick:497 - [View planning] Took: 0.016 s
2026-03-11 14:38:24.959 | DEBUG    | __main__:_tick:497 - [View planning] Took: 0.016 s
2026-03-11 14:38:25.957 | DEBUG    | __main__:_tick:497 - [View planning] Took: 0.016 s
2026-03-11 14:38:26.959 | DEBUG    | __main__:_tick:497 - [View planning] Took: 0.017 s
2026-03-11 14:38:27.961 | DEBUG    | __main__:_tick:497 - [View planning] Took: 0.018 s
2026-03-11 14:38:28.960 | DEBUG    | __main__:_tick:497 - [View planning] Took: 0.018 s
2026-03-11 14:38:29.965 | DEBUG    | __main__:_tick:497 - [View planning] Took: 0.018 s
2026-03-11 14:38:30.968 | DEBUG    | __main__:_tick:497 - [View planning] Took: 0.024 s
2026-03-11 14:38:31.960 | DEBUG    | __main__:_tick:497 - [View planning] Took: 0.018 s
2026-03-11 14:38:32.960 | DEBUG    | __main__:_tick:497 - [View planning] Took: 0.018 s
2026-03-11 14:38:33.957 | DEBUG    | __main__:_tick:497 - [View planning] Took: 0.016 s
2026-03-11 14:38:34.957 | DEBUG    | __main__:_tick:497 - [View planning] Took: 0.016 s
2026-03-11 14:38:35.958 | DEBUG    | __main__:_tick:497 - [View planning] Took: 0.016 s
2026-03-11 14:38:36.964 | DEBUG    | __main__:_tick:497 - [View planning] Took: 0.017 s
2026-03-11 14:38:37.958 | DEBUG    | __main__:_tick:497 - [View planning] Took: 0.016 s
2026-03-11 14:38:38.958 | DEBUG    | __main__:_tick:497 - [View planning] Took: 0.016 s
2026-03-11 14:38:39.968 | DEBUG    | __main__:_tick:497 - [View planning] Took: 0.020 s
2026-03-11 14:38:40.964 | DEBUG    | __main__:_tick:497 - [View planning] Took: 0.022 s
2026-03-11 14:38:41.958 | DEBUG    | __main__:_tick:497 - [View planning] Took: 0.016 s
2026-03-11 14:38:42.961 | DEBUG    | __main__:_tick:497 - [View planning] Took: 0.016 s
2026-03-11 14:38:43.958 | DEBUG    | __main__:_tick:497 - [View planning] Took: 0.016 s
2026-03-11 14:38:44.957 | DEBUG    | __main__:_tick:497 - [View planning] Took: 0.016 s
2026-03-11 14:38:45.958 | DEBUG    | __main__:_tick:497 - [View planning] Took: 0.016 s
2026-03-11 14:38:46.958 | DEBUG    | __main__:_tick:497 - [View planning] Took: 0.016 s
2026-03-11 14:38:47.958 | DEBUG    | __main__:_tick:497 - [View planning] Took: 0.016 s
2026-03-11 14:38:48.959 | DEBUG    | __main__:_tick:497 - [View planning] Took: 0.017 s
2026-03-11 14:38:49.960 | DEBUG    | __main__:_tick:497 - [View planning] Took: 0.017 s
2026-03-11 14:38:50.961 | DEBUG    | __main__:_tick:497 - [View planning] Took: 0.018 s
2026-03-11 14:38:51.964 | DEBUG    | __main__:_tick:497 - [View planning] Took: 0.020 s
2026-03-11 14:38:52.961 | DEBUG    | __main__:_tick:497 - [View planning] Took: 0.019 s
2026-03-11 14:38:53.965 | DEBUG    | __main__:_tick:497 - [View planning] Took: 0.021 s
2026-03-11 14:38:54.966 | DEBUG    | __main__:_tick:497 - [View planning] Took: 0.021 s
2026-03-11 14:38:55.972 | DEBUG    | __main__:_tick:497 - [View planning] Took: 0.022 s
2026-03-11 14:38:56.974 | DEBUG    | __main__:_tick:497 - [View planning] Took: 0.022 s
2026-03-11 14:38:57.973 | DEBUG    | __main__:_tick:497 - [View planning] Took: 0.023 s
2026-03-11 14:38:58.973 | DEBUG    | __main__:_tick:497 - [View planning] Took: 0.023 s
2026-03-11 14:38:59.969 | DEBUG    | __main__:_tick:497 - [View planning] Took: 0.023 s
2026-03-11 14:39:00.981 | DEBUG    | __main__:_tick:497 - [View planning] Took: 0.025 s
2026-03-11 14:39:01.974 | DEBUG    | __main__:_tick:497 - [View planning] Took: 0.023 s
2026-03-11 14:39:02.978 | DEBUG    | __main__:_tick:497 - [View planning] Took: 0.031 s
2026-03-11 14:39:03.971 | DEBUG    | __main__:_tick:497 - [View planning] Took: 0.024 s
2026-03-11 14:39:04.971 | DEBUG    | __main__:_tick:497 - [View planning] Took: 0.024 s
2026-03-11 14:39:05.971 | DEBUG    | __main__:_tick:497 - [View planning] Took: 0.024 s
2026-03-11 14:39:06.973 | DEBUG    | __main__:_tick:497 - [View planning] Took: 0.026 s
2026-03-11 14:39:07.995 | DEBUG    | __main__:_tick:497 - [View planning] Took: 0.036 s
2026-03-11 14:39:08.986 | DEBUG    | __main__:_tick:497 - [View planning] Took: 0.028 s
2026-03-11 14:39:09.977 | DEBUG    | __main__:_tick:497 - [View planning] Took: 0.029 s
2026-03-11 14:39:10.979 | DEBUG    | __main__:_tick:497 - [View planning] Took: 0.029 s
2026-03-11 14:39:11.987 | DEBUG    | __main__:_tick:497 - [View planning] Took: 0.038 s
2026-03-11 14:39:12.980 | DEBUG    | __main__:_tick:497 - [View planning] Took: 0.031 s
2026-03-11 14:39:13.996 | DEBUG    | __main__:_tick:497 - [View planning] Took: 0.039 s
2026-03-11 14:39:14.980 | DEBUG    | __main__:_tick:497 - [View planning] Took: 0.031 s
2026-03-11 14:39:15.980 | DEBUG    | __main__:_tick:497 - [View planning] Took: 0.030 s
2026-03-11 14:39:16.989 | DEBUG    | __main__:_tick:497 - [View planning] Took: 0.036 s
2026-03-11 14:39:17.978 | DEBUG    | __main__:_tick:497 - [View planning] Took: 0.029 s
2026-03-11 14:39:18.996 | DEBUG    | __main__:_tick:497 - [View planning] Took: 0.043 s
2026-03-11 14:39:19.988 | DEBUG    | __main__:_tick:497 - [View planning] Took: 0.034 s
2026-03-11 14:39:20.993 | DEBUG    | __main__:_tick:497 - [View planning] Took: 0.041 s
2026-03-11 14:39:21.993 | DEBUG    | __main__:_tick:497 - [View planning] Took: 0.040 s
2026-03-11 14:39:22.992 | DEBUG    | __main__:_tick:497 - [View planning] Took: 0.039 s
2026-03-11 14:39:23.998 | DEBUG    | __main__:_tick:497 - [View planning] Took: 0.037 s
2026-03-11 14:39:24.999 | DEBUG    | __main__:_tick:497 - [View planning] Took: 0.046 s
2026-03-11 14:39:26.001 | DEBUG    | __main__:_tick:497 - [View planning] Took: 0.047 s
2026-03-11 14:39:26.993 | DEBUG    | __main__:_tick:497 - [View planning] Took: 0.040 s
2026-03-11 14:39:27.992 | DEBUG    | __main__:_tick:497 - [View planning] Took: 0.038 s
2026-03-11 14:39:28.995 | DEBUG    | __main__:_tick:497 - [View planning] Took: 0.042 s
2026-03-11 14:39:29.987 | DEBUG    | __main__:_tick:497 - [View planning] Took: 0.034 s
2026-03-11 14:39:30.987 | DEBUG    | __main__:_tick:497 - [View planning] Took: 0.033 s
2026-03-11 14:39:31.988 | DEBUG    | __main__:_tick:497 - [View planning] Took: 0.035 s
2026-03-11 14:39:33.000 | DEBUG    | __main__:_tick:497 - [View planning] Took: 0.045 s
2026-03-11 14:39:33.994 | DEBUG    | __main__:_tick:497 - [View planning] Took: 0.033 s
2026-03-11 14:39:34.988 | DEBUG    | __main__:_tick:497 - [View planning] Took: 0.035 s
2026-03-11 14:39:36.000 | DEBUG    | __main__:_tick:497 - [View planning] Took: 0.047 s
2026-03-11 14:39:37.015 | DEBUG    | __main__:_tick:497 - [View planning] Took: 0.049 s
2026-03-11 14:39:38.012 | DEBUG    | __main__:_tick:497 - [View planning] Took: 0.050 s
2026-03-11 14:39:39.003 | DEBUG    | __main__:_tick:497 - [View planning] Took: 0.050 s
2026-03-11 14:39:39.994 | DEBUG    | __main__:_tick:497 - [View planning] Took: 0.041 s
2026-03-11 14:39:40.995 | DEBUG    | __main__:_tick:497 - [View planning] Took: 0.042 s
2026-03-11 14:39:42.005 | DEBUG    | __main__:_tick:497 - [View planning] Took: 0.040 s
2026-03-11 14:39:43.006 | DEBUG    | __main__:_tick:497 - [View planning] Took: 0.048 s
2026-03-11 14:39:44.003 | DEBUG    | __main__:_tick:497 - [View planning] Took: 0.047 s
2026-03-11 14:39:45.002 | DEBUG    | __main__:_tick:497 - [View planning] Took: 0.048 s
2026-03-11 14:39:46.000 | DEBUG    | __main__:_tick:497 - [View planning] Took: 0.047 s
2026-03-11 14:39:46.995 | DEBUG    | __main__:_tick:497 - [View planning] Took: 0.041 s
2026-03-11 14:39:48.000 | DEBUG    | __main__:_tick:497 - [View planning] Took: 0.040 s
2026-03-11 14:39:48.999 | DEBUG    | __main__:_tick:497 - [View planning] Took: 0.045 s
2026-03-11 14:39:50.001 | DEBUG    | __main__:_tick:497 - [View planning] Took: 0.048 s
2026-03-11 14:39:51.006 | DEBUG    | __main__:_tick:497 - [View planning] Took: 0.049 s
2026-03-11 14:39:52.004 | DEBUG    | __main__:_tick:497 - [View planning] Took: 0.049 s
2026-03-11 14:39:53.004 | DEBUG    | __main__:_tick:497 - [View planning] Took: 0.050 s
2026-03-11 14:39:54.012 | DEBUG    | __main__:_tick:497 - [View planning] Took: 0.049 s
2026-03-11 14:39:55.011 | DEBUG    | __main__:_tick:497 - [View planning] Took: 0.049 s
2026-03-11 14:39:56.001 | DEBUG    | __main__:_tick:497 - [View planning] Took: 0.048 s
2026-03-11 14:39:57.002 | DEBUG    | __main__:_tick:497 - [View planning] Took: 0.049 s
2026-03-11 14:39:58.002 | DEBUG    | __main__:_tick:497 - [View planning] Took: 0.049 s
2026-03-11 14:39:59.002 | DEBUG    | __main__:_tick:497 - [View planning] Took: 0.048 s
2026-03-11 14:39:59.999 | DEBUG    | __main__:_tick:497 - [View planning] Took: 0.045 s
2026-03-11 14:40:00.992 | DEBUG    | __main__:_tick:497 - [View planning] Took: 0.039 s
2026-03-11 14:40:02.001 | DEBUG    | __main__:_tick:497 - [View planning] Took: 0.047 s
2026-03-11 14:40:02.999 | DEBUG    | __main__:_tick:497 - [View planning] Took: 0.045 s
2026-03-11 14:40:04.000 | DEBUG    | __main__:_tick:497 - [View planning] Took: 0.047 s
2026-03-11 14:40:05.005 | DEBUG    | __main__:_tick:497 - [View planning] Took: 0.040 s
2026-03-11 14:40:06.001 | DEBUG    | __main__:_tick:497 - [View planning] Took: 0.041 s
2026-03-11 14:40:07.004 | DEBUG    | __main__:_tick:497 - [View planning] Took: 0.048 s
2026-03-11 14:40:08.002 | DEBUG    | __main__:_tick:497 - [View planning] Took: 0.048 s
2026-03-11 14:40:09.001 | DEBUG    | __main__:_tick:497 - [View planning] Took: 0.047 s
2026-03-11 14:40:10.001 | DEBUG    | __main__:_tick:497 - [View planning] Took: 0.047 s
2026-03-11 14:40:11.002 | DEBUG    | __main__:_tick:497 - [View planning] Took: 0.048 s
2026-03-11 14:40:11.992 | DEBUG    | __main__:_tick:497 - [View planning] Took: 0.039 s
2026-03-11 14:40:13.001 | DEBUG    | __main__:_tick:497 - [View planning] Took: 0.038 s
2026-03-11 14:40:13.997 | DEBUG    | __main__:_tick:497 - [View planning] Took: 0.044 s
2026-03-11 14:40:14.991 | DEBUG    | __main__:_tick:497 - [View planning] Took: 0.038 s
2026-03-11 14:40:15.999 | DEBUG    | __main__:_tick:497 - [View planning] Took: 0.044 s
2026-03-11 14:40:16.999 | DEBUG    | __main__:_tick:497 - [View planning] Took: 0.046 s
2026-03-11 14:40:17.992 | DEBUG    | __main__:_tick:497 - [View planning] Took: 0.039 s
2026-03-11 14:40:18.992 | DEBUG    | __main__:_tick:497 - [View planning] Took: 0.039 s
2026-03-11 14:40:20.000 | DEBUG    | __main__:_tick:497 - [View planning] Took: 0.045 s
2026-03-11 14:40:20.991 | DEBUG    | __main__:_tick:497 - [View planning] Took: 0.038 s
2026-03-11 14:40:21.998 | DEBUG    | __main__:_tick:497 - [View planning] Took: 0.039 s
2026-03-11 14:40:23.001 | DEBUG    | __main__:_tick:497 - [View planning] Took: 0.048 s
2026-03-11 14:40:24.000 | DEBUG    | __main__:_tick:497 - [View planning] Took: 0.047 s
2026-03-11 14:40:25.000 | DEBUG    | __main__:_tick:497 - [View planning] Took: 0.047 s
2026-03-11 14:40:25.998 | DEBUG    | __main__:_tick:497 - [View planning] Took: 0.045 s
2026-03-11 14:40:26.991 | DEBUG    | __main__:_tick:497 - [View planning] Took: 0.038 s
2026-03-11 14:40:27.997 | DEBUG    | __main__:_tick:497 - [View planning] Took: 0.043 s
2026-03-11 14:40:28.988 | DEBUG    | __main__:_tick:497 - [View planning] Took: 0.035 s
2026-03-11 14:40:29.997 | DEBUG    | __main__:_tick:497 - [View planning] Took: 0.038 s
2026-03-11 14:40:30.998 | DEBUG    | __main__:_tick:497 - [View planning] Took: 0.045 s
2026-03-11 14:40:32.005 | DEBUG    | __main__:_tick:497 - [View planning] Took: 0.044 s
2026-03-11 14:40:32.991 | DEBUG    | __main__:_tick:497 - [View planning] Took: 0.038 s
2026-03-11 14:40:33.999 | DEBUG    | __main__:_tick:497 - [View planning] Took: 0.047 s
2026-03-11 14:40:34.999 | DEBUG    | __main__:_tick:497 - [View planning] Took: 0.046 s
2026-03-11 14:40:36.004 | DEBUG    | __main__:_tick:497 - [View planning] Took: 0.048 s
2026-03-11 14:40:37.003 | DEBUG    | __main__:_tick:497 - [View planning] Took: 0.050 s
2026-03-11 14:40:38.002 | DEBUG    | __main__:_tick:497 - [View planning] Took: 0.049 s
2026-03-11 14:40:39.002 | DEBUG    | __main__:_tick:497 - [View planning] Took: 0.050 s
2026-03-11 14:40:39.999 | DEBUG    | __main__:_tick:497 - [View planning] Took: 0.048 s
2026-03-11 14:40:40.998 | DEBUG    | __main__:_tick:497 - [View planning] Took: 0.047 s
2026-03-11 14:40:41.998 | DEBUG    | __main__:_tick:497 - [View planning] Took: 0.046 s
2026-03-11 14:40:42.997 | DEBUG    | __main__:_tick:497 - [View planning] Took: 0.046 s
2026-03-11 14:40:43.997 | DEBUG    | __main__:_tick:497 - [View planning] Took: 0.046 s
2026-03-11 14:40:45.007 | DEBUG    | __main__:_tick:497 - [View planning] Took: 0.055 s
2026-03-11 14:40:46.009 | DEBUG    | __main__:_tick:497 - [View planning] Took: 0.049 s
2026-03-11 14:40:47.003 | DEBUG    | __main__:_tick:497 - [View planning] Took: 0.049 s
2026-03-11 14:40:48.009 | DEBUG    | __main__:_tick:497 - [View planning] Took: 0.050 s
2026-03-11 14:40:49.005 | DEBUG    | __main__:_tick:497 - [View planning] Took: 0.049 s
2026-03-11 14:40:49.999 | DEBUG    | __main__:_tick:497 - [View planning] Took: 0.047 s
2026-03-11 14:40:50.999 | DEBUG    | __main__:_tick:497 - [View planning] Took: 0.048 s
2026-03-11 14:40:52.001 | DEBUG    | __main__:_tick:497 - [View planning] Took: 0.049 s
2026-03-11 14:40:53.000 | DEBUG    | __main__:_tick:497 - [View planning] Took: 0.049 s
2026-03-11 14:40:54.000 | DEBUG    | __main__:_tick:497 - [View planning] Took: 0.049 s
2026-03-11 14:40:54.994 | DEBUG    | __main__:_tick:497 - [View planning] Took: 0.043 s
2026-03-11 14:40:55.991 | DEBUG    | __main__:_tick:497 - [View planning] Took: 0.038 s
2026-03-11 14:40:56.994 | DEBUG    | __main__:_tick:497 - [View planning] Took: 0.043 s
2026-03-11 14:40:57.987 | DEBUG    | __main__:_tick:497 - [View planning] Took: 0.036 s
2026-03-11 14:40:58.994 | DEBUG    | __main__:_tick:497 - [View planning] Took: 0.043 s
2026-03-11 14:40:59.994 | DEBUG    | __main__:_tick:497 - [View planning] Took: 0.043 s
2026-03-11 14:41:00.991 | DEBUG    | __main__:_tick:497 - [View planning] Took: 0.036 s
2026-03-11 14:41:01.995 | DEBUG    | __main__:_tick:497 - [View planning] Took: 0.044 s
2026-03-11 14:41:02.999 | DEBUG    | __main__:_tick:497 - [View planning] Took: 0.044 s
2026-03-11 14:41:03.989 | DEBUG    | __main__:_tick:497 - [View planning] Took: 0.038 s
2026-03-11 14:41:04.988 | DEBUG    | __main__:_tick:497 - [View planning] Took: 0.037 s
2026-03-11 14:41:05.994 | DEBUG    | __main__:_tick:497 - [View planning] Took: 0.043 s
2026-03-11 14:41:06.987 | DEBUG    | __main__:_tick:497 - [View planning] Took: 0.036 s
2026-03-11 14:41:07.987 | DEBUG    | __main__:_tick:497 - [View planning] Took: 0.036 s
2026-03-11 14:41:08.993 | DEBUG    | __main__:_tick:497 - [View planning] Took: 0.043 s
2026-03-11 14:41:09.998 | DEBUG    | __main__:_tick:497 - [View planning] Took: 0.044 s
2026-03-11 14:41:10.987 | DEBUG    | __main__:_tick:497 - [View planning] Took: 0.037 s
2026-03-11 14:41:11.995 | DEBUG    | __main__:_tick:497 - [View planning] Took: 0.044 s
2026-03-11 14:41:13.000 | DEBUG    | __main__:_tick:497 - [View planning] Took: 0.047 s
2026-03-11 14:41:14.001 | DEBUG    | __main__:_tick:497 - [View planning] Took: 0.048 s
2026-03-11 14:41:15.003 | DEBUG    | __main__:_tick:497 - [View planning] Took: 0.050 s
2026-03-11 14:41:16.000 | DEBUG    | __main__:_tick:497 - [View planning] Took: 0.047 s
2026-03-11 14:41:17.010 | DEBUG    | __main__:_tick:497 - [View planning] Took: 0.056 s
2026-03-11 14:41:18.006 | DEBUG    | __main__:_tick:497 - [View planning] Took: 0.052 s
2026-03-11 14:41:19.001 | DEBUG    | __main__:_tick:497 - [View planning] Took: 0.047 s
2026-03-11 14:41:20.007 | DEBUG    | __main__:_tick:497 - [View planning] Took: 0.051 s
2026-03-11 14:41:21.009 | DEBUG    | __main__:_tick:497 - [View planning] Took: 0.054 s
2026-03-11 14:41:21.996 | DEBUG    | __main__:_tick:497 - [View planning] Took: 0.041 s
2026-03-11 14:41:23.000 | DEBUG    | __main__:_tick:497 - [View planning] Took: 0.039 s
2026-03-11 14:41:24.006 | DEBUG    | __main__:_tick:497 - [View planning] Took: 0.050 s
2026-03-11 14:41:25.007 | DEBUG    | __main__:_tick:497 - [View planning] Took: 0.051 s
2026-03-11 14:41:26.007 | DEBUG    | __main__:_tick:497 - [View planning] Took: 0.049 s
2026-03-11 14:41:27.015 | DEBUG    | __main__:_tick:497 - [View planning] Took: 0.053 s
2026-03-11 14:41:28.008 | DEBUG    | __main__:_tick:497 - [View planning] Took: 0.046 s
2026-03-11 14:41:29.009 | DEBUG    | __main__:_tick:497 - [View planning] Took: 0.043 s
2026-03-11 14:41:30.011 | DEBUG    | __main__:_tick:497 - [View planning] Took: 0.055 s
2026-03-11 14:41:31.017 | DEBUG    | __main__:_tick:497 - [View planning] Took: 0.060 s
2026-03-11 14:41:32.023 | DEBUG    | __main__:_tick:497 - [View planning] Took: 0.057 s
2026-03-11 14:41:33.026 | DEBUG    | __main__:_tick:497 - [View planning] Took: 0.056 s
2026-03-11 14:41:34.046 | DEBUG    | __main__:_tick:497 - [View planning] Took: 0.073 s
2026-03-11 14:41:35.025 | DEBUG    | __main__:_tick:497 - [View planning] Took: 0.066 s
2026-03-11 14:41:36.021 | DEBUG    | __main__:_tick:497 - [View planning] Took: 0.064 s
2026-03-11 14:41:37.035 | DEBUG    | __main__:_tick:497 - [View planning] Took: 0.079 s
2026-03-11 14:41:38.029 | DEBUG    | __main__:_tick:497 - [View planning] Took: 0.073 s
2026-03-11 14:41:39.045 | DEBUG    | __main__:_tick:497 - [View planning] Took: 0.087 s
2026-03-11 14:41:40.029 | DEBUG    | __main__:_tick:497 - [View planning] Took: 0.073 s
2026-03-11 14:41:41.020 | DEBUG    | __main__:_tick:497 - [View planning] Took: 0.065 s
2026-03-11 14:41:42.014 | DEBUG    | __main__:_tick:497 - [View planning] Took: 0.059 s
2026-03-11 14:41:43.008 | DEBUG    | __main__:_tick:497 - [View planning] Took: 0.053 s
2026-03-11 14:41:44.011 | DEBUG    | __main__:_tick:497 - [View planning] Took: 0.057 s
2026-03-11 14:41:45.016 | DEBUG    | __main__:_tick:497 - [View planning] Took: 0.061 s
2026-03-11 14:41:46.009 | DEBUG    | __main__:_tick:497 - [View planning] Took: 0.054 s
2026-03-11 14:41:47.010 | DEBUG    | __main__:_tick:497 - [View planning] Took: 0.054 s
2026-03-11 14:41:48.006 | DEBUG    | __main__:_tick:497 - [View planning] Took: 0.050 s
2026-03-11 14:41:49.004 | DEBUG    | __main__:_tick:497 - [View planning] Took: 0.050 s
2026-03-11 14:41:50.003 | DEBUG    | __main__:_tick:497 - [View planning] Took: 0.044 s
2026-03-11 14:41:51.004 | DEBUG    | __main__:_tick:497 - [View planning] Took: 0.048 s
2026-03-11 14:41:52.010 | DEBUG    | __main__:_tick:497 - [View planning] Took: 0.050 s
2026-03-11 14:41:53.000 | DEBUG    | __main__:_tick:497 - [View planning] Took: 0.048 s
2026-03-11 14:41:54.008 | DEBUG    | __main__:_tick:497 - [View planning] Took: 0.048 s
2026-03-11 14:41:55.008 | DEBUG    | __main__:_tick:497 - [View planning] Took: 0.050 s
2026-03-11 14:41:56.007 | DEBUG    | __main__:_tick:497 - [View planning] Took: 0.049 s
2026-03-11 14:41:56.997 | DEBUG    | __main__:_tick:497 - [View planning] Took: 0.047 s
2026-03-11 14:41:58.003 | DEBUG    | __main__:_tick:497 - [View planning] Took: 0.048 s
2026-03-11 14:41:58.993 | DEBUG    | __main__:_tick:497 - [View planning] Took: 0.044 s
2026-03-11 14:42:00.011 | DEBUG    | __main__:_tick:497 - [View planning] Took: 0.049 s
2026-03-11 14:42:01.003 | DEBUG    | __main__:_tick:497 - [View planning] Took: 0.048 s
2026-03-11 14:42:01.998 | DEBUG    | __main__:_tick:497 - [View planning] Took: 0.047 s
2026-03-11 14:42:02.998 | DEBUG    | __main__:_tick:497 - [View planning] Took: 0.047 s
2026-03-11 14:42:03.999 | DEBUG    | __main__:_tick:497 - [View planning] Took: 0.048 s
2026-03-11 14:42:04.997 | DEBUG    | __main__:_tick:497 - [View planning] Took: 0.046 s
2026-03-11 14:42:06.000 | DEBUG    | __main__:_tick:497 - [View planning] Took: 0.048 s
2026-03-11 14:42:06.996 | DEBUG    | __main__:_tick:497 - [View planning] Took: 0.045 s
2026-03-11 14:42:07.998 | DEBUG    | __main__:_tick:497 - [View planning] Took: 0.045 s
2026-03-11 14:42:08.994 | DEBUG    | __main__:_tick:497 - [View planning] Took: 0.042 s
2026-03-11 14:42:09.992 | DEBUG    | __main__:_tick:497 - [View planning] Took: 0.042 s
2026-03-11 14:42:10.986 | DEBUG    | __main__:_tick:497 - [View planning] Took: 0.036 s
2026-03-11 14:42:11.993 | DEBUG    | __main__:_tick:497 - [View planning] Took: 0.044 s
2026-03-11 14:42:12.993 | DEBUG    | __main__:_tick:497 - [View planning] Took: 0.043 s
2026-03-11 14:42:13.992 | DEBUG    | __main__:_tick:497 - [View planning] Took: 0.042 s
2026-03-11 14:42:14.986 | DEBUG    | __main__:_tick:497 - [View planning] Took: 0.036 s
2026-03-11 14:42:15.997 | DEBUG    | __main__:_tick:497 - [View planning] Took: 0.044 s
2026-03-11 14:42:16.995 | DEBUG    | __main__:_tick:497 - [View planning] Took: 0.043 s
2026-03-11 14:42:17.987 | DEBUG    | __main__:_tick:497 - [View planning] Took: 0.035 s
2026-03-11 14:42:18.990 | DEBUG    | __main__:_tick:497 - [View planning] Took: 0.038 s
2026-03-11 14:42:20.011 | DEBUG    | __main__:_tick:497 - [View planning] Took: 0.044 s
2026-03-11 14:42:21.007 | DEBUG    | __main__:_tick:497 - [View planning] Took: 0.052 s
2026-03-11 14:42:22.000 | DEBUG    | __main__:_tick:497 - [View planning] Took: 0.046 s
2026-03-11 14:42:23.002 | DEBUG    | __main__:_tick:497 - [View planning] Took: 0.047 s
2026-03-11 14:42:24.005 | DEBUG    | __main__:_tick:497 - [View planning] Took: 0.049 s
2026-03-11 14:42:25.005 | DEBUG    | __main__:_tick:497 - [View planning] Took: 0.050 s
2026-03-11 14:42:26.023 | DEBUG    | __main__:_tick:497 - [View planning] Took: 0.068 s
2026-03-11 14:42:27.028 | DEBUG    | __main__:_tick:497 - [View planning] Took: 0.072 s
2026-03-11 14:42:28.028 | DEBUG    | __main__:_tick:497 - [View planning] Took: 0.073 s
2026-03-11 14:42:29.009 | DEBUG    | __main__:_tick:497 - [View planning] Took: 0.050 s
2026-03-11 14:42:30.037 | DEBUG    | __main__:_tick:497 - [View planning] Took: 0.081 s
2026-03-11 14:42:31.028 | DEBUG    | __main__:_tick:497 - [View planning] Took: 0.073 s
2026-03-11 14:42:32.031 | DEBUG    | __main__:_tick:497 - [View planning] Took: 0.076 s
2026-03-11 14:42:33.025 | DEBUG    | __main__:_tick:497 - [View planning] Took: 0.069 s
2026-03-11 14:42:34.025 | DEBUG    | __main__:_tick:497 - [View planning] Took: 0.070 s
2026-03-11 14:42:35.007 | DEBUG    | __main__:_tick:497 - [View planning] Took: 0.050 s
2026-03-11 14:42:36.005 | DEBUG    | __main__:_tick:497 - [View planning] Took: 0.049 s
2026-03-11 14:42:37.006 | DEBUG    | __main__:_tick:497 - [View planning] Took: 0.050 s
2026-03-11 14:42:38.007 | DEBUG    | __main__:_tick:497 - [View planning] Took: 0.051 s
2026-03-11 14:42:39.011 | DEBUG    | __main__:_tick:497 - [View planning] Took: 0.055 s
2026-03-11 14:42:40.009 | DEBUG    | __main__:_tick:497 - [View planning] Took: 0.053 s
2026-03-11 14:42:41.008 | DEBUG    | __main__:_tick:497 - [View planning] Took: 0.052 s
2026-03-11 14:42:42.006 | DEBUG    | __main__:_tick:497 - [View planning] Took: 0.050 s
2026-03-11 14:42:43.008 | DEBUG    | __main__:_tick:497 - [View planning] Took: 0.052 s
2026-03-11 14:42:44.007 | DEBUG    | __main__:_tick:497 - [View planning] Took: 0.052 s
2026-03-11 14:42:45.007 | DEBUG    | __main__:_tick:497 - [View planning] Took: 0.051 s
2026-03-11 14:42:46.003 | DEBUG    | __main__:_tick:497 - [View planning] Took: 0.045 s
2026-03-11 14:42:47.004 | DEBUG    | __main__:_tick:497 - [View planning] Took: 0.042 s
2026-03-11 14:42:48.006 | DEBUG    | __main__:_tick:497 - [View planning] Took: 0.045 s
2026-03-11 14:42:49.006 | DEBUG    | __main__:_tick:497 - [View planning] Took: 0.044 s
2026-03-11 14:42:50.007 | DEBUG    | __main__:_tick:497 - [View planning] Took: 0.043 s
2026-03-11 14:42:51.006 | DEBUG    | __main__:_tick:497 - [View planning] Took: 0.051 s
2026-03-11 14:42:52.010 | DEBUG    | __main__:_tick:497 - [View planning] Took: 0.052 s
2026-03-11 14:42:53.006 | DEBUG    | __main__:_tick:497 - [View planning] Took: 0.052 s
2026-03-11 14:42:53.999 | DEBUG    | __main__:_tick:497 - [View planning] Took: 0.047 s
2026-03-11 14:42:54.999 | DEBUG    | __main__:_tick:497 - [View planning] Took: 0.044 s
2026-03-11 14:42:55.995 | DEBUG    | __main__:_tick:497 - [View planning] Took: 0.043 s
2026-03-11 14:42:56.993 | DEBUG    | __main__:_tick:497 - [View planning] Took: 0.041 s
2026-03-11 14:42:57.986 | DEBUG    | __main__:_tick:497 - [View planning] Took: 0.035 s
2026-03-11 14:42:58.992 | DEBUG    | __main__:_tick:497 - [View planning] Took: 0.041 s
2026-03-11 14:42:59.995 | DEBUG    | __main__:_tick:497 - [View planning] Took: 0.043 s
2026-03-11 14:43:00.995 | DEBUG    | __main__:_tick:497 - [View planning] Took: 0.043 s
2026-03-11 14:43:01.990 | DEBUG    | __main__:_tick:497 - [View planning] Took: 0.038 s
2026-03-11 14:43:02.996 | DEBUG    | __main__:_tick:497 - [View planning] Took: 0.037 s
2026-03-11 14:43:03.998 | DEBUG    | __main__:_tick:497 - [View planning] Took: 0.045 s
2026-03-11 14:43:04.995 | DEBUG    | __main__:_tick:497 - [View planning] Took: 0.043 s
2026-03-11 14:43:05.988 | DEBUG    | __main__:_tick:497 - [View planning] Took: 0.036 s
2026-03-11 14:43:06.997 | DEBUG    | __main__:_tick:497 - [View planning] Took: 0.042 s
2026-03-11 14:43:07.995 | DEBUG    | __main__:_tick:497 - [View planning] Took: 0.043 s
2026-03-11 14:43:08.996 | DEBUG    | __main__:_tick:497 - [View planning] Took: 0.044 s
2026-03-11 14:43:09.997 | DEBUG    | __main__:_tick:497 - [View planning] Took: 0.046 s
2026-03-11 14:43:10.987 | DEBUG    | __main__:_tick:497 - [View planning] Took: 0.036 s
2026-03-11 14:43:11.986 | DEBUG    | __main__:_tick:497 - [View planning] Took: 0.035 s
2026-03-11 14:43:12.992 | DEBUG    | __main__:_tick:497 - [View planning] Took: 0.041 s
2026-03-11 14:43:13.989 | DEBUG    | __main__:_tick:497 - [View planning] Took: 0.037 s
2026-03-11 14:43:14.991 | DEBUG    | __main__:_tick:497 - [View planning] Took: 0.038 s
2026-03-11 14:43:15.998 | DEBUG    | __main__:_tick:497 - [View planning] Took: 0.046 s
2026-03-11 14:43:16.996 | DEBUG    | __main__:_tick:497 - [View planning] Took: 0.044 s
2026-03-11 14:43:18.010 | DEBUG    | __main__:_tick:497 - [View planning] Took: 0.046 s
2026-03-11 14:43:19.004 | DEBUG    | __main__:_tick:497 - [View planning] Took: 0.044 s
2026-03-11 14:43:20.024 | DEBUG    | __main__:_tick:497 - [View planning] Took: 0.071 s
2026-03-11 14:43:21.026 | DEBUG    | __main__:_tick:497 - [View planning] Took: 0.071 s
2026-03-11 14:43:22.005 | DEBUG    | __main__:_tick:497 - [View planning] Took: 0.051 s
2026-03-11 14:43:23.003 | DEBUG    | __main__:_tick:497 - [View planning] Took: 0.049 s
2026-03-11 14:43:24.001 | DEBUG    | __main__:_tick:497 - [View planning] Took: 0.046 s
2026-03-11 14:43:25.008 | DEBUG    | __main__:_tick:497 - [View planning] Took: 0.047 s
2026-03-11 14:43:26.001 | DEBUG    | __main__:_tick:497 - [View planning] Took: 0.047 s
2026-03-11 14:43:27.002 | DEBUG    | __main__:_tick:497 - [View planning] Took: 0.048 s
2026-03-11 14:43:28.003 | DEBUG    | __main__:_tick:497 - [View planning] Took: 0.047 s
2026-03-11 14:43:29.000 | DEBUG    | __main__:_tick:497 - [View planning] Took: 0.046 s
2026-03-11 14:43:30.000 | DEBUG    | __main__:_tick:497 - [View planning] Took: 0.047 s
2026-03-11 14:43:30.998 | DEBUG    | __main__:_tick:497 - [View planning] Took: 0.043 s
2026-03-11 14:43:32.003 | DEBUG    | __main__:_tick:497 - [View planning] Took: 0.041 s
2026-03-11 14:43:33.000 | DEBUG    | __main__:_tick:497 - [View planning] Took: 0.040 s
2026-03-11 14:43:34.002 | DEBUG    | __main__:_tick:497 - [View planning] Took: 0.049 s
2026-03-11 14:43:35.000 | DEBUG    | __main__:_tick:497 - [View planning] Took: 0.047 s
2026-03-11 14:43:35.998 | DEBUG    | __main__:_tick:497 - [View planning] Took: 0.045 s
2026-03-11 14:43:36.990 | DEBUG    | __main__:_tick:497 - [View planning] Took: 0.037 s
2026-03-11 14:43:38.011 | DEBUG    | __main__:_tick:497 - [View planning] Took: 0.038 s
2026-03-11 14:43:38.998 | DEBUG    | __main__:_tick:497 - [View planning] Took: 0.044 s
2026-03-11 14:43:39.993 | DEBUG    | __main__:_tick:497 - [View planning] Took: 0.037 s
2026-03-11 14:43:40.995 | DEBUG    | __main__:_tick:497 - [View planning] Took: 0.038 s
2026-03-11 14:43:42.000 | DEBUG    | __main__:_tick:497 - [View planning] Took: 0.045 s
2026-03-11 14:43:42.998 | DEBUG    | __main__:_tick:497 - [View planning] Took: 0.044 s
2026-03-11 14:43:44.004 | DEBUG    | __main__:_tick:497 - [View planning] Took: 0.046 s
2026-03-11 14:43:44.993 | DEBUG    | __main__:_tick:497 - [View planning] Took: 0.039 s
2026-03-11 14:43:45.991 | DEBUG    | __main__:_tick:497 - [View planning] Took: 0.038 s
2026-03-11 14:43:47.000 | DEBUG    | __main__:_tick:497 - [View planning] Took: 0.039 s
2026-03-11 14:43:47.997 | DEBUG    | __main__:_tick:497 - [View planning] Took: 0.044 s
2026-03-11 14:43:48.997 | DEBUG    | __main__:_tick:497 - [View planning] Took: 0.044 s
2026-03-11 14:43:49.990 | DEBUG    | __main__:_tick:497 - [View planning] Took: 0.036 s
2026-03-11 14:43:50.989 | DEBUG    | __main__:_tick:497 - [View planning] Took: 0.036 s
2026-03-11 14:43:51.996 | DEBUG    | __main__:_tick:497 - [View planning] Took: 0.043 s
2026-03-11 14:43:52.992 | DEBUG    | __main__:_tick:497 - [View planning] Took: 0.039 s
2026-03-11 14:43:53.989 | DEBUG    | __main__:_tick:497 - [View planning] Took: 0.036 s
2026-03-11 14:43:54.999 | DEBUG    | __main__:_tick:497 - [View planning] Took: 0.045 s
2026-03-11 14:43:56.004 | DEBUG    | __main__:_tick:497 - [View planning] Took: 0.046 s
2026-03-11 14:43:56.992 | DEBUG    | __main__:_tick:497 - [View planning] Took: 0.039 s
2026-03-11 14:43:58.002 | DEBUG    | __main__:_tick:497 - [View planning] Took: 0.037 s
2026-03-11 14:43:58.999 | DEBUG    | __main__:_tick:497 - [View planning] Took: 0.044 s
2026-03-11 14:44:00.010 | DEBUG    | __main__:_tick:497 - [View planning] Took: 0.047 s
2026-03-11 14:44:01.010 | DEBUG    | __main__:_tick:497 - [View planning] Took: 0.045 s
2026-03-11 14:44:01.994 | DEBUG    | __main__:_tick:497 - [View planning] Took: 0.039 s
2026-03-11 14:44:02.993 | DEBUG    | __main__:_tick:497 - [View planning] Took: 0.039 s
2026-03-11 14:44:04.001 | DEBUG    | __main__:_tick:497 - [View planning] Took: 0.047 s
2026-03-11 14:44:05.003 | DEBUG    | __main__:_tick:497 - [View planning] Took: 0.047 s
2026-03-11 14:44:06.003 | DEBUG    | __main__:_tick:497 - [View planning] Took: 0.047 s
2026-03-11 14:44:07.002 | DEBUG    | __main__:_tick:497 - [View planning] Took: 0.046 s
2026-03-11 14:44:07.999 | DEBUG    | __main__:_tick:497 - [View planning] Took: 0.045 s
2026-03-11 14:44:08.999 | DEBUG    | __main__:_tick:497 - [View planning] Took: 0.045 s
2026-03-11 14:44:09.991 | DEBUG    | __main__:_tick:497 - [View planning] Took: 0.038 s
2026-03-11 14:44:10.999 | DEBUG    | __main__:_tick:497 - [View planning] Took: 0.039 s
2026-03-11 14:44:12.001 | DEBUG    | __main__:_tick:497 - [View planning] Took: 0.045 s
2026-03-11 14:44:13.003 | DEBUG    | __main__:_tick:497 - [View planning] Took: 0.046 s
2026-03-11 14:44:13.998 | DEBUG    | __main__:_tick:497 - [View planning] Took: 0.045 s
2026-03-11 14:44:14.998 | DEBUG    | __main__:_tick:497 - [View planning] Took: 0.045 s
2026-03-11 14:44:15.989 | DEBUG    | __main__:_tick:497 - [View planning] Took: 0.036 s
2026-03-11 14:44:17.001 | DEBUG    | __main__:_tick:497 - [View planning] Took: 0.040 s
2026-03-11 14:44:17.987 | DEBUG    | __main__:_tick:497 - [View planning] Took: 0.034 s
2026-03-11 14:44:18.992 | DEBUG    | __main__:_tick:497 - [View planning] Took: 0.040 s
2026-03-11 14:44:19.991 | DEBUG    | __main__:_tick:497 - [View planning] Took: 0.037 s
2026-03-11 14:44:20.995 | DEBUG    | __main__:_tick:497 - [View planning] Took: 0.036 s
2026-03-11 14:44:21.999 | DEBUG    | __main__:_tick:497 - [View planning] Took: 0.042 s
2026-03-11 14:44:22.994 | DEBUG    | __main__:_tick:497 - [View planning] Took: 0.042 s
2026-03-11 14:44:23.996 | DEBUG    | __main__:_tick:497 - [View planning] Took: 0.044 s
2026-03-11 14:44:24.988 | DEBUG    | __main__:_tick:497 - [View planning] Took: 0.036 s
2026-03-11 14:44:25.996 | DEBUG    | __main__:_tick:497 - [View planning] Took: 0.044 s
2026-03-11 14:44:26.996 | DEBUG    | __main__:_tick:497 - [View planning] Took: 0.044 s
2026-03-11 14:44:27.991 | DEBUG    | __main__:_tick:497 - [View planning] Took: 0.036 s
2026-03-11 14:44:28.996 | DEBUG    | __main__:_tick:497 - [View planning] Took: 0.038 s
2026-03-11 14:44:29.999 | DEBUG    | __main__:_tick:497 - [View planning] Took: 0.043 s
2026-03-11 14:44:30.997 | DEBUG    | __main__:_tick:497 - [View planning] Took: 0.043 s
2026-03-11 14:44:31.995 | DEBUG    | __main__:_tick:497 - [View planning] Took: 0.037 s
2026-03-11 14:44:32.995 | DEBUG    | __main__:_tick:497 - [View planning] Took: 0.043 s
2026-03-11 14:44:33.999 | DEBUG    | __main__:_tick:497 - [View planning] Took: 0.042 s
2026-03-11 14:44:34.988 | DEBUG    | __main__:_tick:497 - [View planning] Took: 0.035 s
2026-03-11 14:44:36.003 | DEBUG    | __main__:_tick:497 - [View planning] Took: 0.041 s
2026-03-11 14:44:36.994 | DEBUG    | __main__:_tick:497 - [View planning] Took: 0.042 s
2026-03-11 14:44:37.988 | DEBUG    | __main__:_tick:497 - [View planning] Took: 0.036 s
2026-03-11 14:44:38.997 | DEBUG    | __main__:_tick:497 - [View planning] Took: 0.036 s
2026-03-11 14:44:39.996 | DEBUG    | __main__:_tick:497 - [View planning] Took: 0.044 s
2026-03-11 14:44:40.995 | DEBUG    | __main__:_tick:497 - [View planning] Took: 0.043 s
2026-03-11 14:44:41.997 | DEBUG    | __main__:_tick:497 - [View planning] Took: 0.045 s
2026-03-11 14:44:42.990 | DEBUG    | __main__:_tick:497 - [View planning] Took: 0.036 s
2026-03-11 14:44:43.995 | DEBUG    | __main__:_tick:497 - [View planning] Took: 0.037 s
2026-03-11 14:44:44.997 | DEBUG    | __main__:_tick:497 - [View planning] Took: 0.043 s
2026-03-11 14:44:45.999 | DEBUG    | __main__:_tick:497 - [View planning] Took: 0.042 s
2026-03-11 14:44:46.996 | DEBUG    | __main__:_tick:497 - [View planning] Took: 0.042 s
2026-03-11 14:44:47.987 | DEBUG    | __main__:_tick:497 - [View planning] Took: 0.035 s
2026-03-11 14:44:48.993 | DEBUG    | __main__:_tick:497 - [View planning] Took: 0.041 s
2026-03-11 14:44:49.999 | DEBUG    | __main__:_tick:497 - [View planning] Took: 0.047 s
2026-03-11 14:44:50.998 | DEBUG    | __main__:_tick:497 - [View planning] Took: 0.046 s
2026-03-11 14:44:52.010 | DEBUG    | __main__:_tick:497 - [View planning] Took: 0.046 s
2026-03-11 14:44:53.000 | DEBUG    | __main__:_tick:497 - [View planning] Took: 0.045 s
2026-03-11 14:44:53.999 | DEBUG    | __main__:_tick:497 - [View planning] Took: 0.046 s
2026-03-11 14:44:54.999 | DEBUG    | __main__:_tick:497 - [View planning] Took: 0.045 s
2026-03-11 14:44:55.991 | DEBUG    | __main__:_tick:497 - [View planning] Took: 0.038 s
2026-03-11 14:44:56.998 | DEBUG    | __main__:_tick:497 - [View planning] Took: 0.045 s
2026-03-11 14:44:57.997 | DEBUG    | __main__:_tick:497 - [View planning] Took: 0.043 s
2026-03-11 14:44:58.996 | DEBUG    | __main__:_tick:497 - [View planning] Took: 0.044 s
2026-03-11 14:44:59.993 | DEBUG    | __main__:_tick:497 - [View planning] Took: 0.038 s
2026-03-11 14:45:00.993 | DEBUG    | __main__:_tick:497 - [View planning] Took: 0.038 s
2026-03-11 14:45:01.996 | DEBUG    | __main__:_tick:497 - [View planning] Took: 0.044 s
2026-03-11 14:45:02.998 | DEBUG    | __main__:_tick:497 - [View planning] Took: 0.046 s
2026-03-11 14:45:03.999 | DEBUG    | __main__:_tick:497 - [View planning] Took: 0.043 s
2026-03-11 14:45:05.000 | DEBUG    | __main__:_tick:497 - [View planning] Took: 0.047 s
2026-03-11 14:45:06.002 | DEBUG    | __main__:_tick:497 - [View planning] Took: 0.049 s
2026-03-11 14:45:07.004 | DEBUG    | __main__:_tick:497 - [View planning] Took: 0.050 s
2026-03-11 14:45:07.999 | DEBUG    | __main__:_tick:497 - [View planning] Took: 0.047 s
2026-03-11 14:45:09.002 | DEBUG    | __main__:_tick:497 - [View planning] Took: 0.049 s
2026-03-11 14:45:10.000 | DEBUG    | __main__:_tick:497 - [View planning] Took: 0.047 s
2026-03-11 14:45:11.002 | DEBUG    | __main__:_tick:497 - [View planning] Took: 0.049 s
2026-03-11 14:45:12.000 | DEBUG    | __main__:_tick:497 - [View planning] Took: 0.046 s
2026-03-11 14:45:13.003 | DEBUG    | __main__:_tick:497 - [View planning] Took: 0.047 s
2026-03-11 14:45:14.001 | DEBUG    | __main__:_tick:497 - [View planning] Took: 0.047 s
2026-03-11 14:45:14.994 | DEBUG    | __main__:_tick:497 - [View planning] Took: 0.040 s
2026-03-11 14:45:16.002 | DEBUG    | __main__:_tick:497 - [View planning] Took: 0.048 s
2026-03-11 14:45:16.998 | DEBUG    | __main__:_tick:497 - [View planning] Took: 0.040 s
2026-03-11 14:45:17.995 | DEBUG    | __main__:_tick:497 - [View planning] Took: 0.039 s
2026-03-11 14:45:19.000 | DEBUG    | __main__:_tick:497 - [View planning] Took: 0.047 s
2026-03-11 14:45:20.011 | DEBUG    | __main__:_tick:497 - [View planning] Took: 0.050 s
2026-03-11 14:45:21.005 | DEBUG    | __main__:_tick:497 - [View planning] Took: 0.048 s
2026-03-11 14:45:22.006 | DEBUG    | __main__:_tick:497 - [View planning] Took: 0.052 s
2026-03-11 14:45:23.000 | DEBUG    | __main__:_tick:497 - [View planning] Took: 0.046 s
2026-03-11 14:45:23.998 | DEBUG    | __main__:_tick:497 - [View planning] Took: 0.044 s
2026-03-11 14:45:24.990 | DEBUG    | __main__:_tick:497 - [View planning] Took: 0.036 s
2026-03-11 14:45:25.999 | DEBUG    | __main__:_tick:497 - [View planning] Took: 0.040 s
2026-03-11 14:45:27.010 | DEBUG    | __main__:_tick:497 - [View planning] Took: 0.054 s
2026-03-11 14:45:28.001 | DEBUG    | __main__:_tick:497 - [View planning] Took: 0.047 s
2026-03-11 14:45:29.008 | DEBUG    | __main__:_tick:497 - [View planning] Took: 0.048 s
2026-03-11 14:45:30.002 | DEBUG    | __main__:_tick:497 - [View planning] Took: 0.046 s
2026-03-11 14:45:31.000 | DEBUG    | __main__:_tick:497 - [View planning] Took: 0.047 s
2026-03-11 14:45:32.003 | DEBUG    | __main__:_tick:497 - [View planning] Took: 0.048 s
2026-03-11 14:45:33.005 | DEBUG    | __main__:_tick:497 - [View planning] Took: 0.049 s
2026-03-11 14:45:33.996 | DEBUG    | __main__:_tick:497 - [View planning] Took: 0.043 s
2026-03-11 14:45:35.000 | DEBUG    | __main__:_tick:497 - [View planning] Took: 0.040 s
2026-03-11 14:45:35.998 | DEBUG    | __main__:_tick:497 - [View planning] Took: 0.045 s
2026-03-11 14:45:37.002 | DEBUG    | __main__:_tick:497 - [View planning] Took: 0.046 s
2026-03-11 14:45:37.997 | DEBUG    | __main__:_tick:497 - [View planning] Took: 0.044 s
2026-03-11 14:45:38.990 | DEBUG    | __main__:_tick:497 - [View planning] Took: 0.037 s
2026-03-11 14:45:39.991 | DEBUG    | __main__:_tick:497 - [View planning] Took: 0.039 s
2026-03-11 14:45:41.000 | DEBUG    | __main__:_tick:497 - [View planning] Took: 0.041 s
2026-03-11 14:45:42.012 | DEBUG    | __main__:_tick:497 - [View planning] Took: 0.044 s
2026-03-11 14:45:42.993 | DEBUG    | __main__:_tick:497 - [View planning] Took: 0.040 s
2026-03-11 14:45:43.991 | DEBUG    | __main__:_tick:497 - [View planning] Took: 0.039 s
2026-03-11 14:45:44.998 | DEBUG    | __main__:_tick:497 - [View planning] Took: 0.039 s
2026-03-11 14:45:45.996 | DEBUG    | __main__:_tick:497 - [View planning] Took: 0.044 s
2026-03-11 14:45:47.000 | DEBUG    | __main__:_tick:497 - [View planning] Took: 0.043 s
2026-03-11 14:45:47.994 | DEBUG    | __main__:_tick:497 - [View planning] Took: 0.042 s
2026-03-11 14:45:48.989 | DEBUG    | __main__:_tick:497 - [View planning] Took: 0.036 s
2026-03-11 14:45:49.992 | DEBUG    | __main__:_tick:497 - [View planning] Took: 0.041 s
2026-03-11 14:45:50.996 | DEBUG    | __main__:_tick:497 - [View planning] Took: 0.041 s
2026-03-11 14:45:51.987 | DEBUG    | __main__:_tick:497 - [View planning] Took: 0.036 s
2026-03-11 14:45:52.994 | DEBUG    | __main__:_tick:497 - [View planning] Took: 0.042 s
2026-03-11 14:45:54.000 | DEBUG    | __main__:_tick:497 - [View planning] Took: 0.042 s
2026-03-11 14:45:54.997 | DEBUG    | __main__:_tick:497 - [View planning] Took: 0.045 s
2026-03-11 14:45:55.988 | DEBUG    | __main__:_tick:497 - [View planning] Took: 0.036 s
2026-03-11 14:45:56.996 | DEBUG    | __main__:_tick:497 - [View planning] Took: 0.043 s
2026-03-11 14:45:57.998 | DEBUG    | __main__:_tick:497 - [View planning] Took: 0.045 s
2026-03-11 14:45:58.985 | DEBUG    | __main__:_tick:497 - [View planning] Took: 0.033 s
2026-03-11 14:46:00.007 | DEBUG    | __main__:_tick:497 - [View planning] Took: 0.046 s
2026-03-11 14:46:01.000 | DEBUG    | __main__:_tick:497 - [View planning] Took: 0.046 s
2026-03-11 14:46:01.999 | DEBUG    | __main__:_tick:497 - [View planning] Took: 0.045 s
2026-03-11 14:46:03.001 | DEBUG    | __main__:_tick:497 - [View planning] Took: 0.046 s
2026-03-11 14:46:03.991 | DEBUG    | __main__:_tick:497 - [View planning] Took: 0.037 s
2026-03-11 14:46:04.987 | DEBUG    | __main__:_tick:497 - [View planning] Took: 0.034 s
2026-03-11 14:46:05.985 | DEBUG    | __main__:_tick:497 - [View planning] Took: 0.033 s
2026-03-11 14:46:07.002 | DEBUG    | __main__:_tick:497 - [View planning] Took: 0.048 s
2026-03-11 14:46:08.010 | DEBUG    | __main__:_tick:497 - [View planning] Took: 0.048 s
2026-03-11 14:46:08.997 | DEBUG    | __main__:_tick:497 - [View planning] Took: 0.044 s
2026-03-11 14:46:09.987 | DEBUG    | __main__:_tick:497 - [View planning] Took: 0.035 s
2026-03-11 14:46:10.992 | DEBUG    | __main__:_tick:497 - [View planning] Took: 0.035 s
2026-03-11 14:46:11.992 | DEBUG    | __main__:_tick:497 - [View planning] Took: 0.040 s
2026-03-11 14:46:12.993 | DEBUG    | __main__:_tick:497 - [View planning] Took: 0.040 s
2026-03-11 14:46:13.983 | DEBUG    | __main__:_tick:497 - [View planning] Took: 0.033 s
2026-03-11 14:46:14.988 | DEBUG    | __main__:_tick:497 - [View planning] Took: 0.038 s
2026-03-11 14:46:15.978 | DEBUG    | __main__:_tick:497 - [View planning] Took: 0.029 s
2026-03-11 14:46:16.978 | DEBUG    | __main__:_tick:497 - [View planning] Took: 0.029 s
2026-03-11 14:46:17.989 | DEBUG    | __main__:_tick:497 - [View planning] Took: 0.032 s
2026-03-11 14:46:18.987 | DEBUG    | __main__:_tick:497 - [View planning] Took: 0.038 s
2026-03-11 14:46:19.980 | DEBUG    | __main__:_tick:497 - [View planning] Took: 0.030 s
2026-03-11 14:46:20.979 | DEBUG    | __main__:_tick:497 - [View planning] Took: 0.030 s
2026-03-11 14:46:21.987 | DEBUG    | __main__:_tick:497 - [View planning] Took: 0.038 s
2026-03-11 14:46:22.993 | DEBUG    | __main__:_tick:497 - [View planning] Took: 0.041 s
2026-03-11 14:46:23.986 | DEBUG    | __main__:_tick:497 - [View planning] Took: 0.035 s
2026-03-11 14:46:25.001 | DEBUG    | __main__:_tick:497 - [View planning] Took: 0.042 s
2026-03-11 14:46:25.999 | DEBUG    | __main__:_tick:497 - [View planning] Took: 0.044 s
2026-03-11 14:46:26.998 | DEBUG    | __main__:_tick:497 - [View planning] Took: 0.045 s
2026-03-11 14:46:27.990 | DEBUG    | __main__:_tick:497 - [View planning] Took: 0.037 s
2026-03-11 14:46:29.000 | DEBUG    | __main__:_tick:497 - [View planning] Took: 0.039 s
2026-03-11 14:46:30.007 | DEBUG    | __main__:_tick:497 - [View planning] Took: 0.048 s
2026-03-11 14:46:30.998 | DEBUG    | __main__:_tick:497 - [View planning] Took: 0.045 s
2026-03-11 14:46:31.999 | DEBUG    | __main__:_tick:497 - [View planning] Took: 0.046 s
2026-03-11 14:46:33.000 | DEBUG    | __main__:_tick:497 - [View planning] Took: 0.044 s
2026-03-11 14:46:33.990 | DEBUG    | __main__:_tick:497 - [View planning] Took: 0.037 s
2026-03-11 14:46:35.033 | DEBUG    | __main__:_tick:497 - [View planning] Took: 0.039 s
2026-03-11 14:46:36.000 | DEBUG    | __main__:_tick:497 - [View planning] Took: 0.046 s
2026-03-11 14:46:37.002 | DEBUG    | __main__:_tick:497 - [View planning] Took: 0.049 s
2026-03-11 14:46:38.001 | DEBUG    | __main__:_tick:497 - [View planning] Took: 0.046 s
2026-03-11 14:46:38.994 | DEBUG    | __main__:_tick:497 - [View planning] Took: 0.041 s
2026-03-11 14:46:40.001 | DEBUG    | __main__:_tick:497 - [View planning] Took: 0.041 s
2026-03-11 14:46:41.002 | DEBUG    | __main__:_tick:497 - [View planning] Took: 0.042 s
2026-03-11 14:46:42.001 | DEBUG    | __main__:_tick:497 - [View planning] Took: 0.041 s
2026-03-11 14:46:43.000 | DEBUG    | __main__:_tick:497 - [View planning] Took: 0.046 s
2026-03-11 14:46:43.994 | DEBUG    | __main__:_tick:497 - [View planning] Took: 0.042 s
2026-03-11 14:46:44.989 | DEBUG    | __main__:_tick:497 - [View planning] Took: 0.039 s
2026-03-11 14:46:45.983 | DEBUG    | __main__:_tick:497 - [View planning] Took: 0.033 s
2026-03-11 14:46:46.995 | DEBUG    | __main__:_tick:497 - [View planning] Took: 0.045 s
2026-03-11 14:46:47.987 | DEBUG    | __main__:_tick:497 - [View planning] Took: 0.035 s
2026-03-11 14:46:48.992 | DEBUG    | __main__:_tick:497 - [View planning] Took: 0.041 s
2026-03-11 14:46:49.992 | DEBUG    | __main__:_tick:497 - [View planning] Took: 0.040 s
2026-03-11 14:46:50.995 | DEBUG    | __main__:_tick:497 - [View planning] Took: 0.044 s
2026-03-11 14:46:51.985 | DEBUG    | __main__:_tick:497 - [View planning] Took: 0.035 s
2026-03-11 14:46:52.992 | DEBUG    | __main__:_tick:497 - [View planning] Took: 0.041 s
2026-03-11 14:46:53.997 | DEBUG    | __main__:_tick:497 - [View planning] Took: 0.042 s
2026-03-11 14:46:54.990 | DEBUG    | __main__:_tick:497 - [View planning] Took: 0.034 s
2026-03-11 14:46:55.983 | DEBUG    | __main__:_tick:497 - [View planning] Took: 0.032 s
2026-03-11 14:46:56.996 | DEBUG    | __main__:_tick:497 - [View planning] Took: 0.043 s
2026-03-11 14:46:57.988 | DEBUG    | __main__:_tick:497 - [View planning] Took: 0.033 s
2026-03-11 14:46:58.992 | DEBUG    | __main__:_tick:497 - [View planning] Took: 0.040 s
2026-03-11 14:46:59.997 | DEBUG    | __main__:_tick:497 - [View planning] Took: 0.039 s
2026-03-11 14:47:00.996 | DEBUG    | __main__:_tick:497 - [View planning] Took: 0.043 s
2026-03-11 14:47:01.994 | DEBUG    | __main__:_tick:497 - [View planning] Took: 0.040 s
2026-03-11 14:47:02.994 | DEBUG    | __main__:_tick:497 - [View planning] Took: 0.039 s
2026-03-11 14:47:03.999 | DEBUG    | __main__:_tick:497 - [View planning] Took: 0.045 s
2026-03-11 14:47:05.004 | DEBUG    | __main__:_tick:497 - [View planning] Took: 0.044 s
2026-03-11 14:47:05.993 | DEBUG    | __main__:_tick:497 - [View planning] Took: 0.038 s
2026-03-11 14:47:06.988 | DEBUG    | __main__:_tick:497 - [View planning] Took: 0.034 s
2026-03-11 14:47:08.004 | DEBUG    | __main__:_tick:497 - [View planning] Took: 0.045 s
2026-03-11 14:47:08.999 | DEBUG    | __main__:_tick:497 - [View planning] Took: 0.046 s
2026-03-11 14:47:09.996 | DEBUG    | __main__:_tick:497 - [View planning] Took: 0.039 s
2026-03-11 14:47:11.006 | DEBUG    | __main__:_tick:497 - [View planning] Took: 0.042 s
2026-03-11 14:47:12.004 | DEBUG    | __main__:_tick:497 - [View planning] Took: 0.043 s
2026-03-11 14:47:12.989 | DEBUG    | __main__:_tick:497 - [View planning] Took: 0.036 s
2026-03-11 14:47:13.988 | DEBUG    | __main__:_tick:497 - [View planning] Took: 0.035 s
2026-03-11 14:47:14.993 | DEBUG    | __main__:_tick:497 - [View planning] Took: 0.041 s
2026-03-11 14:47:15.993 | DEBUG    | __main__:_tick:497 - [View planning] Took: 0.043 s
2026-03-11 14:47:16.981 | DEBUG    | __main__:_tick:497 - [View planning] Took: 0.030 s
2026-03-11 14:47:17.982 | DEBUG    | __main__:_tick:497 - [View planning] Took: 0.032 s
2026-03-11 14:47:18.988 | DEBUG    | __main__:_tick:497 - [View planning] Took: 0.031 s
2026-03-11 14:47:19.989 | DEBUG    | __main__:_tick:497 - [View planning] Took: 0.032 s
2026-03-11 14:47:20.992 | DEBUG    | __main__:_tick:497 - [View planning] Took: 0.037 s
2026-03-11 14:47:21.984 | DEBUG    | __main__:_tick:497 - [View planning] Took: 0.031 s
2026-03-11 14:47:22.998 | DEBUG    | __main__:_tick:497 - [View planning] Took: 0.045 s
2026-03-11 14:47:23.998 | DEBUG    | __main__:_tick:497 - [View planning] Took: 0.044 s
2026-03-11 14:47:24.991 | DEBUG    | __main__:_tick:497 - [View planning] Took: 0.038 s
2026-03-11 14:47:25.991 | DEBUG    | __main__:_tick:497 - [View planning] Took: 0.038 s
2026-03-11 14:47:27.003 | DEBUG    | __main__:_tick:497 - [View planning] Took: 0.047 s
2026-03-11 14:47:28.008 | DEBUG    | __main__:_tick:497 - [View planning] Took: 0.043 s
2026-03-11 14:47:29.006 | DEBUG    | __main__:_tick:497 - [View planning] Took: 0.047 s
2026-03-11 14:47:30.018 | DEBUG    | __main__:_tick:497 - [View planning] Took: 0.065 s
2026-03-11 14:47:31.013 | DEBUG    | __main__:_tick:497 - [View planning] Took: 0.060 s
2026-03-11 14:47:32.013 | DEBUG    | __main__:_tick:497 - [View planning] Took: 0.059 s
2026-03-11 14:47:33.034 | DEBUG    | __main__:_tick:497 - [View planning] Took: 0.079 s
2026-03-11 14:47:34.012 | DEBUG    | __main__:_tick:497 - [View planning] Took: 0.058 s
2026-03-11 14:47:35.000 | DEBUG    | __main__:_tick:497 - [View planning] Took: 0.048 s
2026-03-11 14:47:35.999 | DEBUG    | __main__:_tick:497 - [View planning] Took: 0.044 s
2026-03-11 14:47:36.993 | DEBUG    | __main__:_tick:497 - [View planning] Took: 0.036 s
2026-03-11 14:47:37.996 | DEBUG    | __main__:_tick:497 - [View planning] Took: 0.043 s
2026-03-11 14:47:38.990 | DEBUG    | __main__:_tick:497 - [View planning] Took: 0.037 s
2026-03-11 14:47:40.002 | DEBUG    | __main__:_tick:497 - [View planning] Took: 0.044 s
2026-03-11 14:47:41.004 | DEBUG    | __main__:_tick:497 - [View planning] Took: 0.044 s
2026-03-11 14:47:41.990 | DEBUG    | __main__:_tick:497 - [View planning] Took: 0.038 s
2026-03-11 14:47:42.995 | DEBUG    | __main__:_tick:497 - [View planning] Took: 0.043 s
2026-03-11 14:47:43.995 | DEBUG    | __main__:_tick:497 - [View planning] Took: 0.042 s
2026-03-11 14:47:44.994 | DEBUG    | __main__:_tick:497 - [View planning] Took: 0.037 s
2026-03-11 14:47:46.001 | DEBUG    | __main__:_tick:497 - [View planning] Took: 0.044 s
2026-03-11 14:47:46.992 | DEBUG    | __main__:_tick:497 - [View planning] Took: 0.036 s
2026-03-11 14:47:47.997 | DEBUG    | __main__:_tick:497 - [View planning] Took: 0.037 s
2026-03-11 14:47:48.997 | DEBUG    | __main__:_tick:497 - [View planning] Took: 0.043 s
2026-03-11 14:47:49.998 | DEBUG    | __main__:_tick:497 - [View planning] Took: 0.038 s
2026-03-11 14:47:51.002 | DEBUG    | __main__:_tick:497 - [View planning] Took: 0.040 s
2026-03-11 14:47:51.998 | DEBUG    | __main__:_tick:497 - [View planning] Took: 0.045 s
2026-03-11 14:47:53.002 | DEBUG    | __main__:_tick:497 - [View planning] Took: 0.047 s
2026-03-11 14:47:54.030 | DEBUG    | __main__:_tick:497 - [View planning] Took: 0.071 s
2026-03-11 14:47:55.025 | DEBUG    | __main__:_tick:497 - [View planning] Took: 0.072 s
2026-03-11 14:47:56.021 | DEBUG    | __main__:_tick:497 - [View planning] Took: 0.067 s
2026-03-11 14:47:57.008 | DEBUG    | __main__:_tick:497 - [View planning] Took: 0.053 s
2026-03-11 14:47:58.003 | DEBUG    | __main__:_tick:497 - [View planning] Took: 0.050 s
2026-03-11 14:47:59.002 | DEBUG    | __main__:_tick:497 - [View planning] Took: 0.046 s
2026-03-11 14:47:59.999 | DEBUG    | __main__:_tick:497 - [View planning] Took: 0.046 s
2026-03-11 14:48:01.002 | DEBUG    | __main__:_tick:497 - [View planning] Took: 0.048 s
2026-03-11 14:48:02.001 | DEBUG    | __main__:_tick:497 - [View planning] Took: 0.045 s
2026-03-11 14:48:03.002 | DEBUG    | __main__:_tick:497 - [View planning] Took: 0.046 s
2026-03-11 14:48:03.994 | DEBUG    | __main__:_tick:497 - [View planning] Took: 0.044 s
2026-03-11 14:48:04.985 | DEBUG    | __main__:_tick:497 - [View planning] Took: 0.033 s
2026-03-11 14:48:05.993 | DEBUG    | __main__:_tick:497 - [View planning] Took: 0.039 s
2026-03-11 14:48:06.989 | DEBUG    | __main__:_tick:497 - [View planning] Took: 0.033 s
2026-03-11 14:48:07.990 | DEBUG    | __main__:_tick:497 - [View planning] Took: 0.039 s
2026-03-11 14:48:08.994 | DEBUG    | __main__:_tick:497 - [View planning] Took: 0.043 s
2026-03-11 14:48:09.993 | DEBUG    | __main__:_tick:497 - [View planning] Took: 0.042 s
2026-03-11 14:48:10.987 | DEBUG    | __main__:_tick:497 - [View planning] Took: 0.035 s
2026-03-11 14:48:11.994 | DEBUG    | __main__:_tick:497 - [View planning] Took: 0.043 s
2026-03-11 14:48:12.993 | DEBUG    | __main__:_tick:497 - [View planning] Took: 0.043 s
2026-03-11 14:48:13.999 | DEBUG    | __main__:_tick:497 - [View planning] Took: 0.045 s
2026-03-11 14:48:15.001 | DEBUG    | __main__:_tick:497 - [View planning] Took: 0.049 s
2026-03-11 14:48:16.009 | DEBUG    | __main__:_tick:497 - [View planning] Took: 0.050 s
2026-03-11 14:48:16.999 | DEBUG    | __main__:_tick:497 - [View planning] Took: 0.047 s
2026-03-11 14:48:17.998 | DEBUG    | __main__:_tick:497 - [View planning] Took: 0.046 s
2026-03-11 14:48:19.001 | DEBUG    | __main__:_tick:497 - [View planning] Took: 0.045 s
2026-03-11 14:48:19.999 | DEBUG    | __main__:_tick:497 - [View planning] Took: 0.046 s
2026-03-11 14:48:20.995 | DEBUG    | __main__:_tick:497 - [View planning] Took: 0.038 s
2026-03-11 14:48:21.990 | DEBUG    | __main__:_tick:497 - [View planning] Took: 0.037 s
2026-03-11 14:48:22.995 | DEBUG    | __main__:_tick:497 - [View planning] Took: 0.043 s
2026-03-11 14:48:23.997 | DEBUG    | __main__:_tick:497 - [View planning] Took: 0.045 s
2026-03-11 14:48:24.997 | DEBUG    | __main__:_tick:497 - [View planning] Took: 0.038 s
2026-03-11 14:48:25.996 | DEBUG    | __main__:_tick:497 - [View planning] Took: 0.043 s
2026-03-11 14:48:26.995 | DEBUG    | __main__:_tick:497 - [View planning] Took: 0.043 s
2026-03-11 14:48:27.988 | DEBUG    | __main__:_tick:497 - [View planning] Took: 0.036 s
2026-03-11 14:48:29.000 | DEBUG    | __main__:_tick:497 - [View planning] Took: 0.034 s
2026-03-11 14:48:29.984 | DEBUG    | __main__:_tick:497 - [View planning] Took: 0.032 s
2026-03-11 14:48:30.988 | DEBUG    | __main__:_tick:497 - [View planning] Took: 0.037 s
2026-03-11 14:48:31.982 | DEBUG    | __main__:_tick:497 - [View planning] Took: 0.031 s
2026-03-11 14:48:32.984 | DEBUG    | __main__:_tick:497 - [View planning] Took: 0.031 s
2026-03-11 14:48:34.000 | DEBUG    | __main__:_tick:497 - [View planning] Took: 0.039 s
2026-03-11 14:48:34.994 | DEBUG    | __main__:_tick:497 - [View planning] Took: 0.043 s
2026-03-11 14:48:35.986 | DEBUG    | __main__:_tick:497 - [View planning] Took: 0.034 s
2026-03-11 14:48:36.996 | DEBUG    | __main__:_tick:497 - [View planning] Took: 0.044 s
2026-03-11 14:48:37.995 | DEBUG    | __main__:_tick:497 - [View planning] Took: 0.042 s
2026-03-11 14:48:38.987 | DEBUG    | __main__:_tick:497 - [View planning] Took: 0.035 s
2026-03-11 14:48:39.999 | DEBUG    | __main__:_tick:497 - [View planning] Took: 0.045 s
2026-03-11 14:48:40.999 | DEBUG    | __main__:_tick:497 - [View planning] Took: 0.046 s
2026-03-11 14:48:42.010 | DEBUG    | __main__:_tick:497 - [View planning] Took: 0.051 s
2026-03-11 14:48:43.002 | DEBUG    | __main__:_tick:497 - [View planning] Took: 0.051 s
2026-03-11 14:48:44.005 | DEBUG    | __main__:_tick:497 - [View planning] Took: 0.053 s
2026-03-11 14:48:45.000 | DEBUG    | __main__:_tick:497 - [View planning] Took: 0.046 s
2026-03-11 14:48:45.987 | DEBUG    | __main__:_tick:497 - [View planning] Took: 0.037 s
2026-03-11 14:48:46.988 | DEBUG    | __main__:_tick:497 - [View planning] Took: 0.037 s
2026-03-11 14:48:47.992 | DEBUG    | __main__:_tick:497 - [View planning] Took: 0.041 s
2026-03-11 14:48:48.992 | DEBUG    | __main__:_tick:497 - [View planning] Took: 0.041 s
2026-03-11 14:48:49.984 | DEBUG    | __main__:_tick:497 - [View planning] Took: 0.034 s
2026-03-11 14:48:50.990 | DEBUG    | __main__:_tick:497 - [View planning] Took: 0.040 s
2026-03-11 14:48:51.986 | DEBUG    | __main__:_tick:497 - [View planning] Took: 0.035 s
2026-03-11 14:48:52.989 | DEBUG    | __main__:_tick:497 - [View planning] Took: 0.036 s
2026-03-11 14:48:54.000 | DEBUG    | __main__:_tick:497 - [View planning] Took: 0.046 s
2026-03-11 14:48:54.998 | DEBUG    | __main__:_tick:497 - [View planning] Took: 0.044 s
2026-03-11 14:48:56.000 | DEBUG    | __main__:_tick:497 - [View planning] Took: 0.047 s
2026-03-11 14:48:57.004 | DEBUG    | __main__:_tick:497 - [View planning] Took: 0.047 s
2026-03-11 14:48:57.992 | DEBUG    | __main__:_tick:497 - [View planning] Took: 0.039 s
2026-03-11 14:48:58.997 | DEBUG    | __main__:_tick:497 - [View planning] Took: 0.038 s
2026-03-11 14:48:59.997 | DEBUG    | __main__:_tick:497 - [View planning] Took: 0.044 s
2026-03-11 14:49:01.001 | DEBUG    | __main__:_tick:497 - [View planning] Took: 0.045 s
2026-03-11 14:49:01.990 | DEBUG    | __main__:_tick:497 - [View planning] Took: 0.037 s
2026-03-11 14:49:02.989 | DEBUG    | __main__:_tick:497 - [View planning] Took: 0.037 s
2026-03-11 14:49:03.997 | DEBUG    | __main__:_tick:497 - [View planning] Took: 0.044 s
2026-03-11 14:49:04.993 | DEBUG    | __main__:_tick:497 - [View planning] Took: 0.043 s
2026-03-11 14:49:05.994 | DEBUG    | __main__:_tick:497 - [View planning] Took: 0.043 s
2026-03-11 14:49:06.996 | DEBUG    | __main__:_tick:497 - [View planning] Took: 0.046 s
2026-03-11 14:49:07.997 | DEBUG    | __main__:_tick:497 - [View planning] Took: 0.047 s
2026-03-11 14:49:09.006 | DEBUG    | __main__:_tick:497 - [View planning] Took: 0.047 s
2026-03-11 14:49:09.985 | DEBUG    | __main__:_tick:497 - [View planning] Took: 0.032 s
2026-03-11 14:49:10.993 | DEBUG    | __main__:_tick:497 - [View planning] Took: 0.042 s
2026-03-11 14:49:11.984 | DEBUG    | __main__:_tick:497 - [View planning] Took: 0.033 s
2026-03-11 14:49:12.996 | DEBUG    | __main__:_tick:497 - [View planning] Took: 0.043 s
2026-03-11 14:49:14.000 | DEBUG    | __main__:_tick:497 - [View planning] Took: 0.046 s
2026-03-11 14:49:14.991 | DEBUG    | __main__:_tick:497 - [View planning] Took: 0.037 s
2026-03-11 14:49:16.002 | DEBUG    | __main__:_tick:497 - [View planning] Took: 0.048 s
2026-03-11 14:49:17.000 | DEBUG    | __main__:_tick:497 - [View planning] Took: 0.047 s
2026-03-11 14:49:17.999 | DEBUG    | __main__:_tick:497 - [View planning] Took: 0.046 s
2026-03-11 14:49:18.998 | DEBUG    | __main__:_tick:497 - [View planning] Took: 0.044 s
2026-03-11 14:49:19.990 | DEBUG    | __main__:_tick:497 - [View planning] Took: 0.037 s
2026-03-11 14:49:20.999 | DEBUG    | __main__:_tick:497 - [View planning] Took: 0.046 s
2026-03-11 14:49:21.997 | DEBUG    | __main__:_tick:497 - [View planning] Took: 0.045 s
2026-03-11 14:49:22.995 | DEBUG    | __main__:_tick:497 - [View planning] Took: 0.044 s
2026-03-11 14:49:23.999 | DEBUG    | __main__:_tick:497 - [View planning] Took: 0.047 s
2026-03-11 14:49:24.993 | DEBUG    | __main__:_tick:497 - [View planning] Took: 0.040 s
2026-03-11 14:49:25.993 | DEBUG    | __main__:_tick:497 - [View planning] Took: 0.039 s
2026-03-11 14:49:27.000 | DEBUG    | __main__:_tick:497 - [View planning] Took: 0.047 s
2026-03-11 14:49:28.000 | DEBUG    | __main__:_tick:497 - [View planning] Took: 0.046 s
2026-03-11 14:49:29.000 | DEBUG    | __main__:_tick:497 - [View planning] Took: 0.046 s
2026-03-11 14:49:29.994 | DEBUG    | __main__:_tick:497 - [View planning] Took: 0.039 s
2026-03-11 14:49:30.995 | DEBUG    | __main__:_tick:497 - [View planning] Took: 0.040 s
2026-03-11 14:49:32.003 | DEBUG    | __main__:_tick:497 - [View planning] Took: 0.049 s
2026-03-11 14:49:33.004 | DEBUG    | __main__:_tick:497 - [View planning] Took: 0.049 s
2026-03-11 14:49:34.001 | DEBUG    | __main__:_tick:497 - [View planning] Took: 0.047 s
2026-03-11 14:49:34.999 | DEBUG    | __main__:_tick:497 - [View planning] Took: 0.046 s
2026-03-11 14:49:36.004 | DEBUG    | __main__:_tick:497 - [View planning] Took: 0.049 s
2026-03-11 14:49:37.001 | DEBUG    | __main__:_tick:497 - [View planning] Took: 0.047 s
2026-03-11 14:49:38.002 | DEBUG    | __main__:_tick:497 - [View planning] Took: 0.047 s
2026-03-11 14:49:39.000 | DEBUG    | __main__:_tick:497 - [View planning] Took: 0.048 s
2026-03-11 14:49:40.000 | DEBUG    | __main__:_tick:497 - [View planning] Took: 0.047 s
2026-03-11 14:49:41.004 | DEBUG    | __main__:_tick:497 - [View planning] Took: 0.046 s
2026-03-11 14:49:41.998 | DEBUG    | __main__:_tick:497 - [View planning] Took: 0.046 s
2026-03-11 14:49:42.990 | DEBUG    | __main__:_tick:497 - [View planning] Took: 0.038 s
2026-03-11 14:49:43.990 | DEBUG    | __main__:_tick:497 - [View planning] Took: 0.037 s
2026-03-11 14:49:44.994 | DEBUG    | __main__:_tick:497 - [View planning] Took: 0.036 s
2026-03-11 14:49:45.992 | DEBUG    | __main__:_tick:497 - [View planning] Took: 0.040 s
2026-03-11 14:49:46.984 | DEBUG    | __main__:_tick:497 - [View planning] Took: 0.034 s
2026-03-11 14:49:47.991 | DEBUG    | __main__:_tick:497 - [View planning] Took: 0.033 s
2026-03-11 14:49:48.991 | DEBUG    | __main__:_tick:497 - [View planning] Took: 0.040 s
2026-03-11 14:49:49.995 | DEBUG    | __main__:_tick:497 - [View planning] Took: 0.040 s
2026-03-11 14:49:50.992 | DEBUG    | __main__:_tick:497 - [View planning] Took: 0.040 s
2026-03-11 14:49:51.991 | DEBUG    | __main__:_tick:497 - [View planning] Took: 0.040 s
2026-03-11 14:49:52.986 | DEBUG    | __main__:_tick:497 - [View planning] Took: 0.034 s
2026-03-11 14:49:53.994 | DEBUG    | __main__:_tick:497 - [View planning] Took: 0.041 s
2026-03-11 14:49:54.994 | DEBUG    | __main__:_tick:497 - [View planning] Took: 0.043 s
2026-03-11 14:49:55.992 | DEBUG    | __main__:_tick:497 - [View planning] Took: 0.041 s
2026-03-11 14:49:56.987 | DEBUG    | __main__:_tick:497 - [View planning] Took: 0.035 s
2026-03-11 14:49:57.994 | DEBUG    | __main__:_tick:497 - [View planning] Took: 0.042 s
2026-03-11 14:49:58.994 | DEBUG    | __main__:_tick:497 - [View planning] Took: 0.042 s
2026-03-11 14:49:59.987 | DEBUG    | __main__:_tick:497 - [View planning] Took: 0.035 s
2026-03-11 14:50:00.993 | DEBUG    | __main__:_tick:497 - [View planning] Took: 0.040 s
2026-03-11 14:50:01.985 | DEBUG    | __main__:_tick:497 - [View planning] Took: 0.031 s
2026-03-11 14:50:02.980 | DEBUG    | __main__:_tick:497 - [View planning] Took: 0.030 s
2026-03-11 14:50:03.987 | DEBUG    | __main__:_tick:497 - [View planning] Took: 0.037 s
2026-03-11 14:50:04.982 | DEBUG    | __main__:_tick:497 - [View planning] Took: 0.030 s
2026-03-11 14:50:05.981 | DEBUG    | __main__:_tick:497 - [View planning] Took: 0.030 s
2026-03-11 14:50:06.982 | DEBUG    | __main__:_tick:497 - [View planning] Took: 0.031 s
2026-03-11 14:50:07.982 | DEBUG    | __main__:_tick:497 - [View planning] Took: 0.031 s
2026-03-11 14:50:08.997 | DEBUG    | __main__:_tick:497 - [View planning] Took: 0.044 s
2026-03-11 14:50:09.991 | DEBUG    | __main__:_tick:497 - [View planning] Took: 0.040 s
2026-03-11 14:50:10.997 | DEBUG    | __main__:_tick:497 - [View planning] Took: 0.046 s
2026-03-11 14:50:11.998 | DEBUG    | __main__:_tick:497 - [View planning] Took: 0.040 s
2026-03-11 14:50:12.994 | DEBUG    | __main__:_tick:497 - [View planning] Took: 0.038 s
2026-03-11 14:50:13.994 | DEBUG    | __main__:_tick:497 - [View planning] Took: 0.044 s
2026-03-11 14:50:15.007 | DEBUG    | __main__:_tick:497 - [View planning] Took: 0.043 s
2026-03-11 14:50:15.985 | DEBUG    | __main__:_tick:497 - [View planning] Took: 0.034 s
2026-03-11 14:50:16.992 | DEBUG    | __main__:_tick:497 - [View planning] Took: 0.035 s
2026-03-11 14:50:17.991 | DEBUG    | __main__:_tick:497 - [View planning] Took: 0.040 s
2026-03-11 14:50:18.992 | DEBUG    | __main__:_tick:497 - [View planning] Took: 0.037 s
2026-03-11 14:50:20.002 | DEBUG    | __main__:_tick:497 - [View planning] Took: 0.050 s
2026-03-11 14:50:20.987 | DEBUG    | __main__:_tick:497 - [View planning] Took: 0.035 s
2026-03-11 14:50:21.995 | DEBUG    | __main__:_tick:497 - [View planning] Took: 0.043 s
2026-03-11 14:50:22.994 | DEBUG    | __main__:_tick:497 - [View planning] Took: 0.042 s
2026-03-11 14:50:23.991 | DEBUG    | __main__:_tick:497 - [View planning] Took: 0.039 s
2026-03-11 14:50:24.994 | DEBUG    | __main__:_tick:497 - [View planning] Took: 0.042 s
2026-03-11 14:50:25.994 | DEBUG    | __main__:_tick:497 - [View planning] Took: 0.042 s
2026-03-11 14:50:26.988 | DEBUG    | __main__:_tick:497 - [View planning] Took: 0.036 s
2026-03-11 14:50:27.994 | DEBUG    | __main__:_tick:497 - [View planning] Took: 0.036 s
2026-03-11 14:50:29.002 | DEBUG    | __main__:_tick:497 - [View planning] Took: 0.042 s
2026-03-11 14:50:29.994 | DEBUG    | __main__:_tick:497 - [View planning] Took: 0.042 s
2026-03-11 14:50:30.988 | DEBUG    | __main__:_tick:497 - [View planning] Took: 0.036 s
2026-03-11 14:50:32.002 | DEBUG    | __main__:_tick:497 - [View planning] Took: 0.050 s
2026-03-11 14:50:32.988 | DEBUG    | __main__:_tick:497 - [View planning] Took: 0.036 s
2026-03-11 14:50:33.997 | DEBUG    | __main__:_tick:497 - [View planning] Took: 0.044 s
2026-03-11 14:50:35.001 | DEBUG    | __main__:_tick:497 - [View planning] Took: 0.045 s
2026-03-11 14:50:35.997 | DEBUG    | __main__:_tick:497 - [View planning] Took: 0.041 s
2026-03-11 14:50:36.996 | DEBUG    | __main__:_tick:497 - [View planning] Took: 0.041 s
2026-03-11 14:50:37.997 | DEBUG    | __main__:_tick:497 - [View planning] Took: 0.043 s
2026-03-11 14:50:39.008 | DEBUG    | __main__:_tick:497 - [View planning] Took: 0.043 s
2026-03-11 14:50:39.999 | DEBUG    | __main__:_tick:497 - [View planning] Took: 0.044 s
2026-03-11 14:50:41.001 | DEBUG    | __main__:_tick:497 - [View planning] Took: 0.047 s
2026-03-11 14:50:41.995 | DEBUG    | __main__:_tick:497 - [View planning] Took: 0.041 s
2026-03-11 14:50:43.003 | DEBUG    | __main__:_tick:497 - [View planning] Took: 0.049 s
2026-03-11 14:50:44.011 | DEBUG    | __main__:_tick:497 - [View planning] Took: 0.050 s
2026-03-11 14:50:45.000 | DEBUG    | __main__:_tick:497 - [View planning] Took: 0.047 s
2026-03-11 14:50:46.002 | DEBUG    | __main__:_tick:497 - [View planning] Took: 0.049 s
2026-03-11 14:50:47.000 | DEBUG    | __main__:_tick:497 - [View planning] Took: 0.048 s
2026-03-11 14:50:47.987 | DEBUG    | __main__:_tick:497 - [View planning] Took: 0.036 s
2026-03-11 14:50:48.993 | DEBUG    | __main__:_tick:497 - [View planning] Took: 0.042 s
2026-03-11 14:50:49.995 | DEBUG    | __main__:_tick:497 - [View planning] Took: 0.045 s
2026-03-11 14:50:50.996 | DEBUG    | __main__:_tick:497 - [View planning] Took: 0.046 s
2026-03-11 14:50:52.014 | DEBUG    | __main__:_tick:497 - [View planning] Took: 0.062 s
2026-03-11 14:50:52.995 | DEBUG    | __main__:_tick:497 - [View planning] Took: 0.046 s
2026-03-11 14:50:53.993 | DEBUG    | __main__:_tick:497 - [View planning] Took: 0.044 s
2026-03-11 14:50:54.991 | DEBUG    | __main__:_tick:497 - [View planning] Took: 0.043 s
2026-03-11 14:50:55.983 | DEBUG    | __main__:_tick:497 - [View planning] Took: 0.035 s
2026-03-11 14:50:56.982 | DEBUG    | __main__:_tick:497 - [View planning] Took: 0.034 s
2026-03-11 14:50:57.975 | DEBUG    | __main__:_tick:497 - [View planning] Took: 0.027 s
2026-03-11 14:50:58.979 | DEBUG    | __main__:_tick:497 - [View planning] Took: 0.032 s
2026-03-11 14:50:59.977 | DEBUG    | __main__:_tick:497 - [View planning] Took: 0.024 s
2026-03-11 14:51:00.971 | DEBUG    | __main__:_tick:497 - [View planning] Took: 0.024 s
2026-03-11 14:51:01.975 | DEBUG    | __main__:_tick:497 - [View planning] Took: 0.024 s
2026-03-11 14:51:02.971 | DEBUG    | __main__:_tick:497 - [View planning] Took: 0.024 s
2026-03-11 14:51:03.973 | DEBUG    | __main__:_tick:497 - [View planning] Took: 0.026 s
2026-03-11 14:51:04.971 | DEBUG    | __main__:_tick:497 - [View planning] Took: 0.024 s
2026-03-11 14:51:05.972 | DEBUG    | __main__:_tick:497 - [View planning] Took: 0.024 s
2026-03-11 14:51:06.972 | DEBUG    | __main__:_tick:497 - [View planning] Took: 0.024 s
2026-03-11 14:51:07.973 | DEBUG    | __main__:_tick:497 - [View planning] Took: 0.024 s
2026-03-11 14:51:08.973 | DEBUG    | __main__:_tick:497 - [View planning] Took: 0.024 s
2026-03-11 14:51:09.971 | DEBUG    | __main__:_tick:497 - [View planning] Took: 0.024 s
2026-03-11 14:51:10.971 | DEBUG    | __main__:_tick:497 - [View planning] Took: 0.024 s
2026-03-11 14:51:11.972 | DEBUG    | __main__:_tick:497 - [View planning] Took: 0.025 s
2026-03-11 14:51:12.987 | DEBUG    | __main__:_tick:497 - [View planning] Took: 0.031 s
2026-03-11 14:51:13.972 | DEBUG    | __main__:_tick:497 - [View planning] Took: 0.025 s
2026-03-11 14:51:14.972 | DEBUG    | __main__:_tick:497 - [View planning] Took: 0.025 s
2026-03-11 14:51:15.982 | DEBUG    | __main__:_tick:497 - [View planning] Took: 0.025 s
2026-03-11 14:51:16.972 | DEBUG    | __main__:_tick:497 - [View planning] Took: 0.025 s
2026-03-11 14:51:17.972 | DEBUG    | __main__:_tick:497 - [View planning] Took: 0.025 s
2026-03-11 14:51:18.972 | DEBUG    | __main__:_tick:497 - [View planning] Took: 0.025 s
2026-03-11 14:51:19.979 | DEBUG    | __main__:_tick:497 - [View planning] Took: 0.032 s
2026-03-11 14:51:20.972 | DEBUG    | __main__:_tick:497 - [View planning] Took: 0.025 s
2026-03-11 14:51:21.972 | DEBUG    | __main__:_tick:497 - [View planning] Took: 0.025 s
2026-03-11 14:51:22.973 | DEBUG    | __main__:_tick:497 - [View planning] Took: 0.025 s
2026-03-11 14:51:23.986 | DEBUG    | __main__:_tick:497 - [View planning] Took: 0.039 s
2026-03-11 14:51:24.979 | DEBUG    | __main__:_tick:497 - [View planning] Took: 0.031 s
2026-03-11 14:51:25.988 | DEBUG    | __main__:_tick:497 - [View planning] Took: 0.041 s
2026-03-11 14:51:26.998 | DEBUG    | __main__:_tick:497 - [View planning] Took: 0.045 s
2026-03-11 14:51:27.985 | DEBUG    | __main__:_tick:497 - [View planning] Took: 0.037 s
2026-03-11 14:51:28.989 | DEBUG    | __main__:_tick:497 - [View planning] Took: 0.037 s
2026-03-11 14:51:29.991 | DEBUG    | __main__:_tick:497 - [View planning] Took: 0.042 s
2026-03-11 14:51:30.988 | DEBUG    | __main__:_tick:497 - [View planning] Took: 0.039 s
2026-03-11 14:51:31.977 | DEBUG    | __main__:_tick:497 - [View planning] Took: 0.029 s
2026-03-11 14:51:32.978 | DEBUG    | __main__:_tick:497 - [View planning] Took: 0.028 s
2026-03-11 14:51:33.983 | DEBUG    | __main__:_tick:497 - [View planning] Took: 0.036 s
2026-03-11 14:51:34.978 | DEBUG    | __main__:_tick:497 - [View planning] Took: 0.028 s
2026-03-11 14:51:35.975 | DEBUG    | __main__:_tick:497 - [View planning] Took: 0.027 s
2026-03-11 14:51:36.986 | DEBUG    | __main__:_tick:497 - [View planning] Took: 0.038 s
2026-03-11 14:51:37.981 | DEBUG    | __main__:_tick:497 - [View planning] Took: 0.031 s
2026-03-11 14:51:38.988 | DEBUG    | __main__:_tick:497 - [View planning] Took: 0.040 s
2026-03-11 14:51:39.987 | DEBUG    | __main__:_tick:497 - [View planning] Took: 0.038 s
2026-03-11 14:51:40.990 | DEBUG    | __main__:_tick:497 - [View planning] Took: 0.041 s
2026-03-11 14:51:41.983 | DEBUG    | __main__:_tick:497 - [View planning] Took: 0.033 s
2026-03-11 14:51:42.985 | DEBUG    | __main__:_tick:497 - [View planning] Took: 0.037 s
2026-03-11 14:51:43.986 | DEBUG    | __main__:_tick:497 - [View planning] Took: 0.030 s
2026-03-11 14:51:44.982 | DEBUG    | __main__:_tick:497 - [View planning] Took: 0.035 s
2026-03-11 14:51:45.977 | DEBUG    | __main__:_tick:497 - [View planning] Took: 0.029 s
2026-03-11 14:51:46.982 | DEBUG    | __main__:_tick:497 - [View planning] Took: 0.035 s
2026-03-11 14:51:47.977 | DEBUG    | __main__:_tick:497 - [View planning] Took: 0.029 s
2026-03-11 14:51:48.988 | DEBUG    | __main__:_tick:497 - [View planning] Took: 0.036 s
2026-03-11 14:51:49.978 | DEBUG    | __main__:_tick:497 - [View planning] Took: 0.030 s
2026-03-11 14:51:50.982 | DEBUG    | __main__:_tick:497 - [View planning] Took: 0.035 s
2026-03-11 14:51:51.978 | DEBUG    | __main__:_tick:497 - [View planning] Took: 0.031 s
2026-03-11 14:51:52.982 | DEBUG    | __main__:_tick:497 - [View planning] Took: 0.035 s
2026-03-11 14:51:53.972 | DEBUG    | __main__:_tick:497 - [View planning] Took: 0.026 s
2026-03-11 14:51:54.985 | DEBUG    | __main__:_tick:497 - [View planning] Took: 0.038 s
2026-03-11 14:51:55.976 | DEBUG    | __main__:_tick:497 - [View planning] Took: 0.029 s
2026-03-11 14:51:56.982 | DEBUG    | __main__:_tick:497 - [View planning] Took: 0.035 s
2026-03-11 14:51:57.973 | DEBUG    | __main__:_tick:497 - [View planning] Took: 0.026 s
2026-03-11 14:51:58.978 | DEBUG    | __main__:_tick:497 - [View planning] Took: 0.032 s
2026-03-11 14:51:59.971 | DEBUG    | __main__:_tick:497 - [View planning] Took: 0.025 s
2026-03-11 14:52:00.968 | DEBUG    | __main__:_tick:497 - [View planning] Took: 0.023 s
2026-03-11 14:52:01.969 | DEBUG    | __main__:_tick:497 - [View planning] Took: 0.023 s
2026-03-11 14:52:02.977 | DEBUG    | __main__:_tick:497 - [View planning] Took: 0.032 s
2026-03-11 14:52:03.968 | DEBUG    | __main__:_tick:497 - [View planning] Took: 0.023 s
2026-03-11 14:52:04.969 | DEBUG    | __main__:_tick:497 - [View planning] Took: 0.023 s
2026-03-11 14:52:05.971 | DEBUG    | __main__:_tick:497 - [View planning] Took: 0.023 s
2026-03-11 14:52:06.970 | DEBUG    | __main__:_tick:497 - [View planning] Took: 0.023 s
2026-03-11 14:52:07.969 | DEBUG    | __main__:_tick:497 - [View planning] Took: 0.022 s
2026-03-11 14:52:08.971 | DEBUG    | __main__:_tick:497 - [View planning] Took: 0.024 s
2026-03-11 14:52:09.971 | DEBUG    | __main__:_tick:497 - [View planning] Took: 0.024 s
2026-03-11 14:52:10.972 | DEBUG    | __main__:_tick:497 - [View planning] Took: 0.024 s
2026-03-11 14:52:11.972 | DEBUG    | __main__:_tick:497 - [View planning] Took: 0.025 s
2026-03-11 14:52:12.980 | DEBUG    | __main__:_tick:497 - [View planning] Took: 0.032 s
2026-03-11 14:52:13.974 | DEBUG    | __main__:_tick:497 - [View planning] Took: 0.027 s
2026-03-11 14:52:14.974 | DEBUG    | __main__:_tick:497 - [View planning] Took: 0.027 s
2026-03-11 14:52:15.995 | DEBUG    | __main__:_tick:497 - [View planning] Took: 0.047 s
2026-03-11 14:52:16.972 | DEBUG    | __main__:_tick:497 - [View planning] Took: 0.024 s
2026-03-11 14:52:17.980 | DEBUG    | __main__:_tick:497 - [View planning] Took: 0.025 s
2026-03-11 14:52:19.007 | DEBUG    | __main__:_tick:497 - [View planning] Took: 0.060 s
2026-03-11 14:52:19.992 | DEBUG    | __main__:_tick:497 - [View planning] Took: 0.045 s
2026-03-11 14:52:20.994 | DEBUG    | __main__:_tick:497 - [View planning] Took: 0.045 s
2026-03-11 14:52:21.996 | DEBUG    | __main__:_tick:497 - [View planning] Took: 0.047 s
2026-03-11 14:52:22.998 | DEBUG    | __main__:_tick:497 - [View planning] Took: 0.050 s
2026-03-11 14:52:23.994 | DEBUG    | __main__:_tick:497 - [View planning] Took: 0.045 s
2026-03-11 14:52:25.009 | DEBUG    | __main__:_tick:497 - [View planning] Took: 0.047 s
2026-03-11 14:52:25.999 | DEBUG    | __main__:_tick:497 - [View planning] Took: 0.047 s
2026-03-11 14:52:26.999 | DEBUG    | __main__:_tick:497 - [View planning] Took: 0.047 s
2026-03-11 14:52:28.005 | DEBUG    | __main__:_tick:497 - [View planning] Took: 0.043 s
2026-03-11 14:52:28.994 | DEBUG    | __main__:_tick:497 - [View planning] Took: 0.040 s
2026-03-11 14:52:29.992 | DEBUG    | __main__:_tick:497 - [View planning] Took: 0.038 s
2026-03-11 14:52:31.002 | DEBUG    | __main__:_tick:497 - [View planning] Took: 0.048 s
2026-03-11 14:52:32.000 | DEBUG    | __main__:_tick:497 - [View planning] Took: 0.046 s
2026-03-11 14:52:32.999 | DEBUG    | __main__:_tick:497 - [View planning] Took: 0.045 s
2026-03-11 14:52:33.995 | DEBUG    | __main__:_tick:497 - [View planning] Took: 0.041 s
2026-03-11 14:52:34.994 | DEBUG    | __main__:_tick:497 - [View planning] Took: 0.040 s
2026-03-11 14:52:36.000 | DEBUG    | __main__:_tick:497 - [View planning] Took: 0.047 s
2026-03-11 14:52:37.004 | DEBUG    | __main__:_tick:497 - [View planning] Took: 0.045 s
2026-03-11 14:52:37.997 | DEBUG    | __main__:_tick:497 - [View planning] Took: 0.044 s
2026-03-11 14:52:38.982 | DEBUG    | __main__:_tick:497 - [View planning] Took: 0.031 s
2026-03-11 14:52:39.991 | DEBUG    | __main__:_tick:497 - [View planning] Took: 0.040 s
2026-03-11 14:52:40.983 | DEBUG    | __main__:_tick:497 - [View planning] Took: 0.033 s
2026-03-11 14:52:41.990 | DEBUG    | __main__:_tick:497 - [View planning] Took: 0.039 s
2026-03-11 14:52:42.994 | DEBUG    | __main__:_tick:497 - [View planning] Took: 0.039 s
2026-03-11 14:52:44.000 | DEBUG    | __main__:_tick:497 - [View planning] Took: 0.047 s
2026-03-11 14:52:45.002 | DEBUG    | __main__:_tick:497 - [View planning] Took: 0.049 s
2026-03-11 14:52:46.003 | DEBUG    | __main__:_tick:497 - [View planning] Took: 0.049 s
2026-03-11 14:52:47.021 | DEBUG    | __main__:_tick:497 - [View planning] Took: 0.068 s
2026-03-11 14:52:47.998 | DEBUG    | __main__:_tick:497 - [View planning] Took: 0.047 s
2026-03-11 14:52:49.001 | DEBUG    | __main__:_tick:497 - [View planning] Took: 0.042 s
2026-03-11 14:52:49.994 | DEBUG    | __main__:_tick:497 - [View planning] Took: 0.042 s
2026-03-11 14:52:51.005 | DEBUG    | __main__:_tick:497 - [View planning] Took: 0.054 s
2026-03-11 14:52:51.994 | DEBUG    | __main__:_tick:497 - [View planning] Took: 0.043 s
2026-03-11 14:52:52.985 | DEBUG    | __main__:_tick:497 - [View planning] Took: 0.034 s
2026-03-11 14:52:53.992 | DEBUG    | __main__:_tick:497 - [View planning] Took: 0.041 s
2026-03-11 14:52:54.983 | DEBUG    | __main__:_tick:497 - [View planning] Took: 0.032 s
2026-03-11 14:52:55.980 | DEBUG    | __main__:_tick:497 - [View planning] Took: 0.030 s
2026-03-11 14:52:56.979 | DEBUG    | __main__:_tick:497 - [View planning] Took: 0.029 s
2026-03-11 14:52:57.984 | DEBUG    | __main__:_tick:497 - [View planning] Took: 0.029 s
2026-03-11 14:52:58.978 | DEBUG    | __main__:_tick:497 - [View planning] Took: 0.029 s
2026-03-11 14:52:59.984 | DEBUG    | __main__:_tick:497 - [View planning] Took: 0.036 s
2026-03-11 14:53:00.979 | DEBUG    | __main__:_tick:497 - [View planning] Took: 0.031 s
2026-03-11 14:53:01.991 | DEBUG    | __main__:_tick:497 - [View planning] Took: 0.038 s
2026-03-11 14:53:02.976 | DEBUG    | __main__:_tick:497 - [View planning] Took: 0.028 s
2026-03-11 14:53:03.991 | DEBUG    | __main__:_tick:497 - [View planning] Took: 0.033 s
2026-03-11 14:53:04.983 | DEBUG    | __main__:_tick:497 - [View planning] Took: 0.027 s
2026-03-11 14:53:05.979 | DEBUG    | __main__:_tick:497 - [View planning] Took: 0.032 s
2026-03-11 14:53:06.972 | DEBUG    | __main__:_tick:497 - [View planning] Took: 0.024 s
2026-03-11 14:53:07.970 | DEBUG    | __main__:_tick:497 - [View planning] Took: 0.023 s
2026-03-11 14:53:08.970 | DEBUG    | __main__:_tick:497 - [View planning] Took: 0.023 s
2026-03-11 14:53:09.971 | DEBUG    | __main__:_tick:497 - [View planning] Took: 0.023 s
2026-03-11 14:53:10.970 | DEBUG    | __main__:_tick:497 - [View planning] Took: 0.023 s
2026-03-11 14:53:11.971 | DEBUG    | __main__:_tick:497 - [View planning] Took: 0.023 s
2026-03-11 14:53:12.976 | DEBUG    | __main__:_tick:497 - [View planning] Took: 0.024 s
2026-03-11 14:53:13.970 | DEBUG    | __main__:_tick:497 - [View planning] Took: 0.023 s
2026-03-11 14:53:14.970 | DEBUG    | __main__:_tick:497 - [View planning] Took: 0.023 s
2026-03-11 14:53:15.970 | DEBUG    | __main__:_tick:497 - [View planning] Took: 0.023 s
2026-03-11 14:53:16.969 | DEBUG    | __main__:_tick:497 - [View planning] Took: 0.022 s
2026-03-11 14:53:17.968 | DEBUG    | __main__:_tick:497 - [View planning] Took: 0.022 s
2026-03-11 14:53:18.966 | DEBUG    | __main__:_tick:497 - [View planning] Took: 0.021 s
2026-03-11 14:53:19.972 | DEBUG    | __main__:_tick:497 - [View planning] Took: 0.027 s
2026-03-11 14:53:20.965 | DEBUG    | __main__:_tick:497 - [View planning] Took: 0.021 s
2026-03-11 14:53:21.966 | DEBUG    | __main__:_tick:497 - [View planning] Took: 0.022 s
2026-03-11 14:53:22.968 | DEBUG    | __main__:_tick:497 - [View planning] Took: 0.023 s
2026-03-11 14:53:23.967 | DEBUG    | __main__:_tick:497 - [View planning] Took: 0.022 s
2026-03-11 14:53:24.978 | DEBUG    | __main__:_tick:497 - [View planning] Took: 0.025 s
2026-03-11 14:53:25.974 | DEBUG    | __main__:_tick:497 - [View planning] Took: 0.027 s
2026-03-11 14:53:26.980 | DEBUG    | __main__:_tick:497 - [View planning] Took: 0.034 s
2026-03-11 14:53:27.970 | DEBUG    | __main__:_tick:497 - [View planning] Took: 0.025 s
2026-03-11 14:53:28.969 | DEBUG    | __main__:_tick:497 - [View planning] Took: 0.023 s
2026-03-11 14:53:29.972 | DEBUG    | __main__:_tick:497 - [View planning] Took: 0.022 s
2026-03-11 14:53:30.965 | DEBUG    | __main__:_tick:497 - [View planning] Took: 0.021 s
2026-03-11 14:53:31.965 | DEBUG    | __main__:_tick:497 - [View planning] Took: 0.021 s
2026-03-11 14:53:32.965 | DEBUG    | __main__:_tick:497 - [View planning] Took: 0.021 s
2026-03-11 14:53:33.968 | DEBUG    | __main__:_tick:497 - [View planning] Took: 0.023 s
2026-03-11 14:53:34.968 | DEBUG    | __main__:_tick:497 - [View planning] Took: 0.023 s
2026-03-11 14:53:35.969 | DEBUG    | __main__:_tick:497 - [View planning] Took: 0.023 s
2026-03-11 14:53:36.987 | DEBUG    | __main__:_tick:497 - [View planning] Took: 0.034 s
2026-03-11 14:53:37.974 | DEBUG    | __main__:_tick:497 - [View planning] Took: 0.028 s
2026-03-11 14:53:38.967 | DEBUG    | __main__:_tick:497 - [View planning] Took: 0.022 s
2026-03-11 14:53:39.975 | DEBUG    | __main__:_tick:497 - [View planning] Took: 0.029 s
2026-03-11 14:53:40.968 | DEBUG    | __main__:_tick:497 - [View planning] Took: 0.022 s
2026-03-11 14:53:41.968 | DEBUG    | __main__:_tick:497 - [View planning] Took: 0.022 s
2026-03-11 14:53:42.968 | DEBUG    | __main__:_tick:497 - [View planning] Took: 0.022 s
2026-03-11 14:53:43.968 | DEBUG    | __main__:_tick:497 - [View planning] Took: 0.023 s
2026-03-11 14:53:44.967 | DEBUG    | __main__:_tick:497 - [View planning] Took: 0.021 s
2026-03-11 14:53:45.978 | DEBUG    | __main__:_tick:497 - [View planning] Took: 0.033 s
2026-03-11 14:53:46.971 | DEBUG    | __main__:_tick:497 - [View planning] Took: 0.023 s
2026-03-11 14:53:47.971 | DEBUG    | __main__:_tick:497 - [View planning] Took: 0.025 s
2026-03-11 14:53:48.969 | DEBUG    | __main__:_tick:497 - [View planning] Took: 0.024 s
2026-03-11 14:53:49.980 | DEBUG    | __main__:_tick:497 - [View planning] Took: 0.031 s
2026-03-11 14:53:50.981 | DEBUG    | __main__:_tick:497 - [View planning] Took: 0.027 s
2026-03-11 14:53:51.969 | DEBUG    | __main__:_tick:497 - [View planning] Took: 0.024 s
2026-03-11 14:53:52.967 | DEBUG    | __main__:_tick:497 - [View planning] Took: 0.022 s
2026-03-11 14:53:53.967 | DEBUG    | __main__:_tick:497 - [View planning] Took: 0.021 s
2026-03-11 14:53:54.967 | DEBUG    | __main__:_tick:497 - [View planning] Took: 0.022 s
2026-03-11 14:53:55.969 | DEBUG    | __main__:_tick:497 - [View planning] Took: 0.023 s
2026-03-11 14:53:56.971 | DEBUG    | __main__:_tick:497 - [View planning] Took: 0.023 s
2026-03-11 14:53:57.983 | DEBUG    | __main__:_tick:497 - [View planning] Took: 0.030 s
2026-03-11 14:53:58.969 | DEBUG    | __main__:_tick:497 - [View planning] Took: 0.023 s
2026-03-11 14:53:59.969 | DEBUG    | __main__:_tick:497 - [View planning] Took: 0.024 s
2026-03-11 14:54:00.985 | DEBUG    | __main__:_tick:497 - [View planning] Took: 0.040 s
2026-03-11 14:54:01.972 | DEBUG    | __main__:_tick:497 - [View planning] Took: 0.026 s
2026-03-11 14:54:02.970 | DEBUG    | __main__:_tick:497 - [View planning] Took: 0.024 s
2026-03-11 14:54:03.973 | DEBUG    | __main__:_tick:497 - [View planning] Took: 0.027 s
2026-03-11 14:54:04.977 | DEBUG    | __main__:_tick:497 - [View planning] Took: 0.027 s
2026-03-11 14:54:05.976 | DEBUG    | __main__:_tick:497 - [View planning] Took: 0.027 s
2026-03-11 14:54:06.977 | DEBUG    | __main__:_tick:497 - [View planning] Took: 0.029 s
2026-03-11 14:54:07.975 | DEBUG    | __main__:_tick:497 - [View planning] Took: 0.027 s
2026-03-11 14:54:08.979 | DEBUG    | __main__:_tick:497 - [View planning] Took: 0.030 s
2026-03-11 14:54:09.976 | DEBUG    | __main__:_tick:497 - [View planning] Took: 0.028 s
2026-03-11 14:54:10.974 | DEBUG    | __main__:_tick:497 - [View planning] Took: 0.026 s
2026-03-11 14:54:11.985 | DEBUG    | __main__:_tick:497 - [View planning] Took: 0.028 s
2026-03-11 14:54:12.986 | DEBUG    | __main__:_tick:497 - [View planning] Took: 0.036 s
2026-03-11 14:54:13.977 | DEBUG    | __main__:_tick:497 - [View planning] Took: 0.028 s
2026-03-11 14:54:14.984 | DEBUG    | __main__:_tick:497 - [View planning] Took: 0.036 s
2026-03-11 14:54:15.975 | DEBUG    | __main__:_tick:497 - [View planning] Took: 0.029 s
2026-03-11 14:54:16.981 | DEBUG    | __main__:_tick:497 - [View planning] Took: 0.026 s
2026-03-11 14:54:17.981 | DEBUG    | __main__:_tick:497 - [View planning] Took: 0.028 s
2026-03-11 14:54:18.977 | DEBUG    | __main__:_tick:497 - [View planning] Took: 0.030 s
2026-03-11 14:54:19.991 | DEBUG    | __main__:_tick:497 - [View planning] Took: 0.040 s
2026-03-11 14:54:20.988 | DEBUG    | __main__:_tick:497 - [View planning] Took: 0.037 s
2026-03-11 14:54:21.986 | DEBUG    | __main__:_tick:497 - [View planning] Took: 0.030 s
2026-03-11 14:54:22.993 | DEBUG    | __main__:_tick:497 - [View planning] Took: 0.038 s
2026-03-11 14:54:23.976 | DEBUG    | __main__:_tick:497 - [View planning] Took: 0.028 s
2026-03-11 14:54:24.977 | DEBUG    | __main__:_tick:497 - [View planning] Took: 0.029 s
2026-03-11 14:54:25.983 | DEBUG    | __main__:_tick:497 - [View planning] Took: 0.035 s
2026-03-11 14:54:26.978 | DEBUG    | __main__:_tick:497 - [View planning] Took: 0.029 s
2026-03-11 14:54:27.985 | DEBUG    | __main__:_tick:497 - [View planning] Took: 0.037 s
2026-03-11 14:54:28.979 | DEBUG    | __main__:_tick:497 - [View planning] Took: 0.031 s
2026-03-11 14:54:29.989 | DEBUG    | __main__:_tick:497 - [View planning] Took: 0.039 s
2026-03-11 14:54:30.990 | DEBUG    | __main__:_tick:497 - [View planning] Took: 0.039 s
2026-03-11 14:54:31.988 | DEBUG    | __main__:_tick:497 - [View planning] Took: 0.038 s
2026-03-11 14:54:32.988 | DEBUG    | __main__:_tick:497 - [View planning] Took: 0.038 s
2026-03-11 14:54:33.987 | DEBUG    | __main__:_tick:497 - [View planning] Took: 0.033 s
2026-03-11 14:54:34.994 | DEBUG    | __main__:_tick:497 - [View planning] Took: 0.041 s
2026-03-11 14:54:35.986 | DEBUG    | __main__:_tick:497 - [View planning] Took: 0.035 s
2026-03-11 14:54:36.994 | DEBUG    | __main__:_tick:497 - [View planning] Took: 0.035 s
2026-03-11 14:54:37.994 | DEBUG    | __main__:_tick:497 - [View planning] Took: 0.043 s
2026-03-11 14:54:38.990 | DEBUG    | __main__:_tick:497 - [View planning] Took: 0.037 s
2026-03-11 14:54:40.017 | DEBUG    | __main__:_tick:497 - [View planning] Took: 0.059 s
2026-03-11 14:54:41.014 | DEBUG    | __main__:_tick:497 - [View planning] Took: 0.062 s
2026-03-11 14:54:42.007 | DEBUG    | __main__:_tick:497 - [View planning] Took: 0.048 s
2026-03-11 14:54:43.002 | DEBUG    | __main__:_tick:497 - [View planning] Took: 0.049 s
2026-03-11 14:54:44.006 | DEBUG    | __main__:_tick:497 - [View planning] Took: 0.053 s
2026-03-11 14:54:45.001 | DEBUG    | __main__:_tick:497 - [View planning] Took: 0.047 s
2026-03-11 14:54:46.000 | DEBUG    | __main__:_tick:497 - [View planning] Took: 0.046 s
2026-03-11 14:54:46.999 | DEBUG    | __main__:_tick:497 - [View planning] Took: 0.045 s
2026-03-11 14:54:47.989 | DEBUG    | __main__:_tick:497 - [View planning] Took: 0.037 s
2026-03-11 14:54:48.986 | DEBUG    | __main__:_tick:497 - [View planning] Took: 0.035 s
2026-03-11 14:54:49.988 | DEBUG    | __main__:_tick:497 - [View planning] Took: 0.034 s
2026-03-11 14:54:50.989 | DEBUG    | __main__:_tick:497 - [View planning] Took: 0.039 s
2026-03-11 14:54:51.982 | DEBUG    | __main__:_tick:497 - [View planning] Took: 0.032 s
2026-03-11 14:54:52.991 | DEBUG    | __main__:_tick:497 - [View planning] Took: 0.041 s
2026-03-11 14:54:53.999 | DEBUG    | __main__:_tick:497 - [View planning] Took: 0.046 s
2026-03-11 14:54:54.990 | DEBUG    | __main__:_tick:497 - [View planning] Took: 0.039 s
2026-03-11 14:54:55.997 | DEBUG    | __main__:_tick:497 - [View planning] Took: 0.044 s
2026-03-11 14:54:57.000 | DEBUG    | __main__:_tick:497 - [View planning] Took: 0.047 s
2026-03-11 14:54:58.000 | DEBUG    | __main__:_tick:497 - [View planning] Took: 0.047 s
2026-03-11 14:54:59.001 | DEBUG    | __main__:_tick:497 - [View planning] Took: 0.040 s
2026-03-11 14:55:00.002 | DEBUG    | __main__:_tick:497 - [View planning] Took: 0.037 s
2026-03-11 14:55:00.997 | DEBUG    | __main__:_tick:497 - [View planning] Took: 0.043 s
2026-03-11 14:55:01.998 | DEBUG    | __main__:_tick:497 - [View planning] Took: 0.038 s
2026-03-11 14:55:02.987 | DEBUG    | __main__:_tick:497 - [View planning] Took: 0.034 s
2026-03-11 14:55:03.989 | DEBUG    | __main__:_tick:497 - [View planning] Took: 0.032 s
2026-03-11 14:55:04.989 | DEBUG    | __main__:_tick:497 - [View planning] Took: 0.036 s
2026-03-11 14:55:05.987 | DEBUG    | __main__:_tick:497 - [View planning] Took: 0.035 s
2026-03-11 14:55:06.999 | DEBUG    | __main__:_tick:497 - [View planning] Took: 0.045 s
2026-03-11 14:55:08.010 | DEBUG    | __main__:_tick:497 - [View planning] Took: 0.045 s
2026-03-11 14:55:09.002 | DEBUG    | __main__:_tick:497 - [View planning] Took: 0.046 s
2026-03-11 14:55:09.992 | DEBUG    | __main__:_tick:497 - [View planning] Took: 0.039 s
2026-03-11 14:55:10.995 | DEBUG    | __main__:_tick:497 - [View planning] Took: 0.041 s
2026-03-11 14:55:12.007 | DEBUG    | __main__:_tick:497 - [View planning] Took: 0.043 s
2026-03-11 14:55:13.006 | DEBUG    | __main__:_tick:497 - [View planning] Took: 0.053 s
2026-03-11 14:55:13.992 | DEBUG    | __main__:_tick:497 - [View planning] Took: 0.040 s
2026-03-11 14:55:15.000 | DEBUG    | __main__:_tick:497 - [View planning] Took: 0.048 s
2026-03-11 14:55:16.000 | DEBUG    | __main__:_tick:497 - [View planning] Took: 0.048 s
2026-03-11 14:55:16.981 | DEBUG    | __main__:_tick:497 - [View planning] Took: 0.030 s
2026-03-11 14:55:17.982 | DEBUG    | __main__:_tick:497 - [View planning] Took: 0.030 s
2026-03-11 14:55:18.986 | DEBUG    | __main__:_tick:497 - [View planning] Took: 0.035 s
2026-03-11 14:55:19.998 | DEBUG    | __main__:_tick:497 - [View planning] Took: 0.046 s
2026-03-11 14:55:20.998 | DEBUG    | __main__:_tick:497 - [View planning] Took: 0.045 s
2026-03-11 14:55:21.993 | DEBUG    | __main__:_tick:497 - [View planning] Took: 0.039 s
2026-03-11 14:55:22.999 | DEBUG    | __main__:_tick:497 - [View planning] Took: 0.046 s
2026-03-11 14:55:23.996 | DEBUG    | __main__:_tick:497 - [View planning] Took: 0.043 s
2026-03-11 14:55:24.990 | DEBUG    | __main__:_tick:497 - [View planning] Took: 0.036 s
2026-03-11 14:55:25.993 | DEBUG    | __main__:_tick:497 - [View planning] Took: 0.040 s
2026-03-11 14:55:26.995 | DEBUG    | __main__:_tick:497 - [View planning] Took: 0.041 s
2026-03-11 14:55:27.999 | DEBUG    | __main__:_tick:497 - [View planning] Took: 0.038 s
2026-03-11 14:55:28.989 | DEBUG    | __main__:_tick:497 - [View planning] Took: 0.036 s
2026-03-11 14:55:29.997 | DEBUG    | __main__:_tick:497 - [View planning] Took: 0.038 s
2026-03-11 14:55:31.000 | DEBUG    | __main__:_tick:497 - [View planning] Took: 0.047 s
2026-03-11 14:55:31.992 | DEBUG    | __main__:_tick:497 - [View planning] Took: 0.038 s
2026-03-11 14:55:32.999 | DEBUG    | __main__:_tick:497 - [View planning] Took: 0.038 s
2026-03-11 14:55:33.995 | DEBUG    | __main__:_tick:497 - [View planning] Took: 0.042 s
2026-03-11 14:55:34.993 | DEBUG    | __main__:_tick:497 - [View planning] Took: 0.039 s
2026-03-11 14:55:35.999 | DEBUG    | __main__:_tick:497 - [View planning] Took: 0.046 s
2026-03-11 14:55:37.001 | DEBUG    | __main__:_tick:497 - [View planning] Took: 0.047 s
2026-03-11 14:55:37.999 | DEBUG    | __main__:_tick:497 - [View planning] Took: 0.046 s
2026-03-11 14:55:38.993 | DEBUG    | __main__:_tick:497 - [View planning] Took: 0.039 s
2026-03-11 14:55:39.994 | DEBUG    | __main__:_tick:497 - [View planning] Took: 0.041 s
2026-03-11 14:55:41.002 | DEBUG    | __main__:_tick:497 - [View planning] Took: 0.047 s
2026-03-11 14:55:42.001 | DEBUG    | __main__:_tick:497 - [View planning] Took: 0.046 s
2026-03-11 14:55:42.999 | DEBUG    | __main__:_tick:497 - [View planning] Took: 0.045 s
2026-03-11 14:55:43.993 | DEBUG    | __main__:_tick:497 - [View planning] Took: 0.039 s
2026-03-11 14:55:44.993 | DEBUG    | __main__:_tick:497 - [View planning] Took: 0.039 s
2026-03-11 14:55:46.000 | DEBUG    | __main__:_tick:497 - [View planning] Took: 0.046 s
2026-03-11 14:55:47.000 | DEBUG    | __main__:_tick:497 - [View planning] Took: 0.047 s
2026-03-11 14:55:48.000 | DEBUG    | __main__:_tick:497 - [View planning] Took: 0.046 s
2026-03-11 14:55:48.999 | DEBUG    | __main__:_tick:497 - [View planning] Took: 0.039 s
2026-03-11 14:55:49.999 | DEBUG    | __main__:_tick:497 - [View planning] Took: 0.039 s
2026-03-11 14:55:50.999 | DEBUG    | __main__:_tick:497 - [View planning] Took: 0.045 s
2026-03-11 14:55:51.999 | DEBUG    | __main__:_tick:497 - [View planning] Took: 0.045 s
2026-03-11 14:55:52.994 | DEBUG    | __main__:_tick:497 - [View planning] Took: 0.040 s
2026-03-11 14:55:53.992 | DEBUG    | __main__:_tick:497 - [View planning] Took: 0.039 s
2026-03-11 14:55:54.999 | DEBUG    | __main__:_tick:497 - [View planning] Took: 0.045 s
2026-03-11 14:55:55.999 | DEBUG    | __main__:_tick:497 - [View planning] Took: 0.046 s
2026-03-11 14:55:56.999 | DEBUG    | __main__:_tick:497 - [View planning] Took: 0.045 s
2026-03-11 14:55:57.993 | DEBUG    | __main__:_tick:497 - [View planning] Took: 0.039 s
2026-03-11 14:55:58.992 | DEBUG    | __main__:_tick:497 - [View planning] Took: 0.039 s
2026-03-11 14:56:00.000 | DEBUG    | __main__:_tick:497 - [View planning] Took: 0.046 s
2026-03-11 14:56:00.999 | DEBUG    | __main__:_tick:497 - [View planning] Took: 0.045 s
2026-03-11 14:56:01.999 | DEBUG    | __main__:_tick:497 - [View planning] Took: 0.045 s
2026-03-11 14:56:02.994 | DEBUG    | __main__:_tick:497 - [View planning] Took: 0.041 s
2026-03-11 14:56:03.999 | DEBUG    | __main__:_tick:497 - [View planning] Took: 0.039 s
2026-03-11 14:56:04.999 | DEBUG    | __main__:_tick:497 - [View planning] Took: 0.046 s
2026-03-11 14:56:06.000 | DEBUG    | __main__:_tick:497 - [View planning] Took: 0.046 s
2026-03-11 14:56:06.998 | DEBUG    | __main__:_tick:497 - [View planning] Took: 0.040 s
2026-03-11 14:56:07.993 | DEBUG    | __main__:_tick:497 - [View planning] Took: 0.039 s
2026-03-11 14:56:08.999 | DEBUG    | __main__:_tick:497 - [View planning] Took: 0.045 s
2026-03-11 14:56:10.000 | DEBUG    | __main__:_tick:497 - [View planning] Took: 0.046 s
2026-03-11 14:56:10.999 | DEBUG    | __main__:_tick:497 - [View planning] Took: 0.045 s
2026-03-11 14:56:11.993 | DEBUG    | __main__:_tick:497 - [View planning] Took: 0.039 s
2026-03-11 14:56:12.992 | DEBUG    | __main__:_tick:497 - [View planning] Took: 0.039 s
2026-03-11 14:56:13.999 | DEBUG    | __main__:_tick:497 - [View planning] Took: 0.045 s
2026-03-11 14:56:14.999 | DEBUG    | __main__:_tick:497 - [View planning] Took: 0.046 s
2026-03-11 14:56:16.001 | DEBUG    | __main__:_tick:497 - [View planning] Took: 0.047 s
2026-03-11 14:56:16.992 | DEBUG    | __main__:_tick:497 - [View planning] Took: 0.039 s
2026-03-11 14:56:18.000 | DEBUG    | __main__:_tick:497 - [View planning] Took: 0.039 s
2026-03-11 14:56:18.999 | DEBUG    | __main__:_tick:497 - [View planning] Took: 0.045 s
2026-03-11 14:56:20.004 | DEBUG    | __main__:_tick:497 - [View planning] Took: 0.046 s
2026-03-11 14:56:20.993 | DEBUG    | __main__:_tick:497 - [View planning] Took: 0.039 s
2026-03-11 14:56:21.993 | DEBUG    | __main__:_tick:497 - [View planning] Took: 0.039 s
2026-03-11 14:56:22.999 | DEBUG    | __main__:_tick:497 - [View planning] Took: 0.045 s
2026-03-11 14:56:24.000 | DEBUG    | __main__:_tick:497 - [View planning] Took: 0.047 s
2026-03-11 14:56:25.006 | DEBUG    | __main__:_tick:497 - [View planning] Took: 0.045 s
2026-03-11 14:56:25.996 | DEBUG    | __main__:_tick:497 - [View planning] Took: 0.043 s
2026-03-11 14:56:26.994 | DEBUG    | __main__:_tick:497 - [View planning] Took: 0.039 s
2026-03-11 14:56:28.002 | DEBUG    | __main__:_tick:497 - [View planning] Took: 0.048 s
2026-03-11 14:56:28.999 | DEBUG    | __main__:_tick:497 - [View planning] Took: 0.046 s
2026-03-11 14:56:30.002 | DEBUG    | __main__:_tick:497 - [View planning] Took: 0.046 s
2026-03-11 14:56:30.994 | DEBUG    | __main__:_tick:497 - [View planning] Took: 0.040 s
2026-03-11 14:56:32.000 | DEBUG    | __main__:_tick:497 - [View planning] Took: 0.039 s
2026-03-11 14:56:32.999 | DEBUG    | __main__:_tick:497 - [View planning] Took: 0.046 s
2026-03-11 14:56:34.002 | DEBUG    | __main__:_tick:497 - [View planning] Took: 0.046 s
2026-03-11 14:56:34.993 | DEBUG    | __main__:_tick:497 - [View planning] Took: 0.039 s
2026-03-11 14:56:35.993 | DEBUG    | __main__:_tick:497 - [View planning] Took: 0.039 s
2026-03-11 14:56:37.001 | DEBUG    | __main__:_tick:497 - [View planning] Took: 0.045 s
2026-03-11 14:56:38.000 | DEBUG    | __main__:_tick:497 - [View planning] Took: 0.046 s
2026-03-11 14:56:38.999 | DEBUG    | __main__:_tick:497 - [View planning] Took: 0.046 s
2026-03-11 14:56:39.993 | DEBUG    | __main__:_tick:497 - [View planning] Took: 0.039 s
2026-03-11 14:56:41.000 | DEBUG    | __main__:_tick:497 - [View planning] Took: 0.039 s
2026-03-11 14:56:42.001 | DEBUG    | __main__:_tick:497 - [View planning] Took: 0.045 s
2026-03-11 14:56:43.007 | DEBUG    | __main__:_tick:497 - [View planning] Took: 0.046 s
2026-03-11 14:56:44.000 | DEBUG    | __main__:_tick:497 - [View planning] Took: 0.046 s
2026-03-11 14:56:44.993 | DEBUG    | __main__:_tick:497 - [View planning] Took: 0.039 s
2026-03-11 14:56:46.000 | DEBUG    | __main__:_tick:497 - [View planning] Took: 0.040 s
2026-03-11 14:56:47.000 | DEBUG    | __main__:_tick:497 - [View planning] Took: 0.045 s
2026-03-11 14:56:48.004 | DEBUG    | __main__:_tick:497 - [View planning] Took: 0.046 s
2026-03-11 14:56:48.994 | DEBUG    | __main__:_tick:497 - [View planning] Took: 0.040 s
2026-03-11 14:56:49.994 | DEBUG    | __main__:_tick:497 - [View planning] Took: 0.040 s
2026-03-11 14:56:51.000 | DEBUG    | __main__:_tick:497 - [View planning] Took: 0.046 s
2026-03-11 14:56:52.001 | DEBUG    | __main__:_tick:497 - [View planning] Took: 0.047 s
2026-03-11 14:56:53.000 | DEBUG    | __main__:_tick:497 - [View planning] Took: 0.046 s
2026-03-11 14:56:53.994 | DEBUG    | __main__:_tick:497 - [View planning] Took: 0.039 s
2026-03-11 14:56:54.994 | DEBUG    | __main__:_tick:497 - [View planning] Took: 0.040 s
2026-03-11 14:56:56.002 | DEBUG    | __main__:_tick:497 - [View planning] Took: 0.046 s
2026-03-11 14:56:56.999 | DEBUG    | __main__:_tick:497 - [View planning] Took: 0.046 s
2026-03-11 14:56:58.000 | DEBUG    | __main__:_tick:497 - [View planning] Took: 0.046 s
2026-03-11 14:56:58.993 | DEBUG    | __main__:_tick:497 - [View planning] Took: 0.040 s
2026-03-11 14:57:00.001 | DEBUG    | __main__:_tick:497 - [View planning] Took: 0.040 s
2026-03-11 14:57:00.999 | DEBUG    | __main__:_tick:497 - [View planning] Took: 0.046 s
2026-03-11 14:57:01.999 | DEBUG    | __main__:_tick:497 - [View planning] Took: 0.045 s
2026-03-11 14:57:02.993 | DEBUG    | __main__:_tick:497 - [View planning] Took: 0.039 s
2026-03-11 14:57:03.994 | DEBUG    | __main__:_tick:497 - [View planning] Took: 0.040 s
2026-03-11 14:57:05.001 | DEBUG    | __main__:_tick:497 - [View planning] Took: 0.047 s
2026-03-11 14:57:06.000 | DEBUG    | __main__:_tick:497 - [View planning] Took: 0.046 s
2026-03-11 14:57:06.999 | DEBUG    | __main__:_tick:497 - [View planning] Took: 0.045 s
2026-03-11 14:57:07.994 | DEBUG    | __main__:_tick:497 - [View planning] Took: 0.040 s
2026-03-11 14:57:08.994 | DEBUG    | __main__:_tick:497 - [View planning] Took: 0.040 s
2026-03-11 14:57:09.999 | DEBUG    | __main__:_tick:497 - [View planning] Took: 0.045 s
2026-03-11 14:57:11.001 | DEBUG    | __main__:_tick:497 - [View planning] Took: 0.047 s
2026-03-11 14:57:12.000 | DEBUG    | __main__:_tick:497 - [View planning] Took: 0.046 s
2026-03-11 14:57:12.993 | DEBUG    | __main__:_tick:497 - [View planning] Took: 0.039 s
2026-03-11 14:57:13.999 | DEBUG    | __main__:_tick:497 - [View planning] Took: 0.039 s
2026-03-11 14:57:14.999 | DEBUG    | __main__:_tick:497 - [View planning] Took: 0.045 s
2026-03-11 14:57:15.999 | DEBUG    | __main__:_tick:497 - [View planning] Took: 0.046 s
2026-03-11 14:57:17.004 | DEBUG    | __main__:_tick:497 - [View planning] Took: 0.041 s
2026-03-11 14:57:17.993 | DEBUG    | __main__:_tick:497 - [View planning] Took: 0.039 s
2026-03-11 14:57:19.000 | DEBUG    | __main__:_tick:497 - [View planning] Took: 0.046 s
2026-03-11 14:57:20.009 | DEBUG    | __main__:_tick:497 - [View planning] Took: 0.056 s
2026-03-11 14:57:20.999 | DEBUG    | __main__:_tick:497 - [View planning] Took: 0.046 s
2026-03-11 14:57:21.993 | DEBUG    | __main__:_tick:497 - [View planning] Took: 0.039 s
2026-03-11 14:57:22.994 | DEBUG    | __main__:_tick:497 - [View planning] Took: 0.040 s
2026-03-11 14:57:24.000 | DEBUG    | __main__:_tick:497 - [View planning] Took: 0.046 s
2026-03-11 14:57:25.000 | DEBUG    | __main__:_tick:497 - [View planning] Took: 0.046 s
2026-03-11 14:57:25.999 | DEBUG    | __main__:_tick:497 - [View planning] Took: 0.045 s
2026-03-11 14:57:26.993 | DEBUG    | __main__:_tick:497 - [View planning] Took: 0.039 s
2026-03-11 14:57:28.000 | DEBUG    | __main__:_tick:497 - [View planning] Took: 0.039 s
2026-03-11 14:57:28.999 | DEBUG    | __main__:_tick:497 - [View planning] Took: 0.046 s
2026-03-11 14:57:29.999 | DEBUG    | __main__:_tick:497 - [View planning] Took: 0.046 s
2026-03-11 14:57:30.999 | DEBUG    | __main__:_tick:497 - [View planning] Took: 0.039 s
2026-03-11 14:57:31.994 | DEBUG    | __main__:_tick:497 - [View planning] Took: 0.040 s
2026-03-11 14:57:32.999 | DEBUG    | __main__:_tick:497 - [View planning] Took: 0.046 s
2026-03-11 14:57:33.999 | DEBUG    | __main__:_tick:497 - [View planning] Took: 0.046 s
2026-03-11 14:57:35.002 | DEBUG    | __main__:_tick:497 - [View planning] Took: 0.047 s
2026-03-11 14:57:35.993 | DEBUG    | __main__:_tick:497 - [View planning] Took: 0.039 s
2026-03-11 14:57:36.992 | DEBUG    | __main__:_tick:497 - [View planning] Took: 0.039 s
2026-03-11 14:57:37.999 | DEBUG    | __main__:_tick:497 - [View planning] Took: 0.045 s
2026-03-11 14:57:38.999 | DEBUG    | __main__:_tick:497 - [View planning] Took: 0.046 s
2026-03-11 14:57:39.999 | DEBUG    | __main__:_tick:497 - [View planning] Took: 0.045 s
2026-03-11 14:57:40.993 | DEBUG    | __main__:_tick:497 - [View planning] Took: 0.039 s
2026-03-11 14:57:41.999 | DEBUG    | __main__:_tick:497 - [View planning] Took: 0.039 s
2026-03-11 14:57:42.999 | DEBUG    | __main__:_tick:497 - [View planning] Took: 0.046 s
2026-03-11 14:57:44.002 | DEBUG    | __main__:_tick:497 - [View planning] Took: 0.048 s
2026-03-11 14:57:44.993 | DEBUG    | __main__:_tick:497 - [View planning] Took: 0.039 s
2026-03-11 14:57:45.993 | DEBUG    | __main__:_tick:497 - [View planning] Took: 0.039 s
2026-03-11 14:57:46.999 | DEBUG    | __main__:_tick:497 - [View planning] Took: 0.046 s
2026-03-11 14:57:48.000 | DEBUG    | __main__:_tick:497 - [View planning] Took: 0.046 s
2026-03-11 14:57:49.001 | DEBUG    | __main__:_tick:497 - [View planning] Took: 0.047 s
2026-03-11 14:57:49.993 | DEBUG    | __main__:_tick:497 - [View planning] Took: 0.039 s
2026-03-11 14:57:50.993 | DEBUG    | __main__:_tick:497 - [View planning] Took: 0.039 s
2026-03-11 14:57:51.999 | DEBUG    | __main__:_tick:497 - [View planning] Took: 0.045 s
2026-03-11 14:57:53.000 | DEBUG    | __main__:_tick:497 - [View planning] Took: 0.046 s
2026-03-11 14:57:53.999 | DEBUG    | __main__:_tick:497 - [View planning] Took: 0.045 s
2026-03-11 14:57:54.993 | DEBUG    | __main__:_tick:497 - [View planning] Took: 0.039 s
2026-03-11 14:57:56.000 | DEBUG    | __main__:_tick:497 - [View planning] Took: 0.039 s
2026-03-11 14:57:57.001 | DEBUG    | __main__:_tick:497 - [View planning] Took: 0.047 s
2026-03-11 14:57:58.003 | DEBUG    | __main__:_tick:497 - [View planning] Took: 0.048 s
2026-03-11 14:57:58.993 | DEBUG    | __main__:_tick:497 - [View planning] Took: 0.039 s
2026-03-11 14:57:59.993 | DEBUG    | __main__:_tick:497 - [View planning] Took: 0.039 s
2026-03-11 14:58:01.001 | DEBUG    | __main__:_tick:497 - [View planning] Took: 0.047 s
2026-03-11 14:58:02.001 | DEBUG    | __main__:_tick:497 - [View planning] Took: 0.047 s
2026-03-11 14:58:03.002 | DEBUG    | __main__:_tick:497 - [View planning] Took: 0.047 s
2026-03-11 14:58:03.993 | DEBUG    | __main__:_tick:497 - [View planning] Took: 0.039 s
2026-03-11 14:58:04.993 | DEBUG    | __main__:_tick:497 - [View planning] Took: 0.040 s
2026-03-11 14:58:05.999 | DEBUG    | __main__:_tick:497 - [View planning] Took: 0.046 s
2026-03-11 14:58:06.999 | DEBUG    | __main__:_tick:497 - [View planning] Took: 0.046 s
2026-03-11 14:58:08.013 | DEBUG    | __main__:_tick:497 - [View planning] Took: 0.046 s
2026-03-11 14:58:08.993 | DEBUG    | __main__:_tick:497 - [View planning] Took: 0.040 s
2026-03-11 14:58:10.000 | DEBUG    | __main__:_tick:497 - [View planning] Took: 0.040 s
2026-03-11 14:58:11.001 | DEBUG    | __main__:_tick:497 - [View planning] Took: 0.047 s
2026-03-11 14:58:12.000 | DEBUG    | __main__:_tick:497 - [View planning] Took: 0.046 s
2026-03-11 14:58:12.994 | DEBUG    | __main__:_tick:497 - [View planning] Took: 0.040 s
2026-03-11 14:58:13.993 | DEBUG    | __main__:_tick:497 - [View planning] Took: 0.039 s
2026-03-11 14:58:15.000 | DEBUG    | __main__:_tick:497 - [View planning] Took: 0.047 s
2026-03-11 14:58:16.000 | DEBUG    | __main__:_tick:497 - [View planning] Took: 0.046 s
2026-03-11 14:58:16.999 | DEBUG    | __main__:_tick:497 - [View planning] Took: 0.046 s
2026-03-11 14:58:17.993 | DEBUG    | __main__:_tick:497 - [View planning] Took: 0.039 s
2026-03-11 14:58:18.993 | DEBUG    | __main__:_tick:497 - [View planning] Took: 0.039 s
2026-03-11 14:58:20.009 | DEBUG    | __main__:_tick:497 - [View planning] Took: 0.046 s
2026-03-11 14:58:21.001 | DEBUG    | __main__:_tick:497 - [View planning] Took: 0.046 s
2026-03-11 14:58:22.003 | DEBUG    | __main__:_tick:497 - [View planning] Took: 0.045 s
2026-03-11 14:58:22.993 | DEBUG    | __main__:_tick:497 - [View planning] Took: 0.040 s
2026-03-11 14:58:24.000 | DEBUG    | __main__:_tick:497 - [View planning] Took: 0.039 s
2026-03-11 14:58:25.000 | DEBUG    | __main__:_tick:497 - [View planning] Took: 0.046 s
2026-03-11 14:58:26.003 | DEBUG    | __main__:_tick:497 - [View planning] Took: 0.046 s
2026-03-11 14:58:26.994 | DEBUG    | __main__:_tick:497 - [View planning] Took: 0.040 s
2026-03-11 14:58:27.993 | DEBUG    | __main__:_tick:497 - [View planning] Took: 0.039 s
2026-03-11 14:58:28.999 | DEBUG    | __main__:_tick:497 - [View planning] Took: 0.046 s
2026-03-11 14:58:30.001 | DEBUG    | __main__:_tick:497 - [View planning] Took: 0.047 s
2026-03-11 14:58:31.000 | DEBUG    | __main__:_tick:497 - [View planning] Took: 0.046 s
2026-03-11 14:58:31.993 | DEBUG    | __main__:_tick:497 - [View planning] Took: 0.039 s
2026-03-11 14:58:32.998 | DEBUG    | __main__:_tick:497 - [View planning] Took: 0.039 s
2026-03-11 14:58:33.999 | DEBUG    | __main__:_tick:497 - [View planning] Took: 0.046 s
2026-03-11 14:58:35.000 | DEBUG    | __main__:_tick:497 - [View planning] Took: 0.046 s
2026-03-11 14:58:36.002 | DEBUG    | __main__:_tick:497 - [View planning] Took: 0.046 s
2026-03-11 14:58:36.995 | DEBUG    | __main__:_tick:497 - [View planning] Took: 0.040 s
2026-03-11 14:58:38.001 | DEBUG    | __main__:_tick:497 - [View planning] Took: 0.039 s
2026-03-11 14:58:38.999 | DEBUG    | __main__:_tick:497 - [View planning] Took: 0.046 s
2026-03-11 14:58:40.000 | DEBUG    | __main__:_tick:497 - [View planning] Took: 0.046 s
2026-03-11 14:58:40.993 | DEBUG    | __main__:_tick:497 - [View planning] Took: 0.040 s
2026-03-11 14:58:41.993 | DEBUG    | __main__:_tick:497 - [View planning] Took: 0.040 s
2026-03-11 14:58:43.000 | DEBUG    | __main__:_tick:497 - [View planning] Took: 0.046 s
2026-03-11 14:58:44.002 | DEBUG    | __main__:_tick:497 - [View planning] Took: 0.048 s
2026-03-11 14:58:44.999 | DEBUG    | __main__:_tick:497 - [View planning] Took: 0.045 s
2026-03-11 14:58:45.994 | DEBUG    | __main__:_tick:497 - [View planning] Took: 0.039 s
2026-03-11 14:58:46.993 | DEBUG    | __main__:_tick:497 - [View planning] Took: 0.039 s
2026-03-11 14:58:48.003 | DEBUG    | __main__:_tick:497 - [View planning] Took: 0.046 s
2026-03-11 14:58:49.005 | DEBUG    | __main__:_tick:497 - [View planning] Took: 0.046 s
2026-03-11 14:58:49.999 | DEBUG    | __main__:_tick:497 - [View planning] Took: 0.045 s
2026-03-11 14:58:50.994 | DEBUG    | __main__:_tick:497 - [View planning] Took: 0.040 s
2026-03-11 14:58:52.000 | DEBUG    | __main__:_tick:497 - [View planning] Took: 0.039 s
2026-03-11 14:58:53.002 | DEBUG    | __main__:_tick:497 - [View planning] Took: 0.048 s
2026-03-11 14:58:54.001 | DEBUG    | __main__:_tick:497 - [View planning] Took: 0.046 s
2026-03-11 14:58:54.996 | DEBUG    | __main__:_tick:497 - [View planning] Took: 0.042 s
2026-03-11 14:58:55.993 | DEBUG    | __main__:_tick:497 - [View planning] Took: 0.039 s
2026-03-11 14:58:57.005 | DEBUG    | __main__:_tick:497 - [View planning] Took: 0.046 s
2026-03-11 14:58:58.000 | DEBUG    | __main__:_tick:497 - [View planning] Took: 0.046 s
2026-03-11 14:58:58.999 | DEBUG    | __main__:_tick:497 - [View planning] Took: 0.046 s
2026-03-11 14:58:59.995 | DEBUG    | __main__:_tick:497 - [View planning] Took: 0.041 s
2026-03-11 14:59:00.994 | DEBUG    | __main__:_tick:497 - [View planning] Took: 0.040 s
2026-03-11 14:59:01.999 | DEBUG    | __main__:_tick:497 - [View planning] Took: 0.046 s
2026-03-11 14:59:03.003 | DEBUG    | __main__:_tick:497 - [View planning] Took: 0.046 s
2026-03-11 14:59:04.000 | DEBUG    | __main__:_tick:497 - [View planning] Took: 0.047 s
2026-03-11 14:59:04.993 | DEBUG    | __main__:_tick:497 - [View planning] Took: 0.039 s
2026-03-11 14:59:06.000 | DEBUG    | __main__:_tick:497 - [View planning] Took: 0.039 s
2026-03-11 14:59:06.999 | DEBUG    | __main__:_tick:497 - [View planning] Took: 0.046 s
2026-03-11 14:59:08.001 | DEBUG    | __main__:_tick:497 - [View planning] Took: 0.047 s
2026-03-11 14:59:08.994 | DEBUG    | __main__:_tick:497 - [View planning] Took: 0.040 s
2026-03-11 14:59:09.993 | DEBUG    | __main__:_tick:497 - [View planning] Took: 0.039 s
2026-03-11 14:59:10.999 | DEBUG    | __main__:_tick:497 - [View planning] Took: 0.046 s
2026-03-11 14:59:12.003 | DEBUG    | __main__:_tick:497 - [View planning] Took: 0.047 s
2026-03-11 14:59:13.000 | DEBUG    | __main__:_tick:497 - [View planning] Took: 0.046 s
2026-03-11 14:59:13.997 | DEBUG    | __main__:_tick:497 - [View planning] Took: 0.039 s
2026-03-11 14:59:14.993 | DEBUG    | __main__:_tick:497 - [View planning] Took: 0.039 s
2026-03-11 14:59:15.999 | DEBUG    | __main__:_tick:497 - [View planning] Took: 0.046 s
2026-03-11 14:59:17.001 | DEBUG    | __main__:_tick:497 - [View planning] Took: 0.047 s
2026-03-11 14:59:18.000 | DEBUG    | __main__:_tick:497 - [View planning] Took: 0.045 s
2026-03-11 14:59:18.993 | DEBUG    | __main__:_tick:497 - [View planning] Took: 0.039 s
2026-03-11 14:59:20.001 | DEBUG    | __main__:_tick:497 - [View planning] Took: 0.040 s
2026-03-11 14:59:21.001 | DEBUG    | __main__:_tick:497 - [View planning] Took: 0.047 s
2026-03-11 14:59:21.999 | DEBUG    | __main__:_tick:497 - [View planning] Took: 0.046 s
2026-03-11 14:59:22.993 | DEBUG    | __main__:_tick:497 - [View planning] Took: 0.039 s
2026-03-11 14:59:23.993 | DEBUG    | __main__:_tick:497 - [View planning] Took: 0.039 s
2026-03-11 14:59:25.000 | DEBUG    | __main__:_tick:497 - [View planning] Took: 0.047 s
2026-03-11 14:59:26.000 | DEBUG    | __main__:_tick:497 - [View planning] Took: 0.046 s
2026-03-11 14:59:26.999 | DEBUG    | __main__:_tick:497 - [View planning] Took: 0.046 s
2026-03-11 14:59:27.994 | DEBUG    | __main__:_tick:497 - [View planning] Took: 0.040 s
2026-03-11 14:59:28.994 | DEBUG    | __main__:_tick:497 - [View planning] Took: 0.040 s
2026-03-11 14:59:30.001 | DEBUG    | __main__:_tick:497 - [View planning] Took: 0.046 s
2026-03-11 14:59:31.000 | DEBUG    | __main__:_tick:497 - [View planning] Took: 0.046 s
2026-03-11 14:59:31.999 | DEBUG    | __main__:_tick:497 - [View planning] Took: 0.045 s
2026-03-11 14:59:32.994 | DEBUG    | __main__:_tick:497 - [View planning] Took: 0.040 s
2026-03-11 14:59:34.000 | DEBUG    | __main__:_tick:497 - [View planning] Took: 0.039 s
2026-03-11 14:59:34.999 | DEBUG    | __main__:_tick:497 - [View planning] Took: 0.046 s
2026-03-11 14:59:36.000 | DEBUG    | __main__:_tick:497 - [View planning] Took: 0.046 s
2026-03-11 14:59:36.993 | DEBUG    | __main__:_tick:497 - [View planning] Took: 0.039 s
2026-03-11 14:59:37.993 | DEBUG    | __main__:_tick:497 - [View planning] Took: 0.039 s
2026-03-11 14:59:38.999 | DEBUG    | __main__:_tick:497 - [View planning] Took: 0.046 s
2026-03-11 14:59:40.000 | DEBUG    | __main__:_tick:497 - [View planning] Took: 0.046 s
2026-03-11 14:59:40.999 | DEBUG    | __main__:_tick:497 - [View planning] Took: 0.046 s
2026-03-11 14:59:41.993 | DEBUG    | __main__:_tick:497 - [View planning] Took: 0.039 s
2026-03-11 14:59:42.994 | DEBUG    | __main__:_tick:497 - [View planning] Took: 0.040 s
2026-03-11 14:59:43.999 | DEBUG    | __main__:_tick:497 - [View planning] Took: 0.046 s
2026-03-11 14:59:45.001 | DEBUG    | __main__:_tick:497 - [View planning] Took: 0.047 s
2026-03-11 14:59:45.999 | DEBUG    | __main__:_tick:497 - [View planning] Took: 0.046 s
2026-03-11 14:59:46.993 | DEBUG    | __main__:_tick:497 - [View planning] Took: 0.039 s
2026-03-11 14:59:48.000 | DEBUG    | __main__:_tick:497 - [View planning] Took: 0.039 s
2026-03-11 14:59:49.000 | DEBUG    | __main__:_tick:497 - [View planning] Took: 0.046 s
2026-03-11 14:59:50.003 | DEBUG    | __main__:_tick:497 - [View planning] Took: 0.046 s
2026-03-11 14:59:51.005 | DEBUG    | __main__:_tick:497 - [View planning] Took: 0.049 s
2026-03-11 14:59:51.995 | DEBUG    | __main__:_tick:497 - [View planning] Took: 0.040 s
2026-03-11 14:59:53.002 | DEBUG    | __main__:_tick:497 - [View planning] Took: 0.046 s
2026-03-11 14:59:54.001 | DEBUG    | __main__:_tick:497 - [View planning] Took: 0.048 s
2026-03-11 14:59:55.000 | DEBUG    | __main__:_tick:497 - [View planning] Took: 0.046 s
2026-03-11 14:59:55.995 | DEBUG    | __main__:_tick:497 - [View planning] Took: 0.041 s
2026-03-11 14:59:57.001 | DEBUG    | __main__:_tick:497 - [View planning] Took: 0.047 s
2026-03-11 14:59:57.999 | DEBUG    | __main__:_tick:497 - [View planning] Took: 0.047 s
2026-03-11 14:59:58.999 | DEBUG    | __main__:_tick:497 - [View planning] Took: 0.047 s
2026-03-11 14:59:59.999 | DEBUG    | __main__:_tick:497 - [View planning] Took: 0.046 s
2026-03-11 15:00:00.991 | DEBUG    | __main__:_tick:497 - [View planning] Took: 0.039 s
2026-03-11 15:00:01.988 | DEBUG    | __main__:_tick:497 - [View planning] Took: 0.036 s
2026-03-11 15:00:02.984 | DEBUG    | __main__:_tick:497 - [View planning] Took: 0.033 s
2026-03-11 15:00:03.986 | DEBUG    | __main__:_tick:497 - [View planning] Took: 0.035 s
2026-03-11 15:00:04.986 | DEBUG    | __main__:_tick:497 - [View planning] Took: 0.035 s
2026-03-11 15:00:05.989 | DEBUG    | __main__:_tick:497 - [View planning] Took: 0.038 s
2026-03-11 15:00:06.994 | DEBUG    | __main__:_tick:497 - [View planning] Took: 0.043 s
2026-03-11 15:00:07.998 | DEBUG    | __main__:_tick:497 - [View planning] Took: 0.045 s
2026-03-11 15:00:08.992 | DEBUG    | __main__:_tick:497 - [View planning] Took: 0.039 s
2026-03-11 15:00:10.002 | DEBUG    | __main__:_tick:497 - [View planning] Took: 0.048 s
2026-03-11 15:00:11.016 | DEBUG    | __main__:_tick:497 - [View planning] Took: 0.058 s
2026-03-11 15:00:12.001 | DEBUG    | __main__:_tick:497 - [View planning] Took: 0.048 s
2026-03-11 15:00:12.994 | DEBUG    | __main__:_tick:497 - [View planning] Took: 0.040 s
2026-03-11 15:00:14.002 | DEBUG    | __main__:_tick:497 - [View planning] Took: 0.048 s
2026-03-11 15:00:15.000 | DEBUG    | __main__:_tick:497 - [View planning] Took: 0.046 s
2026-03-11 15:00:15.992 | DEBUG    | __main__:_tick:497 - [View planning] Took: 0.038 s
2026-03-11 15:00:16.998 | DEBUG    | __main__:_tick:497 - [View planning] Took: 0.038 s
2026-03-11 15:00:18.005 | DEBUG    | __main__:_tick:497 - [View planning] Took: 0.044 s
2026-03-11 15:00:18.990 | DEBUG    | __main__:_tick:497 - [View planning] Took: 0.036 s
2026-03-11 15:00:19.999 | DEBUG    | __main__:_tick:497 - [View planning] Took: 0.045 s
2026-03-11 15:00:20.992 | DEBUG    | __main__:_tick:497 - [View planning] Took: 0.036 s
2026-03-11 15:00:22.002 | DEBUG    | __main__:_tick:497 - [View planning] Took: 0.046 s
2026-03-11 15:00:22.990 | DEBUG    | __main__:_tick:497 - [View planning] Took: 0.037 s
2026-03-11 15:00:24.001 | DEBUG    | __main__:_tick:497 - [View planning] Took: 0.045 s
2026-03-11 15:00:25.005 | DEBUG    | __main__:_tick:497 - [View planning] Took: 0.045 s
2026-03-11 15:00:25.990 | DEBUG    | __main__:_tick:497 - [View planning] Took: 0.037 s
2026-03-11 15:00:26.998 | DEBUG    | __main__:_tick:497 - [View planning] Took: 0.044 s
2026-03-11 15:00:27.990 | DEBUG    | __main__:_tick:497 - [View planning] Took: 0.037 s
2026-03-11 15:00:28.997 | DEBUG    | __main__:_tick:497 - [View planning] Took: 0.038 s
2026-03-11 15:00:29.997 | DEBUG    | __main__:_tick:497 - [View planning] Took: 0.044 s
2026-03-11 15:00:31.002 | DEBUG    | __main__:_tick:497 - [View planning] Took: 0.046 s
2026-03-11 15:00:31.997 | DEBUG    | __main__:_tick:497 - [View planning] Took: 0.044 s
2026-03-11 15:00:32.991 | DEBUG    | __main__:_tick:497 - [View planning] Took: 0.038 s
2026-03-11 15:00:33.990 | DEBUG    | __main__:_tick:497 - [View planning] Took: 0.037 s
2026-03-11 15:00:34.997 | DEBUG    | __main__:_tick:497 - [View planning] Took: 0.044 s
2026-03-11 15:00:36.029 | DEBUG    | __main__:_tick:497 - [View planning] Took: 0.075 s
2026-03-11 15:00:36.999 | DEBUG    | __main__:_tick:497 - [View planning] Took: 0.045 s
2026-03-11 15:00:37.992 | DEBUG    | __main__:_tick:497 - [View planning] Took: 0.038 s
2026-03-11 15:00:39.001 | DEBUG    | __main__:_tick:497 - [View planning] Took: 0.046 s
2026-03-11 15:00:39.992 | DEBUG    | __main__:_tick:497 - [View planning] Took: 0.038 s
2026-03-11 15:00:40.992 | DEBUG    | __main__:_tick:497 - [View planning] Took: 0.038 s
2026-03-11 15:00:41.999 | DEBUG    | __main__:_tick:497 - [View planning] Took: 0.045 s
2026-03-11 15:00:42.993 | DEBUG    | __main__:_tick:497 - [View planning] Took: 0.038 s
2026-03-11 15:00:44.003 | DEBUG    | __main__:_tick:497 - [View planning] Took: 0.049 s
2026-03-11 15:00:44.992 | DEBUG    | __main__:_tick:497 - [View planning] Took: 0.038 s
2026-03-11 15:00:46.000 | DEBUG    | __main__:_tick:497 - [View planning] Took: 0.038 s
2026-03-11 15:00:47.001 | DEBUG    | __main__:_tick:497 - [View planning] Took: 0.045 s
2026-03-11 15:00:47.993 | DEBUG    | __main__:_tick:497 - [View planning] Took: 0.039 s
2026-03-11 15:00:49.001 | DEBUG    | __main__:_tick:497 - [View planning] Took: 0.039 s
2026-03-11 15:00:50.001 | DEBUG    | __main__:_tick:497 - [View planning] Took: 0.047 s
2026-03-11 15:00:50.993 | DEBUG    | __main__:_tick:497 - [View planning] Took: 0.039 s
2026-03-11 15:00:51.999 | DEBUG    | __main__:_tick:497 - [View planning] Took: 0.044 s
2026-03-11 15:00:53.000 | DEBUG    | __main__:_tick:497 - [View planning] Took: 0.046 s
2026-03-11 15:00:53.995 | DEBUG    | __main__:_tick:497 - [View planning] Took: 0.040 s
2026-03-11 15:00:55.000 | DEBUG    | __main__:_tick:497 - [View planning] Took: 0.046 s
2026-03-11 15:00:55.994 | DEBUG    | __main__:_tick:497 - [View planning] Took: 0.040 s
2026-03-11 15:00:56.992 | DEBUG    | __main__:_tick:497 - [View planning] Took: 0.038 s
2026-03-11 15:00:58.000 | DEBUG    | __main__:_tick:497 - [View planning] Took: 0.046 s
2026-03-11 15:00:58.996 | DEBUG    | __main__:_tick:497 - [View planning] Took: 0.040 s
2026-03-11 15:00:59.999 | DEBUG    | __main__:_tick:497 - [View planning] Took: 0.038 s
2026-03-11 15:01:01.007 | DEBUG    | __main__:_tick:497 - [View planning] Took: 0.046 s
2026-03-11 15:01:01.999 | DEBUG    | __main__:_tick:497 - [View planning] Took: 0.039 s
2026-03-11 15:01:03.001 | DEBUG    | __main__:_tick:497 - [View planning] Took: 0.046 s
2026-03-11 15:01:04.000 | DEBUG    | __main__:_tick:497 - [View planning] Took: 0.046 s
2026-03-11 15:01:04.992 | DEBUG    | __main__:_tick:497 - [View planning] Took: 0.038 s
2026-03-11 15:01:05.999 | DEBUG    | __main__:_tick:497 - [View planning] Took: 0.045 s
2026-03-11 15:01:06.998 | DEBUG    | __main__:_tick:497 - [View planning] Took: 0.039 s
2026-03-11 15:01:07.999 | DEBUG    | __main__:_tick:497 - [View planning] Took: 0.038 s
2026-03-11 15:01:08.999 | DEBUG    | __main__:_tick:497 - [View planning] Took: 0.045 s
2026-03-11 15:01:09.992 | DEBUG    | __main__:_tick:497 - [View planning] Took: 0.038 s
2026-03-11 15:01:11.001 | DEBUG    | __main__:_tick:497 - [View planning] Took: 0.046 s
2026-03-11 15:01:11.993 | DEBUG    | __main__:_tick:497 - [View planning] Took: 0.039 s
2026-03-11 15:01:12.992 | DEBUG    | __main__:_tick:497 - [View planning] Took: 0.038 s
2026-03-11 15:01:13.999 | DEBUG    | __main__:_tick:497 - [View planning] Took: 0.045 s
2026-03-11 15:01:14.992 | DEBUG    | __main__:_tick:497 - [View planning] Took: 0.038 s
2026-03-11 15:01:15.999 | DEBUG    | __main__:_tick:497 - [View planning] Took: 0.038 s
2026-03-11 15:01:17.003 | DEBUG    | __main__:_tick:497 - [View planning] Took: 0.050 s
2026-03-11 15:01:17.992 | DEBUG    | __main__:_tick:497 - [View planning] Took: 0.038 s
2026-03-11 15:01:19.001 | DEBUG    | __main__:_tick:497 - [View planning] Took: 0.045 s
2026-03-11 15:01:19.992 | DEBUG    | __main__:_tick:497 - [View planning] Took: 0.039 s
2026-03-11 15:01:20.992 | DEBUG    | __main__:_tick:497 - [View planning] Took: 0.039 s
2026-03-11 15:01:22.004 | DEBUG    | __main__:_tick:497 - [View planning] Took: 0.045 s
2026-03-11 15:01:22.994 | DEBUG    | __main__:_tick:497 - [View planning] Took: 0.040 s
2026-03-11 15:01:24.001 | DEBUG    | __main__:_tick:497 - [View planning] Took: 0.045 s
2026-03-11 15:01:24.992 | DEBUG    | __main__:_tick:497 - [View planning] Took: 0.038 s
2026-03-11 15:01:25.998 | DEBUG    | __main__:_tick:497 - [View planning] Took: 0.038 s
2026-03-11 15:01:26.999 | DEBUG    | __main__:_tick:497 - [View planning] Took: 0.045 s
2026-03-11 15:01:27.992 | DEBUG    | __main__:_tick:497 - [View planning] Took: 0.038 s
2026-03-11 15:01:28.993 | DEBUG    | __main__:_tick:497 - [View planning] Took: 0.040 s
2026-03-11 15:01:30.000 | DEBUG    | __main__:_tick:497 - [View planning] Took: 0.045 s
2026-03-11 15:01:30.998 | DEBUG    | __main__:_tick:497 - [View planning] Took: 0.041 s
2026-03-11 15:01:32.000 | DEBUG    | __main__:_tick:497 - [View planning] Took: 0.038 s
2026-03-11 15:01:33.002 | DEBUG    | __main__:_tick:497 - [View planning] Took: 0.046 s
2026-03-11 15:01:33.992 | DEBUG    | __main__:_tick:497 - [View planning] Took: 0.038 s
2026-03-11 15:01:35.002 | DEBUG    | __main__:_tick:497 - [View planning] Took: 0.047 s
2026-03-11 15:01:35.999 | DEBUG    | __main__:_tick:497 - [View planning] Took: 0.045 s
2026-03-11 15:01:36.993 | DEBUG    | __main__:_tick:497 - [View planning] Took: 0.039 s
2026-03-11 15:01:38.001 | DEBUG    | __main__:_tick:497 - [View planning] Took: 0.047 s
2026-03-11 15:01:38.992 | DEBUG    | __main__:_tick:497 - [View planning] Took: 0.038 s
2026-03-11 15:01:39.999 | DEBUG    | __main__:_tick:497 - [View planning] Took: 0.039 s
2026-03-11 15:01:40.999 | DEBUG    | __main__:_tick:497 - [View planning] Took: 0.045 s
2026-03-11 15:01:41.992 | DEBUG    | __main__:_tick:497 - [View planning] Took: 0.038 s
2026-03-11 15:01:43.002 | DEBUG    | __main__:_tick:497 - [View planning] Took: 0.047 s
2026-03-11 15:01:43.992 | DEBUG    | __main__:_tick:497 - [View planning] Took: 0.038 s
2026-03-11 15:01:44.999 | DEBUG    | __main__:_tick:497 - [View planning] Took: 0.038 s
2026-03-11 15:01:45.999 | DEBUG    | __main__:_tick:497 - [View planning] Took: 0.045 s
2026-03-11 15:01:46.994 | DEBUG    | __main__:_tick:497 - [View planning] Took: 0.039 s
2026-03-11 15:01:48.000 | DEBUG    | __main__:_tick:497 - [View planning] Took: 0.045 s
2026-03-11 15:01:48.999 | DEBUG    | __main__:_tick:497 - [View planning] Took: 0.045 s
2026-03-11 15:01:49.997 | DEBUG    | __main__:_tick:497 - [View planning] Took: 0.038 s
2026-03-11 15:01:50.999 | DEBUG    | __main__:_tick:497 - [View planning] Took: 0.045 s
2026-03-11 15:01:51.992 | DEBUG    | __main__:_tick:497 - [View planning] Took: 0.039 s
2026-03-11 15:01:53.001 | DEBUG    | __main__:_tick:497 - [View planning] Took: 0.047 s
2026-03-11 15:01:54.009 | DEBUG    | __main__:_tick:497 - [View planning] Took: 0.045 s
2026-03-11 15:01:54.992 | DEBUG    | __main__:_tick:497 - [View planning] Took: 0.038 s
2026-03-11 15:01:55.999 | DEBUG    | __main__:_tick:497 - [View planning] Took: 0.045 s
2026-03-11 15:01:57.001 | DEBUG    | __main__:_tick:497 - [View planning] Took: 0.046 s
2026-03-11 15:01:57.996 | DEBUG    | __main__:_tick:497 - [View planning] Took: 0.038 s
2026-03-11 15:01:59.006 | DEBUG    | __main__:_tick:497 - [View planning] Took: 0.050 s
2026-03-11 15:02:00.001 | DEBUG    | __main__:_tick:497 - [View planning] Took: 0.044 s
2026-03-11 15:02:01.009 | DEBUG    | __main__:_tick:497 - [View planning] Took: 0.039 s
2026-03-11 15:02:01.995 | DEBUG    | __main__:_tick:497 - [View planning] Took: 0.042 s
2026-03-11 15:02:02.991 | DEBUG    | __main__:_tick:497 - [View planning] Took: 0.038 s
2026-03-11 15:02:03.997 | DEBUG    | __main__:_tick:497 - [View planning] Took: 0.043 s
2026-03-11 15:02:05.001 | DEBUG    | __main__:_tick:497 - [View planning] Took: 0.037 s
2026-03-11 15:02:05.998 | DEBUG    | __main__:_tick:497 - [View planning] Took: 0.038 s
2026-03-11 15:02:06.996 | DEBUG    | __main__:_tick:497 - [View planning] Took: 0.043 s
2026-03-11 15:02:07.990 | DEBUG    | __main__:_tick:497 - [View planning] Took: 0.037 s
2026-03-11 15:02:08.996 | DEBUG    | __main__:_tick:497 - [View planning] Took: 0.037 s
2026-03-11 15:02:09.998 | DEBUG    | __main__:_tick:497 - [View planning] Took: 0.042 s
2026-03-11 15:02:10.985 | DEBUG    | __main__:_tick:497 - [View planning] Took: 0.034 s
2026-03-11 15:02:11.996 | DEBUG    | __main__:_tick:497 - [View planning] Took: 0.041 s
2026-03-11 15:02:12.988 | DEBUG    | __main__:_tick:497 - [View planning] Took: 0.037 s
2026-03-11 15:02:13.984 | DEBUG    | __main__:_tick:497 - [View planning] Took: 0.033 s
2026-03-11 15:02:14.997 | DEBUG    | __main__:_tick:497 - [View planning] Took: 0.036 s
2026-03-11 15:02:15.992 | DEBUG    | __main__:_tick:497 - [View planning] Took: 0.042 s
2026-03-11 15:02:16.989 | DEBUG    | __main__:_tick:497 - [View planning] Took: 0.036 s
2026-03-11 15:02:18.003 | DEBUG    | __main__:_tick:497 - [View planning] Took: 0.045 s
2026-03-11 15:02:18.994 | DEBUG    | __main__:_tick:497 - [View planning] Took: 0.044 s
2026-03-11 15:02:20.002 | DEBUG    | __main__:_tick:497 - [View planning] Took: 0.050 s
2026-03-11 15:02:21.005 | DEBUG    | __main__:_tick:497 - [View planning] Took: 0.050 s
2026-03-11 15:02:21.997 | DEBUG    | __main__:_tick:497 - [View planning] Took: 0.042 s
2026-03-11 15:02:22.996 | DEBUG    | __main__:_tick:497 - [View planning] Took: 0.041 s
2026-03-11 15:02:24.009 | DEBUG    | __main__:_tick:497 - [View planning] Took: 0.053 s
2026-03-11 15:02:25.005 | DEBUG    | __main__:_tick:497 - [View planning] Took: 0.051 s
2026-03-11 15:02:26.011 | DEBUG    | __main__:_tick:497 - [View planning] Took: 0.051 s
2026-03-11 15:02:27.013 | DEBUG    | __main__:_tick:497 - [View planning] Took: 0.059 s
2026-03-11 15:02:28.010 | DEBUG    | __main__:_tick:497 - [View planning] Took: 0.041 s
2026-03-11 15:02:29.005 | DEBUG    | __main__:_tick:497 - [View planning] Took: 0.050 s
2026-03-11 15:02:30.005 | DEBUG    | __main__:_tick:497 - [View planning] Took: 0.049 s
2026-03-11 15:02:31.019 | DEBUG    | __main__:_tick:497 - [View planning] Took: 0.058 s
2026-03-11 15:02:32.024 | DEBUG    | __main__:_tick:497 - [View planning] Took: 0.070 s
2026-03-11 15:02:33.002 | DEBUG    | __main__:_tick:497 - [View planning] Took: 0.050 s
2026-03-11 15:02:34.003 | DEBUG    | __main__:_tick:497 - [View planning] Took: 0.052 s
2026-03-11 15:02:35.000 | DEBUG    | __main__:_tick:497 - [View planning] Took: 0.049 s
2026-03-11 15:02:36.001 | DEBUG    | __main__:_tick:497 - [View planning] Took: 0.049 s
2026-03-11 15:02:36.992 | DEBUG    | __main__:_tick:497 - [View planning] Took: 0.039 s
2026-03-11 15:02:38.010 | DEBUG    | __main__:_tick:497 - [View planning] Took: 0.048 s
2026-03-11 15:02:38.999 | DEBUG    | __main__:_tick:497 - [View planning] Took: 0.047 s
2026-03-11 15:02:40.002 | DEBUG    | __main__:_tick:497 - [View planning] Took: 0.049 s
2026-03-11 15:02:40.989 | DEBUG    | __main__:_tick:497 - [View planning] Took: 0.037 s
2026-03-11 15:02:42.005 | DEBUG    | __main__:_tick:497 - [View planning] Took: 0.052 s
2026-03-11 15:02:43.004 | DEBUG    | __main__:_tick:497 - [View planning] Took: 0.049 s
2026-03-11 15:02:43.988 | DEBUG    | __main__:_tick:497 - [View planning] Took: 0.035 s
2026-03-11 15:02:45.001 | DEBUG    | __main__:_tick:497 - [View planning] Took: 0.042 s
2026-03-11 15:02:46.000 | DEBUG    | __main__:_tick:497 - [View planning] Took: 0.048 s
2026-03-11 15:02:47.001 | DEBUG    | __main__:_tick:497 - [View planning] Took: 0.048 s
2026-03-11 15:02:48.004 | DEBUG    | __main__:_tick:497 - [View planning] Took: 0.049 s
2026-03-11 15:02:48.998 | DEBUG    | __main__:_tick:497 - [View planning] Took: 0.046 s
2026-03-11 15:02:50.000 | DEBUG    | __main__:_tick:497 - [View planning] Took: 0.045 s
2026-03-11 15:02:50.991 | DEBUG    | __main__:_tick:497 - [View planning] Took: 0.038 s
2026-03-11 15:02:51.998 | DEBUG    | __main__:_tick:497 - [View planning] Took: 0.038 s
2026-03-11 15:02:52.998 | DEBUG    | __main__:_tick:497 - [View planning] Took: 0.046 s
2026-03-11 15:02:53.997 | DEBUG    | __main__:_tick:497 - [View planning] Took: 0.045 s
2026-03-11 15:02:54.998 | DEBUG    | __main__:_tick:497 - [View planning] Took: 0.046 s
2026-03-11 15:02:55.991 | DEBUG    | __main__:_tick:497 - [View planning] Took: 0.039 s
2026-03-11 15:02:56.998 | DEBUG    | __main__:_tick:497 - [View planning] Took: 0.039 s
2026-03-11 15:02:57.997 | DEBUG    | __main__:_tick:497 - [View planning] Took: 0.045 s
2026-03-11 15:02:58.998 | DEBUG    | __main__:_tick:497 - [View planning] Took: 0.045 s
2026-03-11 15:02:59.997 | DEBUG    | __main__:_tick:497 - [View planning] Took: 0.045 s
2026-03-11 15:03:00.998 | DEBUG    | __main__:_tick:497 - [View planning] Took: 0.046 s
2026-03-11 15:03:01.992 | DEBUG    | __main__:_tick:497 - [View planning] Took: 0.039 s
2026-03-11 15:03:02.997 | DEBUG    | __main__:_tick:497 - [View planning] Took: 0.038 s
2026-03-11 15:03:04.000 | DEBUG    | __main__:_tick:497 - [View planning] Took: 0.047 s
2026-03-11 15:03:04.999 | DEBUG    | __main__:_tick:497 - [View planning] Took: 0.046 s
2026-03-11 15:03:05.998 | DEBUG    | __main__:_tick:497 - [View planning] Took: 0.046 s
2026-03-11 15:03:06.998 | DEBUG    | __main__:_tick:497 - [View planning] Took: 0.038 s
2026-03-11 15:03:07.997 | DEBUG    | __main__:_tick:497 - [View planning] Took: 0.038 s
2026-03-11 15:03:08.997 | DEBUG    | __main__:_tick:497 - [View planning] Took: 0.045 s
2026-03-11 15:03:09.998 | DEBUG    | __main__:_tick:497 - [View planning] Took: 0.045 s
2026-03-11 15:03:10.997 | DEBUG    | __main__:_tick:497 - [View planning] Took: 0.045 s
2026-03-11 15:03:11.998 | DEBUG    | __main__:_tick:497 - [View planning] Took: 0.045 s
2026-03-11 15:03:12.992 | DEBUG    | __main__:_tick:497 - [View planning] Took: 0.039 s
2026-03-11 15:03:13.998 | DEBUG    | __main__:_tick:497 - [View planning] Took: 0.038 s
2026-03-11 15:03:14.998 | DEBUG    | __main__:_tick:497 - [View planning] Took: 0.045 s
2026-03-11 15:03:16.003 | DEBUG    | __main__:_tick:497 - [View planning] Took: 0.051 s
2026-03-11 15:03:16.998 | DEBUG    | __main__:_tick:497 - [View planning] Took: 0.046 s
2026-03-11 15:03:17.993 | DEBUG    | __main__:_tick:497 - [View planning] Took: 0.040 s
2026-03-11 15:03:18.999 | DEBUG    | __main__:_tick:497 - [View planning] Took: 0.039 s
2026-03-11 15:03:19.997 | DEBUG    | __main__:_tick:497 - [View planning] Took: 0.045 s
2026-03-11 15:03:20.998 | DEBUG    | __main__:_tick:497 - [View planning] Took: 0.045 s
2026-03-11 15:03:21.998 | DEBUG    | __main__:_tick:497 - [View planning] Took: 0.046 s
2026-03-11 15:03:22.998 | DEBUG    | __main__:_tick:497 - [View planning] Took: 0.045 s
2026-03-11 15:03:23.991 | DEBUG    | __main__:_tick:497 - [View planning] Took: 0.039 s
2026-03-11 15:03:24.998 | DEBUG    | __main__:_tick:497 - [View planning] Took: 0.038 s
2026-03-11 15:03:25.998 | DEBUG    | __main__:_tick:497 - [View planning] Took: 0.045 s
2026-03-11 15:03:26.999 | DEBUG    | __main__:_tick:497 - [View planning] Took: 0.047 s
2026-03-11 15:03:27.999 | DEBUG    | __main__:_tick:497 - [View planning] Took: 0.047 s
2026-03-11 15:03:28.992 | DEBUG    | __main__:_tick:497 - [View planning] Took: 0.039 s
2026-03-11 15:03:29.998 | DEBUG    | __main__:_tick:497 - [View planning] Took: 0.038 s
2026-03-11 15:03:30.997 | DEBUG    | __main__:_tick:497 - [View planning] Took: 0.045 s
2026-03-11 15:03:31.997 | DEBUG    | __main__:_tick:497 - [View planning] Took: 0.045 s
2026-03-11 15:03:32.999 | DEBUG    | __main__:_tick:497 - [View planning] Took: 0.047 s
2026-03-11 15:03:33.997 | DEBUG    | __main__:_tick:497 - [View planning] Took: 0.045 s
2026-03-11 15:03:34.991 | DEBUG    | __main__:_tick:497 - [View planning] Took: 0.039 s
2026-03-11 15:03:35.997 | DEBUG    | __main__:_tick:497 - [View planning] Took: 0.038 s
2026-03-11 15:03:36.999 | DEBUG    | __main__:_tick:497 - [View planning] Took: 0.047 s
2026-03-11 15:03:37.997 | DEBUG    | __main__:_tick:497 - [View planning] Took: 0.045 s
2026-03-11 15:03:38.999 | DEBUG    | __main__:_tick:497 - [View planning] Took: 0.047 s
2026-03-11 15:03:39.991 | DEBUG    | __main__:_tick:497 - [View planning] Took: 0.038 s
2026-03-11 15:03:40.998 | DEBUG    | __main__:_tick:497 - [View planning] Took: 0.038 s
2026-03-11 15:03:41.997 | DEBUG    | __main__:_tick:497 - [View planning] Took: 0.045 s
2026-03-11 15:03:42.997 | DEBUG    | __main__:_tick:497 - [View planning] Took: 0.045 s
2026-03-11 15:03:43.999 | DEBUG    | __main__:_tick:497 - [View planning] Took: 0.046 s
2026-03-11 15:03:45.000 | DEBUG    | __main__:_tick:497 - [View planning] Took: 0.047 s
2026-03-11 15:03:46.000 | DEBUG    | __main__:_tick:497 - [View planning] Took: 0.038 s
2026-03-11 15:03:46.998 | DEBUG    | __main__:_tick:497 - [View planning] Took: 0.038 s
2026-03-11 15:03:47.998 | DEBUG    | __main__:_tick:497 - [View planning] Took: 0.045 s
2026-03-11 15:03:49.000 | DEBUG    | __main__:_tick:497 - [View planning] Took: 0.048 s
2026-03-11 15:03:49.999 | DEBUG    | __main__:_tick:497 - [View planning] Took: 0.047 s
2026-03-11 15:03:50.991 | DEBUG    | __main__:_tick:497 - [View planning] Took: 0.038 s
2026-03-11 15:03:52.003 | DEBUG    | __main__:_tick:497 - [View planning] Took: 0.039 s
2026-03-11 15:03:53.756 | INFO     | __main__:declare_mission_params:176 - All params declared
2026-03-11 15:03:53.757 | INFO     | __main__:initializeMissionParameters:236 - prediction_horizon: 10
2026-03-11 15:03:53.757 | INFO     | __main__:initializeMissionParameters:237 - Successfully loaded parameters
2026-03-11 15:03:53.757 | INFO     | __main__:initializeROSTopics:262 - odom_topic: odometry/imu
2026-03-11 15:03:53.757 | INFO     | __main__:initializeROSTopics:263 - pcl_topic:  filtered_pointcloud
2026-03-11 15:03:53.757 | INFO     | __main__:initializeROSTopics:276 - Successfully loaded topics
2026-03-11 15:03:58.764 | WARNING  | __main__:_wait_for_initial_messages:312 - No pointcloud received on 'filtered_pointcloud' after 5.0s
2026-03-11 15:03:58.764 | INFO     | __main__:initializeROSTopics:301 - Successfully loaded topics
2026-03-11 15:03:58.764 | INFO     | inspection_planner.planner_core:initializeMissionParameters:82 - pred_horz 10
2026-03-11 15:03:58.764 | INFO     | inspection_planner.planner_core:initializeMissionParameters:133 - Successfully loaded parameters
2026-03-11 15:03:58.764 | INFO     | inspection_planner.planner_core:__init__:28 - Planner Core Initialized
2026-03-11 15:03:58.764 | DEBUG    | __main__:__init__:52 - Initializing Planning ...
2026-03-11 15:03:58.764 | INFO     | __main__:_make_or_update_timer:96 - Tick rate set to 1.00 Hz (period 1.000 s)
2026-03-11 15:03:59.830 | DEBUG    | __main__:_tick:497 - [View planning] Took: 0.045 s
2026-03-11 15:04:00.829 | DEBUG    | __main__:_tick:497 - [View planning] Took: 0.044 s
2026-03-11 15:04:01.825 | DEBUG    | __main__:_tick:497 - [View planning] Took: 0.038 s
2026-03-11 15:04:02.822 | DEBUG    | __main__:_tick:497 - [View planning] Took: 0.038 s
2026-03-11 15:04:03.827 | DEBUG    | __main__:_tick:497 - [View planning] Took: 0.039 s
2026-03-11 15:04:04.827 | DEBUG    | __main__:_tick:497 - [View planning] Took: 0.044 s
2026-03-11 15:04:05.828 | DEBUG    | __main__:_tick:497 - [View planning] Took: 0.045 s
2026-03-11 15:04:06.828 | DEBUG    | __main__:_tick:497 - [View planning] Took: 0.045 s
2026-03-11 15:04:07.827 | DEBUG    | __main__:_tick:497 - [View planning] Took: 0.044 s
2026-03-11 15:04:08.828 | DEBUG    | __main__:_tick:497 - [View planning] Took: 0.044 s
2026-03-11 15:04:09.830 | DEBUG    | __main__:_tick:497 - [View planning] Took: 0.047 s
2026-03-11 15:04:10.828 | DEBUG    | __main__:_tick:497 - [View planning] Took: 0.044 s
2026-03-11 15:04:11.828 | DEBUG    | __main__:_tick:497 - [View planning] Took: 0.044 s
2026-03-11 15:04:12.828 | DEBUG    | __main__:_tick:497 - [View planning] Took: 0.045 s
2026-03-11 15:04:13.828 | DEBUG    | __main__:_tick:497 - [View planning] Took: 0.045 s
2026-03-11 15:04:14.828 | DEBUG    | __main__:_tick:497 - [View planning] Took: 0.044 s
2026-03-11 15:04:15.828 | DEBUG    | __main__:_tick:497 - [View planning] Took: 0.044 s
2026-03-11 15:04:16.823 | DEBUG    | __main__:_tick:497 - [View planning] Took: 0.039 s
2026-03-11 15:04:17.823 | DEBUG    | __main__:_tick:497 - [View planning] Took: 0.039 s
2026-03-11 15:04:18.822 | DEBUG    | __main__:_tick:497 - [View planning] Took: 0.039 s
2026-03-11 15:04:19.828 | DEBUG    | __main__:_tick:497 - [View planning] Took: 0.039 s
2026-03-11 15:04:20.827 | DEBUG    | __main__:_tick:497 - [View planning] Took: 0.044 s
2026-03-11 15:04:21.829 | DEBUG    | __main__:_tick:497 - [View planning] Took: 0.045 s
2026-03-11 15:04:22.829 | DEBUG    | __main__:_tick:497 - [View planning] Took: 0.045 s
2026-03-11 15:04:23.828 | DEBUG    | __main__:_tick:497 - [View planning] Took: 0.045 s
2026-03-11 15:04:24.828 | DEBUG    | __main__:_tick:497 - [View planning] Took: 0.045 s
2026-03-11 15:04:25.828 | DEBUG    | __main__:_tick:497 - [View planning] Took: 0.045 s
2026-03-11 15:04:26.832 | DEBUG    | __main__:_tick:497 - [View planning] Took: 0.045 s
2026-03-11 15:04:27.828 | DEBUG    | __main__:_tick:497 - [View planning] Took: 0.044 s
2026-03-11 15:04:28.828 | DEBUG    | __main__:_tick:497 - [View planning] Took: 0.045 s
2026-03-11 15:04:29.828 | DEBUG    | __main__:_tick:497 - [View planning] Took: 0.045 s
2026-03-11 15:04:30.829 | DEBUG    | __main__:_tick:497 - [View planning] Took: 0.046 s
2026-03-11 15:04:31.828 | DEBUG    | __main__:_tick:497 - [View planning] Took: 0.045 s
2026-03-11 15:04:32.823 | DEBUG    | __main__:_tick:497 - [View planning] Took: 0.039 s
2026-03-11 15:04:33.832 | DEBUG    | __main__:_tick:497 - [View planning] Took: 0.038 s
2026-03-11 15:04:34.823 | DEBUG    | __main__:_tick:497 - [View planning] Took: 0.039 s
2026-03-11 15:04:35.828 | DEBUG    | __main__:_tick:497 - [View planning] Took: 0.039 s
2026-03-11 15:04:36.829 | DEBUG    | __main__:_tick:497 - [View planning] Took: 0.046 s
2026-03-11 15:04:37.828 | DEBUG    | __main__:_tick:497 - [View planning] Took: 0.045 s
2026-03-11 15:04:38.828 | DEBUG    | __main__:_tick:497 - [View planning] Took: 0.045 s
2026-03-11 15:04:39.828 | DEBUG    | __main__:_tick:497 - [View planning] Took: 0.045 s
2026-03-11 15:04:40.828 | DEBUG    | __main__:_tick:497 - [View planning] Took: 0.045 s
2026-03-11 15:04:41.828 | DEBUG    | __main__:_tick:497 - [View planning] Took: 0.045 s
2026-03-11 15:04:42.829 | DEBUG    | __main__:_tick:497 - [View planning] Took: 0.046 s
2026-03-11 15:04:43.828 | DEBUG    | __main__:_tick:497 - [View planning] Took: 0.045 s
2026-03-11 15:04:44.828 | DEBUG    | __main__:_tick:497 - [View planning] Took: 0.045 s
2026-03-11 15:04:45.828 | DEBUG    | __main__:_tick:497 - [View planning] Took: 0.045 s
2026-03-11 15:04:46.828 | DEBUG    | __main__:_tick:497 - [View planning] Took: 0.045 s
2026-03-11 15:04:47.828 | DEBUG    | __main__:_tick:497 - [View planning] Took: 0.045 s
2026-03-11 15:04:48.822 | DEBUG    | __main__:_tick:497 - [View planning] Took: 0.039 s
2026-03-11 15:04:49.822 | DEBUG    | __main__:_tick:497 - [View planning] Took: 0.039 s
2026-03-11 15:04:50.822 | DEBUG    | __main__:_tick:497 - [View planning] Took: 0.039 s
2026-03-11 15:04:51.828 | DEBUG    | __main__:_tick:497 - [View planning] Took: 0.039 s
2026-03-11 15:04:52.828 | DEBUG    | __main__:_tick:497 - [View planning] Took: 0.044 s
2026-03-11 15:04:53.833 | DEBUG    | __main__:_tick:497 - [View planning] Took: 0.045 s
2026-03-11 15:04:54.828 | DEBUG    | __main__:_tick:497 - [View planning] Took: 0.045 s
2026-03-11 15:04:55.828 | DEBUG    | __main__:_tick:497 - [View planning] Took: 0.045 s
2026-03-11 15:04:56.828 | DEBUG    | __main__:_tick:497 - [View planning] Took: 0.045 s
2026-03-11 15:04:57.828 | DEBUG    | __main__:_tick:497 - [View planning] Took: 0.045 s
2026-03-11 15:04:58.828 | DEBUG    | __main__:_tick:497 - [View planning] Took: 0.045 s
2026-03-11 15:04:59.829 | DEBUG    | __main__:_tick:497 - [View planning] Took: 0.046 s
2026-03-11 15:05:00.829 | DEBUG    | __main__:_tick:497 - [View planning] Took: 0.046 s
2026-03-11 15:05:01.829 | DEBUG    | __main__:_tick:497 - [View planning] Took: 0.046 s
2026-03-11 15:05:02.828 | DEBUG    | __main__:_tick:497 - [View planning] Took: 0.044 s
2026-03-11 15:05:03.829 | DEBUG    | __main__:_tick:497 - [View planning] Took: 0.046 s
2026-03-11 15:05:04.823 | DEBUG    | __main__:_tick:497 - [View planning] Took: 0.040 s
2026-03-11 15:05:05.822 | DEBUG    | __main__:_tick:497 - [View planning] Took: 0.039 s
2026-03-11 15:05:06.824 | DEBUG    | __main__:_tick:497 - [View planning] Took: 0.039 s
2026-03-11 15:05:07.829 | DEBUG    | __main__:_tick:497 - [View planning] Took: 0.039 s
2026-03-11 15:05:08.828 | DEBUG    | __main__:_tick:497 - [View planning] Took: 0.045 s
2026-03-11 15:05:09.829 | DEBUG    | __main__:_tick:497 - [View planning] Took: 0.046 s
2026-03-11 15:05:10.829 | DEBUG    | __main__:_tick:497 - [View planning] Took: 0.045 s
2026-03-11 15:05:11.828 | DEBUG    | __main__:_tick:497 - [View planning] Took: 0.045 s
2026-03-11 15:05:12.828 | DEBUG    | __main__:_tick:497 - [View planning] Took: 0.045 s
2026-03-11 15:05:13.828 | DEBUG    | __main__:_tick:497 - [View planning] Took: 0.045 s
2026-03-11 15:05:14.828 | DEBUG    | __main__:_tick:497 - [View planning] Took: 0.045 s
2026-03-11 15:05:15.828 | DEBUG    | __main__:_tick:497 - [View planning] Took: 0.045 s
2026-03-11 15:05:16.828 | DEBUG    | __main__:_tick:497 - [View planning] Took: 0.045 s
2026-03-11 15:05:17.829 | DEBUG    | __main__:_tick:497 - [View planning] Took: 0.045 s
2026-03-11 15:05:18.828 | DEBUG    | __main__:_tick:497 - [View planning] Took: 0.044 s
2026-03-11 15:05:19.828 | DEBUG    | __main__:_tick:497 - [View planning] Took: 0.045 s
2026-03-11 15:05:20.822 | DEBUG    | __main__:_tick:497 - [View planning] Took: 0.039 s
2026-03-11 15:05:21.822 | DEBUG    | __main__:_tick:497 - [View planning] Took: 0.039 s
2026-03-11 15:05:22.822 | DEBUG    | __main__:_tick:497 - [View planning] Took: 0.039 s
2026-03-11 15:05:23.828 | DEBUG    | __main__:_tick:497 - [View planning] Took: 0.039 s
2026-03-11 15:05:24.828 | DEBUG    | __main__:_tick:497 - [View planning] Took: 0.045 s
2026-03-11 15:05:25.828 | DEBUG    | __main__:_tick:497 - [View planning] Took: 0.045 s
2026-03-11 15:05:26.828 | DEBUG    | __main__:_tick:497 - [View planning] Took: 0.045 s
2026-03-11 15:05:27.828 | DEBUG    | __main__:_tick:497 - [View planning] Took: 0.045 s
2026-03-11 15:05:28.828 | DEBUG    | __main__:_tick:497 - [View planning] Took: 0.045 s
2026-03-11 15:05:29.829 | DEBUG    | __main__:_tick:497 - [View planning] Took: 0.045 s
2026-03-11 15:05:30.829 | DEBUG    | __main__:_tick:497 - [View planning] Took: 0.045 s
2026-03-11 15:05:31.828 | DEBUG    | __main__:_tick:497 - [View planning] Took: 0.045 s
2026-03-11 15:05:32.829 | DEBUG    | __main__:_tick:497 - [View planning] Took: 0.046 s
2026-03-11 15:05:33.829 | DEBUG    | __main__:_tick:497 - [View planning] Took: 0.046 s
2026-03-11 15:05:34.828 | DEBUG    | __main__:_tick:497 - [View planning] Took: 0.044 s
2026-03-11 15:05:35.830 | DEBUG    | __main__:_tick:497 - [View planning] Took: 0.046 s
2026-03-11 15:05:36.822 | DEBUG    | __main__:_tick:497 - [View planning] Took: 0.039 s
2026-03-11 15:05:37.823 | DEBUG    | __main__:_tick:497 - [View planning] Took: 0.039 s
2026-03-11 15:05:38.822 | DEBUG    | __main__:_tick:497 - [View planning] Took: 0.039 s
2026-03-11 15:05:39.828 | DEBUG    | __main__:_tick:497 - [View planning] Took: 0.039 s
2026-03-11 15:05:40.828 | DEBUG    | __main__:_tick:497 - [View planning] Took: 0.044 s
2026-03-11 15:05:41.829 | DEBUG    | __main__:_tick:497 - [View planning] Took: 0.045 s
2026-03-11 15:05:42.829 | DEBUG    | __main__:_tick:497 - [View planning] Took: 0.046 s
2026-03-11 15:05:43.828 | DEBUG    | __main__:_tick:497 - [View planning] Took: 0.045 s
2026-03-11 15:05:44.828 | DEBUG    | __main__:_tick:497 - [View planning] Took: 0.045 s
2026-03-11 15:05:45.828 | DEBUG    | __main__:_tick:497 - [View planning] Took: 0.045 s
2026-03-11 15:05:46.828 | DEBUG    | __main__:_tick:497 - [View planning] Took: 0.045 s
2026-03-11 15:05:47.829 | DEBUG    | __main__:_tick:497 - [View planning] Took: 0.046 s
2026-03-11 15:05:48.829 | DEBUG    | __main__:_tick:497 - [View planning] Took: 0.045 s
2026-03-11 15:05:49.828 | DEBUG    | __main__:_tick:497 - [View planning] Took: 0.045 s
2026-03-11 15:05:50.828 | DEBUG    | __main__:_tick:497 - [View planning] Took: 0.044 s
2026-03-11 15:05:51.828 | DEBUG    | __main__:_tick:497 - [View planning] Took: 0.045 s
2026-03-11 15:05:52.823 | DEBUG    | __main__:_tick:497 - [View planning] Took: 0.039 s
2026-03-11 15:05:53.823 | DEBUG    | __main__:_tick:497 - [View planning] Took: 0.040 s
2026-03-11 15:05:54.823 | DEBUG    | __main__:_tick:497 - [View planning] Took: 0.040 s
2026-03-11 15:05:55.828 | DEBUG    | __main__:_tick:497 - [View planning] Took: 0.039 s
2026-03-11 15:05:56.828 | DEBUG    | __main__:_tick:497 - [View planning] Took: 0.044 s
2026-03-11 15:05:57.832 | DEBUG    | __main__:_tick:497 - [View planning] Took: 0.046 s
2026-03-11 15:05:58.829 | DEBUG    | __main__:_tick:497 - [View planning] Took: 0.045 s
2026-03-11 15:05:59.829 | DEBUG    | __main__:_tick:497 - [View planning] Took: 0.045 s
2026-03-11 15:06:00.829 | DEBUG    | __main__:_tick:497 - [View planning] Took: 0.045 s
2026-03-11 15:06:01.830 | DEBUG    | __main__:_tick:497 - [View planning] Took: 0.046 s
2026-03-11 15:06:02.835 | DEBUG    | __main__:_tick:497 - [View planning] Took: 0.045 s
2026-03-11 15:06:03.829 | DEBUG    | __main__:_tick:497 - [View planning] Took: 0.045 s
2026-03-11 15:06:04.831 | DEBUG    | __main__:_tick:497 - [View planning] Took: 0.045 s
2026-03-11 15:06:05.821 | DEBUG    | __main__:_tick:497 - [View planning] Took: 0.038 s
2026-03-11 15:06:06.826 | DEBUG    | __main__:_tick:497 - [View planning] Took: 0.037 s
2026-03-11 15:06:07.825 | DEBUG    | __main__:_tick:497 - [View planning] Took: 0.042 s
2026-03-11 15:06:08.824 | DEBUG    | __main__:_tick:497 - [View planning] Took: 0.041 s
2026-03-11 15:06:09.832 | DEBUG    | __main__:_tick:497 - [View planning] Took: 0.046 s
2026-03-11 15:06:10.833 | DEBUG    | __main__:_tick:497 - [View planning] Took: 0.047 s
2026-03-11 15:06:11.831 | DEBUG    | __main__:_tick:497 - [View planning] Took: 0.048 s
2026-03-11 15:06:12.830 | DEBUG    | __main__:_tick:497 - [View planning] Took: 0.047 s
2026-03-11 15:06:13.834 | DEBUG    | __main__:_tick:497 - [View planning] Took: 0.046 s
2026-03-11 15:06:14.833 | DEBUG    | __main__:_tick:497 - [View planning] Took: 0.048 s
2026-03-11 15:06:15.831 | DEBUG    | __main__:_tick:497 - [View planning] Took: 0.045 s
2026-03-11 15:06:16.820 | DEBUG    | __main__:_tick:497 - [View planning] Took: 0.038 s
2026-03-11 15:06:17.818 | DEBUG    | __main__:_tick:497 - [View planning] Took: 0.037 s
2026-03-11 15:06:18.823 | DEBUG    | __main__:_tick:497 - [View planning] Took: 0.036 s
2026-03-11 15:06:19.825 | DEBUG    | __main__:_tick:497 - [View planning] Took: 0.044 s
2026-03-11 15:06:20.823 | DEBUG    | __main__:_tick:497 - [View planning] Took: 0.041 s
2026-03-11 15:06:21.833 | DEBUG    | __main__:_tick:497 - [View planning] Took: 0.046 s
2026-03-11 15:06:22.821 | DEBUG    | __main__:_tick:497 - [View planning] Took: 0.040 s
2026-03-11 15:06:23.819 | DEBUG    | __main__:_tick:497 - [View planning] Took: 0.033 s
2026-03-11 15:06:24.819 | DEBUG    | __main__:_tick:497 - [View planning] Took: 0.039 s
2026-03-11 15:06:25.820 | DEBUG    | __main__:_tick:497 - [View planning] Took: 0.039 s
2026-03-11 15:06:26.822 | DEBUG    | __main__:_tick:497 - [View planning] Took: 0.035 s
2026-03-11 15:06:27.827 | DEBUG    | __main__:_tick:497 - [View planning] Took: 0.041 s
2026-03-11 15:06:28.823 | DEBUG    | __main__:_tick:497 - [View planning] Took: 0.041 s
2026-03-11 15:06:29.825 | DEBUG    | __main__:_tick:497 - [View planning] Took: 0.035 s
2026-03-11 15:06:30.819 | DEBUG    | __main__:_tick:497 - [View planning] Took: 0.037 s
2026-03-11 15:06:31.829 | DEBUG    | __main__:_tick:497 - [View planning] Took: 0.042 s
2026-03-11 15:06:32.829 | DEBUG    | __main__:_tick:497 - [View planning] Took: 0.045 s
2026-03-11 15:06:33.829 | DEBUG    | __main__:_tick:497 - [View planning] Took: 0.046 s
2026-03-11 15:06:34.827 | DEBUG    | __main__:_tick:497 - [View planning] Took: 0.044 s
2026-03-11 15:06:35.827 | DEBUG    | __main__:_tick:497 - [View planning] Took: 0.045 s
2026-03-11 15:06:36.832 | DEBUG    | __main__:_tick:497 - [View planning] Took: 0.045 s
2026-03-11 15:06:37.833 | DEBUG    | __main__:_tick:497 - [View planning] Took: 0.045 s
2026-03-11 15:06:38.826 | DEBUG    | __main__:_tick:497 - [View planning] Took: 0.045 s
2026-03-11 15:06:39.825 | DEBUG    | __main__:_tick:497 - [View planning] Took: 0.044 s
2026-03-11 15:06:40.829 | DEBUG    | __main__:_tick:497 - [View planning] Took: 0.048 s
2026-03-11 15:06:41.825 | DEBUG    | __main__:_tick:497 - [View planning] Took: 0.044 s
2026-03-11 15:06:42.824 | DEBUG    | __main__:_tick:497 - [View planning] Took: 0.043 s
2026-03-11 15:06:43.824 | DEBUG    | __main__:_tick:497 - [View planning] Took: 0.041 s
2026-03-11 15:06:44.824 | DEBUG    | __main__:_tick:497 - [View planning] Took: 0.041 s
2026-03-11 15:06:45.839 | DEBUG    | __main__:_tick:497 - [View planning] Took: 0.058 s
2026-03-11 15:06:46.815 | DEBUG    | __main__:_tick:497 - [View planning] Took: 0.034 s
2026-03-11 15:06:47.814 | DEBUG    | __main__:_tick:497 - [View planning] Took: 0.033 s
2026-03-11 15:06:48.823 | DEBUG    | __main__:_tick:497 - [View planning] Took: 0.040 s
2026-03-11 15:06:49.824 | DEBUG    | __main__:_tick:497 - [View planning] Took: 0.041 s
2026-03-11 15:06:50.820 | DEBUG    | __main__:_tick:497 - [View planning] Took: 0.040 s
2026-03-11 15:06:51.814 | DEBUG    | __main__:_tick:497 - [View planning] Took: 0.034 s
2026-03-11 15:06:52.820 | DEBUG    | __main__:_tick:497 - [View planning] Took: 0.034 s
2026-03-11 15:06:53.820 | DEBUG    | __main__:_tick:497 - [View planning] Took: 0.040 s
2026-03-11 15:06:54.820 | DEBUG    | __main__:_tick:497 - [View planning] Took: 0.040 s
2026-03-11 15:06:55.819 | DEBUG    | __main__:_tick:497 - [View planning] Took: 0.039 s
2026-03-11 15:06:56.814 | DEBUG    | __main__:_tick:497 - [View planning] Took: 0.034 s
2026-03-11 15:06:57.820 | DEBUG    | __main__:_tick:497 - [View planning] Took: 0.040 s
2026-03-11 15:06:58.820 | DEBUG    | __main__:_tick:497 - [View planning] Took: 0.040 s
2026-03-11 15:06:59.823 | DEBUG    | __main__:_tick:497 - [View planning] Took: 0.042 s
2026-03-11 15:07:00.821 | DEBUG    | __main__:_tick:497 - [View planning] Took: 0.040 s
2026-03-11 15:07:01.814 | DEBUG    | __main__:_tick:497 - [View planning] Took: 0.034 s
2026-03-11 15:07:02.822 | DEBUG    | __main__:_tick:497 - [View planning] Took: 0.041 s
2026-03-11 15:07:03.828 | DEBUG    | __main__:_tick:497 - [View planning] Took: 0.044 s
2026-03-11 15:07:04.821 | DEBUG    | __main__:_tick:497 - [View planning] Took: 0.040 s
2026-03-11 15:07:05.820 | DEBUG    | __main__:_tick:497 - [View planning] Took: 0.040 s
2026-03-11 15:07:06.814 | DEBUG    | __main__:_tick:497 - [View planning] Took: 0.034 s
2026-03-11 15:07:07.854 | DEBUG    | __main__:_tick:497 - [View planning] Took: 0.060 s
2026-03-11 15:07:08.820 | DEBUG    | __main__:_tick:497 - [View planning] Took: 0.040 s
2026-03-11 15:07:09.820 | DEBUG    | __main__:_tick:497 - [View planning] Took: 0.040 s
2026-03-11 15:07:10.820 | DEBUG    | __main__:_tick:497 - [View planning] Took: 0.040 s
2026-03-11 15:07:11.814 | DEBUG    | __main__:_tick:497 - [View planning] Took: 0.034 s
2026-03-11 15:07:12.820 | DEBUG    | __main__:_tick:497 - [View planning] Took: 0.040 s
2026-03-11 15:07:13.820 | DEBUG    | __main__:_tick:497 - [View planning] Took: 0.040 s
2026-03-11 15:07:14.820 | DEBUG    | __main__:_tick:497 - [View planning] Took: 0.040 s
2026-03-11 15:07:15.820 | DEBUG    | __main__:_tick:497 - [View planning] Took: 0.040 s
2026-03-11 15:07:16.814 | DEBUG    | __main__:_tick:497 - [View planning] Took: 0.034 s
2026-03-11 15:07:17.820 | DEBUG    | __main__:_tick:497 - [View planning] Took: 0.040 s
2026-03-11 15:07:18.821 | DEBUG    | __main__:_tick:497 - [View planning] Took: 0.040 s
2026-03-11 15:07:19.820 | DEBUG    | __main__:_tick:497 - [View planning] Took: 0.040 s
2026-03-11 15:07:20.825 | DEBUG    | __main__:_tick:497 - [View planning] Took: 0.041 s
2026-03-11 15:07:21.823 | DEBUG    | __main__:_tick:497 - [View planning] Took: 0.035 s
2026-03-11 15:07:22.820 | DEBUG    | __main__:_tick:497 - [View planning] Took: 0.040 s
2026-03-11 15:07:23.820 | DEBUG    | __main__:_tick:497 - [View planning] Took: 0.040 s
2026-03-11 15:07:24.821 | DEBUG    | __main__:_tick:497 - [View planning] Took: 0.040 s
2026-03-11 15:07:25.820 | DEBUG    | __main__:_tick:497 - [View planning] Took: 0.039 s
2026-03-11 15:07:26.814 | DEBUG    | __main__:_tick:497 - [View planning] Took: 0.034 s
2026-03-11 15:07:27.821 | DEBUG    | __main__:_tick:497 - [View planning] Took: 0.041 s
2026-03-11 15:07:28.823 | DEBUG    | __main__:_tick:497 - [View planning] Took: 0.040 s
2026-03-11 15:07:29.820 | DEBUG    | __main__:_tick:497 - [View planning] Took: 0.039 s
2026-03-11 15:07:30.821 | DEBUG    | __main__:_tick:497 - [View planning] Took: 0.040 s
2026-03-11 15:07:31.814 | DEBUG    | __main__:_tick:497 - [View planning] Took: 0.034 s
2026-03-11 15:07:32.820 | DEBUG    | __main__:_tick:497 - [View planning] Took: 0.039 s
2026-03-11 15:07:33.820 | DEBUG    | __main__:_tick:497 - [View planning] Took: 0.040 s
2026-03-11 15:07:34.820 | DEBUG    | __main__:_tick:497 - [View planning] Took: 0.039 s
2026-03-11 15:07:35.819 | DEBUG    | __main__:_tick:497 - [View planning] Took: 0.039 s
2026-03-11 15:07:36.814 | DEBUG    | __main__:_tick:497 - [View planning] Took: 0.034 s
2026-03-11 15:07:37.820 | DEBUG    | __main__:_tick:497 - [View planning] Took: 0.039 s
2026-03-11 15:07:38.820 | DEBUG    | __main__:_tick:497 - [View planning] Took: 0.039 s
2026-03-11 15:07:39.821 | DEBUG    | __main__:_tick:497 - [View planning] Took: 0.040 s
2026-03-11 15:07:40.829 | DEBUG    | __main__:_tick:497 - [View planning] Took: 0.047 s
2026-03-11 15:07:41.815 | DEBUG    | __main__:_tick:497 - [View planning] Took: 0.034 s
2026-03-11 15:07:42.820 | DEBUG    | __main__:_tick:497 - [View planning] Took: 0.039 s
2026-03-11 15:07:43.823 | DEBUG    | __main__:_tick:497 - [View planning] Took: 0.042 s
2026-03-11 15:07:44.820 | DEBUG    | __main__:_tick:497 - [View planning] Took: 0.039 s
2026-03-11 15:07:45.825 | DEBUG    | __main__:_tick:497 - [View planning] Took: 0.045 s
2026-03-11 15:07:46.818 | DEBUG    | __main__:_tick:497 - [View planning] Took: 0.037 s
2026-03-11 15:07:47.821 | DEBUG    | __main__:_tick:497 - [View planning] Took: 0.041 s
2026-03-11 15:07:48.821 | DEBUG    | __main__:_tick:497 - [View planning] Took: 0.040 s
2026-03-11 15:07:49.821 | DEBUG    | __main__:_tick:497 - [View planning] Took: 0.040 s
2026-03-11 15:07:50.821 | DEBUG    | __main__:_tick:497 - [View planning] Took: 0.040 s
2026-03-11 15:07:51.815 | DEBUG    | __main__:_tick:497 - [View planning] Took: 0.034 s
2026-03-11 15:07:52.820 | DEBUG    | __main__:_tick:497 - [View planning] Took: 0.040 s
2026-03-11 15:07:53.820 | DEBUG    | __main__:_tick:497 - [View planning] Took: 0.040 s
2026-03-11 15:07:54.820 | DEBUG    | __main__:_tick:497 - [View planning] Took: 0.040 s
2026-03-11 15:07:55.821 | DEBUG    | __main__:_tick:497 - [View planning] Took: 0.041 s
2026-03-11 15:07:56.815 | DEBUG    | __main__:_tick:497 - [View planning] Took: 0.034 s
2026-03-11 15:07:57.820 | DEBUG    | __main__:_tick:497 - [View planning] Took: 0.040 s
2026-03-11 15:07:58.820 | DEBUG    | __main__:_tick:497 - [View planning] Took: 0.040 s
2026-03-11 15:07:59.820 | DEBUG    | __main__:_tick:497 - [View planning] Took: 0.040 s
2026-03-11 15:08:00.821 | DEBUG    | __main__:_tick:497 - [View planning] Took: 0.040 s
2026-03-11 15:08:01.814 | DEBUG    | __main__:_tick:497 - [View planning] Took: 0.034 s
2026-03-11 15:08:02.820 | DEBUG    | __main__:_tick:497 - [View planning] Took: 0.040 s
2026-03-11 15:08:03.820 | DEBUG    | __main__:_tick:497 - [View planning] Took: 0.040 s
2026-03-11 15:08:04.820 | DEBUG    | __main__:_tick:497 - [View planning] Took: 0.040 s
2026-03-11 15:08:05.819 | DEBUG    | __main__:_tick:497 - [View planning] Took: 0.039 s
2026-03-11 15:08:06.814 | DEBUG    | __main__:_tick:497 - [View planning] Took: 0.034 s
2026-03-11 15:08:07.820 | DEBUG    | __main__:_tick:497 - [View planning] Took: 0.039 s
2026-03-11 15:08:08.820 | DEBUG    | __main__:_tick:497 - [View planning] Took: 0.040 s
2026-03-11 15:08:09.821 | DEBUG    | __main__:_tick:497 - [View planning] Took: 0.040 s
2026-03-11 15:08:10.821 | DEBUG    | __main__:_tick:497 - [View planning] Took: 0.040 s
2026-03-11 15:08:11.814 | DEBUG    | __main__:_tick:497 - [View planning] Took: 0.034 s
2026-03-11 15:08:12.820 | DEBUG    | __main__:_tick:497 - [View planning] Took: 0.040 s
2026-03-11 15:08:13.820 | DEBUG    | __main__:_tick:497 - [View planning] Took: 0.039 s
2026-03-11 15:08:14.820 | DEBUG    | __main__:_tick:497 - [View planning] Took: 0.040 s
2026-03-11 15:08:15.820 | DEBUG    | __main__:_tick:497 - [View planning] Took: 0.039 s
2026-03-11 15:08:16.814 | DEBUG    | __main__:_tick:497 - [View planning] Took: 0.034 s
2026-03-11 15:08:17.820 | DEBUG    | __main__:_tick:497 - [View planning] Took: 0.040 s
2026-03-11 15:08:18.820 | DEBUG    | __main__:_tick:497 - [View planning] Took: 0.040 s
2026-03-11 15:08:19.820 | DEBUG    | __main__:_tick:497 - [View planning] Took: 0.040 s
2026-03-11 15:08:20.821 | DEBUG    | __main__:_tick:497 - [View planning] Took: 0.040 s
2026-03-11 15:08:21.814 | DEBUG    | __main__:_tick:497 - [View planning] Took: 0.034 s
2026-03-11 15:08:22.820 | DEBUG    | __main__:_tick:497 - [View planning] Took: 0.039 s
2026-03-11 15:08:23.821 | DEBUG    | __main__:_tick:497 - [View planning] Took: 0.041 s
2026-03-11 15:08:24.820 | DEBUG    | __main__:_tick:497 - [View planning] Took: 0.040 s
2026-03-11 15:08:25.820 | DEBUG    | __main__:_tick:497 - [View planning] Took: 0.039 s
2026-03-11 15:08:26.814 | DEBUG    | __main__:_tick:497 - [View planning] Took: 0.034 s
2026-03-11 15:08:27.821 | DEBUG    | __main__:_tick:497 - [View planning] Took: 0.041 s
2026-03-11 15:08:28.820 | DEBUG    | __main__:_tick:497 - [View planning] Took: 0.040 s
2026-03-11 15:08:29.825 | DEBUG    | __main__:_tick:497 - [View planning] Took: 0.040 s
2026-03-11 15:08:30.828 | DEBUG    | __main__:_tick:497 - [View planning] Took: 0.040 s
2026-03-11 15:08:31.815 | DEBUG    | __main__:_tick:497 - [View planning] Took: 0.034 s
2026-03-11 15:08:32.819 | DEBUG    | __main__:_tick:497 - [View planning] Took: 0.034 s
2026-03-11 15:08:33.820 | DEBUG    | __main__:_tick:497 - [View planning] Took: 0.041 s
2026-03-11 15:08:34.821 | DEBUG    | __main__:_tick:497 - [View planning] Took: 0.040 s
2026-03-11 15:08:35.821 | DEBUG    | __main__:_tick:497 - [View planning] Took: 0.042 s
2026-03-11 15:08:36.822 | DEBUG    | __main__:_tick:497 - [View planning] Took: 0.042 s
2026-03-11 15:08:37.825 | DEBUG    | __main__:_tick:497 - [View planning] Took: 0.042 s
2026-03-11 15:08:38.821 | DEBUG    | __main__:_tick:497 - [View planning] Took: 0.041 s
2026-03-11 15:08:39.817 | DEBUG    | __main__:_tick:497 - [View planning] Took: 0.038 s
2026-03-11 15:08:40.821 | DEBUG    | __main__:_tick:497 - [View planning] Took: 0.041 s
2026-03-11 15:08:41.814 | DEBUG    | __main__:_tick:497 - [View planning] Took: 0.034 s
2026-03-11 15:08:42.818 | DEBUG    | __main__:_tick:497 - [View planning] Took: 0.032 s
2026-03-11 15:08:43.818 | DEBUG    | __main__:_tick:497 - [View planning] Took: 0.039 s
2026-03-11 15:08:44.818 | DEBUG    | __main__:_tick:497 - [View planning] Took: 0.039 s
2026-03-11 15:08:45.820 | DEBUG    | __main__:_tick:497 - [View planning] Took: 0.038 s
2026-03-11 15:08:46.812 | DEBUG    | __main__:_tick:497 - [View planning] Took: 0.033 s
2026-03-11 15:08:47.818 | DEBUG    | __main__:_tick:497 - [View planning] Took: 0.039 s
2026-03-11 15:08:48.817 | DEBUG    | __main__:_tick:497 - [View planning] Took: 0.038 s
2026-03-11 15:08:49.817 | DEBUG    | __main__:_tick:497 - [View planning] Took: 0.039 s
2026-03-11 15:08:50.817 | DEBUG    | __main__:_tick:497 - [View planning] Took: 0.039 s
2026-03-11 15:08:51.811 | DEBUG    | __main__:_tick:497 - [View planning] Took: 0.033 s
2026-03-11 15:08:52.818 | DEBUG    | __main__:_tick:497 - [View planning] Took: 0.039 s
2026-03-11 15:08:53.817 | DEBUG    | __main__:_tick:497 - [View planning] Took: 0.038 s
2026-03-11 15:08:54.818 | DEBUG    | __main__:_tick:497 - [View planning] Took: 0.039 s
2026-03-11 15:08:55.813 | DEBUG    | __main__:_tick:497 - [View planning] Took: 0.033 s
2026-03-11 15:08:56.812 | DEBUG    | __main__:_tick:497 - [View planning] Took: 0.033 s
2026-03-11 15:08:57.818 | DEBUG    | __main__:_tick:497 - [View planning] Took: 0.040 s
2026-03-11 15:08:58.818 | DEBUG    | __main__:_tick:497 - [View planning] Took: 0.039 s
2026-03-11 15:08:59.817 | DEBUG    | __main__:_tick:497 - [View planning] Took: 0.038 s
2026-03-11 15:09:00.811 | DEBUG    | __main__:_tick:497 - [View planning] Took: 0.032 s
2026-03-11 15:09:01.817 | DEBUG    | __main__:_tick:497 - [View planning] Took: 0.033 s
2026-03-11 15:09:02.817 | DEBUG    | __main__:_tick:497 - [View planning] Took: 0.038 s
2026-03-11 15:09:03.817 | DEBUG    | __main__:_tick:497 - [View planning] Took: 0.039 s
2026-03-11 15:09:04.817 | DEBUG    | __main__:_tick:497 - [View planning] Took: 0.039 s
2026-03-11 15:09:05.812 | DEBUG    | __main__:_tick:497 - [View planning] Took: 0.033 s
2026-03-11 15:09:06.818 | DEBUG    | __main__:_tick:497 - [View planning] Took: 0.033 s
2026-03-11 15:09:07.818 | DEBUG    | __main__:_tick:497 - [View planning] Took: 0.039 s
2026-03-11 15:09:08.818 | DEBUG    | __main__:_tick:497 - [View planning] Took: 0.039 s
2026-03-11 15:09:09.817 | DEBUG    | __main__:_tick:497 - [View planning] Took: 0.039 s
2026-03-11 15:09:10.813 | DEBUG    | __main__:_tick:497 - [View planning] Took: 0.034 s
2026-03-11 15:09:11.818 | DEBUG    | __main__:_tick:497 - [View planning] Took: 0.033 s
2026-03-11 15:09:12.818 | DEBUG    | __main__:_tick:497 - [View planning] Took: 0.039 s
2026-03-11 15:09:13.817 | DEBUG    | __main__:_tick:497 - [View planning] Took: 0.039 s
2026-03-11 15:09:14.820 | DEBUG    | __main__:_tick:497 - [View planning] Took: 0.039 s
2026-03-11 15:09:15.811 | DEBUG    | __main__:_tick:497 - [View planning] Took: 0.032 s
2026-03-11 15:09:16.819 | DEBUG    | __main__:_tick:497 - [View planning] Took: 0.037 s
2026-03-11 15:09:17.817 | DEBUG    | __main__:_tick:497 - [View planning] Took: 0.038 s
2026-03-11 15:09:18.809 | DEBUG    | __main__:_tick:497 - [View planning] Took: 0.030 s
2026-03-11 15:09:19.818 | DEBUG    | __main__:_tick:497 - [View planning] Took: 0.038 s
2026-03-11 15:09:20.812 | DEBUG    | __main__:_tick:497 - [View planning] Took: 0.032 s
2026-03-11 15:09:21.817 | DEBUG    | __main__:_tick:497 - [View planning] Took: 0.031 s
2026-03-11 15:09:22.817 | DEBUG    | __main__:_tick:497 - [View planning] Took: 0.037 s
2026-03-11 15:09:23.810 | DEBUG    | __main__:_tick:497 - [View planning] Took: 0.030 s
2026-03-11 15:09:24.820 | DEBUG    | __main__:_tick:497 - [View planning] Took: 0.038 s
2026-03-11 15:09:25.811 | DEBUG    | __main__:_tick:497 - [View planning] Took: 0.031 s
2026-03-11 15:09:26.817 | DEBUG    | __main__:_tick:497 - [View planning] Took: 0.031 s
2026-03-11 15:09:27.816 | DEBUG    | __main__:_tick:497 - [View planning] Took: 0.037 s
2026-03-11 15:09:28.811 | DEBUG    | __main__:_tick:497 - [View planning] Took: 0.031 s
2026-03-11 15:09:29.817 | DEBUG    | __main__:_tick:497 - [View planning] Took: 0.037 s
2026-03-11 15:09:30.811 | DEBUG    | __main__:_tick:497 - [View planning] Took: 0.031 s
2026-03-11 15:09:31.817 | DEBUG    | __main__:_tick:497 - [View planning] Took: 0.031 s
2026-03-11 15:09:32.817 | DEBUG    | __main__:_tick:497 - [View planning] Took: 0.037 s
2026-03-11 15:09:33.811 | DEBUG    | __main__:_tick:497 - [View planning] Took: 0.031 s
2026-03-11 15:09:34.817 | DEBUG    | __main__:_tick:497 - [View planning] Took: 0.037 s
2026-03-11 15:09:35.811 | DEBUG    | __main__:_tick:497 - [View planning] Took: 0.031 s
2026-03-11 15:09:36.817 | DEBUG    | __main__:_tick:497 - [View planning] Took: 0.031 s
2026-03-11 15:09:37.817 | DEBUG    | __main__:_tick:497 - [View planning] Took: 0.037 s
2026-03-11 15:09:38.811 | DEBUG    | __main__:_tick:497 - [View planning] Took: 0.031 s
2026-03-11 15:09:39.817 | DEBUG    | __main__:_tick:497 - [View planning] Took: 0.037 s
2026-03-11 15:09:40.817 | DEBUG    | __main__:_tick:497 - [View planning] Took: 0.037 s
2026-03-11 15:09:41.810 | DEBUG    | __main__:_tick:497 - [View planning] Took: 0.031 s
2026-03-11 15:09:42.817 | DEBUG    | __main__:_tick:497 - [View planning] Took: 0.037 s
2026-03-11 15:09:43.811 | DEBUG    | __main__:_tick:497 - [View planning] Took: 0.031 s
2026-03-11 15:09:44.817 | DEBUG    | __main__:_tick:497 - [View planning] Took: 0.037 s
2026-03-11 15:09:45.817 | DEBUG    | __main__:_tick:497 - [View planning] Took: 0.038 s
2026-03-11 15:09:46.822 | DEBUG    | __main__:_tick:497 - [View planning] Took: 0.041 s
2026-03-11 15:09:47.817 | DEBUG    | __main__:_tick:497 - [View planning] Took: 0.037 s
2026-03-11 15:09:48.811 | DEBUG    | __main__:_tick:497 - [View planning] Took: 0.032 s
2026-03-11 15:09:49.816 | DEBUG    | __main__:_tick:497 - [View planning] Took: 0.031 s
2026-03-11 15:09:50.817 | DEBUG    | __main__:_tick:497 - [View planning] Took: 0.037 s
2026-03-11 15:09:51.811 | DEBUG    | __main__:_tick:497 - [View planning] Took: 0.031 s
2026-03-11 15:09:52.818 | DEBUG    | __main__:_tick:497 - [View planning] Took: 0.038 s
2026-03-11 15:09:53.811 | DEBUG    | __main__:_tick:497 - [View planning] Took: 0.031 s
2026-03-11 15:09:54.811 | DEBUG    | __main__:_tick:497 - [View planning] Took: 0.031 s
2026-03-11 15:09:55.817 | DEBUG    | __main__:_tick:497 - [View planning] Took: 0.037 s
2026-03-11 15:09:56.811 | DEBUG    | __main__:_tick:497 - [View planning] Took: 0.031 s
2026-03-11 15:09:57.817 | DEBUG    | __main__:_tick:497 - [View planning] Took: 0.037 s
2026-03-11 15:09:58.817 | DEBUG    | __main__:_tick:497 - [View planning] Took: 0.038 s
2026-03-11 15:09:59.811 | DEBUG    | __main__:_tick:497 - [View planning] Took: 0.031 s
2026-03-11 15:10:00.818 | DEBUG    | __main__:_tick:497 - [View planning] Took: 0.038 s
2026-03-11 15:10:01.815 | DEBUG    | __main__:_tick:497 - [View planning] Took: 0.031 s
2026-03-11 15:10:02.818 | DEBUG    | __main__:_tick:497 - [View planning] Took: 0.038 s
2026-03-11 15:10:03.816 | DEBUG    | __main__:_tick:497 - [View planning] Took: 0.037 s
2026-03-11 15:10:04.811 | DEBUG    | __main__:_tick:497 - [View planning] Took: 0.031 s
2026-03-11 15:10:05.818 | DEBUG    | __main__:_tick:497 - [View planning] Took: 0.038 s
2026-03-11 15:10:06.811 | DEBUG    | __main__:_tick:497 - [View planning] Took: 0.031 s
2026-03-11 15:10:07.811 | DEBUG    | __main__:_tick:497 - [View planning] Took: 0.031 s
2026-03-11 15:10:08.818 | DEBUG    | __main__:_tick:497 - [View planning] Took: 0.038 s
2026-03-11 15:10:09.812 | DEBUG    | __main__:_tick:497 - [View planning] Took: 0.031 s
2026-03-11 15:10:10.817 | DEBUG    | __main__:_tick:497 - [View planning] Took: 0.037 s
2026-03-11 15:10:11.811 | DEBUG    | __main__:_tick:497 - [View planning] Took: 0.031 s
2026-03-11 15:10:12.811 | DEBUG    | __main__:_tick:497 - [View planning] Took: 0.031 s
2026-03-11 15:10:13.818 | DEBUG    | __main__:_tick:497 - [View planning] Took: 0.039 s
2026-03-11 15:10:14.811 | DEBUG    | __main__:_tick:497 - [View planning] Took: 0.031 s
2026-03-11 15:10:15.817 | DEBUG    | __main__:_tick:497 - [View planning] Took: 0.037 s
2026-03-11 15:10:16.817 | DEBUG    | __main__:_tick:497 - [View planning] Took: 0.037 s
2026-03-11 15:10:17.811 | DEBUG    | __main__:_tick:497 - [View planning] Took: 0.031 s
2026-03-11 15:10:18.817 | DEBUG    | __main__:_tick:497 - [View planning] Took: 0.037 s
2026-03-11 15:10:19.811 | DEBUG    | __main__:_tick:497 - [View planning] Took: 0.031 s
2026-03-11 15:10:20.817 | DEBUG    | __main__:_tick:497 - [View planning] Took: 0.038 s
